adc_id,adc_name,status,indication,antibody,payload,linker,antibody_id,payload_id,linker_id
DRG0CQUKB,CAN016,Phase 1/2,Unspecific solid tumor,Trastuzumab,Exatecan; MMAE,Undisclosed,ANI0FIZAK,PAY0DJEVU,
DRG0JFGYQ,caxmotabart entudotin,Phase 3,Breast cancer,Trastuzumab,Monomethyl auristatin F,β-glucuronide linker,ANI0FIZAK,PAY0QLDVX,LIN0SXVHL
DRG0JKVMP,T-VDXd,Investigative,,Trastuzumab,DXd,Mc-Val-Ala,ANI0FIZAK,PAY0WSZPJ,LIN0ENDIF
DRG0PESEJ,Trastuzumab vedotin,Phase 3,Urothelial cancer,MAB802,Monomethyl auristatin E,Mc-Val-Cit-PABC,ANI0NMRGS,PAY0FSXOW,LIN0SQEDQ
DRG0CECRA,Trastuzumab rezetecan,Approved in 2025,Lung cancer,Trastuzumab,SHR9265,Mc-Gly-Gly-Phe-Gly,ANI0FIZAK,PAY0CJNCU,LIN0ECMCR
DRG0CYMEB,Trastuzumab emtansine,Approved in 2013,Breast cancer,Trastuzumab,DM1,Succinimidyl-4-(N-maleimidomethyl)cyclohexane-1-carboxylate (SMCC),ANI0FIZAK,PAY0VZVPQ,LIN0EBJON
DRG0ERKBH,Trastuzumab deruxtecan,Approved in 2019,Breast cancer,Trastuzumab,DXd,Mc-Gly-Gly-Phe-Gly,ANI0FIZAK,PAY0WSZPJ,LIN0ECMCR
DRG0JEVIM,Disitamab vedotin,Approved in 2021,Gastric cancer,Hertuzumab,Monomethyl auristatin E,Mc-Val-Cit-PABC,ANI0XSOTX,PAY0FSXOW,LIN0SQEDQ
DRG0ENYRQ,Trastuzumab pamirtecan,New Drug Application,Breast cancer,BAT-0606,P1003,Mc-Gly-Gly-Phe-Gly,ANTI0FFLAI,PAY0XXDJK,LIN0ECMCR
DRG0CRYVT,Trastuzumab envedotin,Phase 3,Breast cancer,Trastuzumab,Monomethyl auristatin E,NH2-PEG3-Val-Cit-PABC,ANI0FIZAK,PAY0FSXOW,LIN0LWOKO
DRG0EJBII,Trastuzumab brengitecan,Phase 3,Gastroesophageal junction adenocarcinoma,Trastuzumab,Ed-04,Gly-Mal-Gly-Gly-Phe-Gly,ANI0FIZAK,PAY0MLHTC,LIN0AQXSY
DRG0THGAW,Trastuzumab duocarmazine,New Drug Application (discontinued),Breast cancer,Trastuzumab,Seco-DUBA,Mal-PEG2-Val-Cit-PABA-Cyclization Spacer,ANI0FIZAK,PAY0SOSMQ,LIN0HGTZQ
DRG0UHUMZ,Trastuzumab bultecan,Phase 3,Peritoneal cancer,Trastuzumab,NT1,"PODS-CHX-A""-DTPA",ANI0FIZAK,PAY0IIIEN,LIN0LHYHG
DRG0FMCLF,Anbenitamab repodatecan,Phase 3,Colorectal cancer,Anbenitamab,DXd,DBCO-PEG4-Mc-Gly-Gly-Phe-Gly,ANI0KCYGA,PAY0WSZPJ,LIN0WVXNJ
DRG0WGVKF,Recombinant anti-HER2 humanized mAb-DM1,Phase 1,,Undisclosed,Mertansine DM1,Undisclosed,,PAY0JCIBW,
DRG0FRFEQ,TAA-013,Phase 3 (discontinued),,Trastuzumab,Mertansine DM1,Succinimidyl-4-(N-maleimidomethyl)cyclohexane-1-carboxylate (SMCC),ANI0FIZAK,PAY0JCIBW,LIN0EBJON
DRG0ZUQNL,BAT8001,Phase 3 (discontinued),Breast cancer,BAT0606,Batansine,Maleimido-caproyl,ANI0OVIGY,PAY0LNEJH,LIN0TAFAV
DRG0YDBZU,SHR-4602,Phase 2,Unspecific solid tumor,Pertuzumab,ER300,Stable enzyme-cleavable linker,ANI0XJJLY,PAY0SNEGL,LIN0FZDWR
DRG0LNVKG,Anvatabart opadotin,Phase 2/3,Gastroesophageal junction adenocarcinoma,Anvatabart,Amberstatin 269 (AS269),Hydroxylamine-PEG4,ANI0BWGDO,PAY0LHRMR,LIN0NUXKO
DRG0KWKQC,DX126-262,Phase 2,Breast cancer,DX-CHO9,Tub114,Mal-PEG10 based linker,ANI0TCUCS,PAY0DBCXI,LIN0UANLR
DRG0PXYTA,MEDI4276,Phase 1/2 (discontinued),,MEDI-4276,AZ13599185,Maleimido-caproyl based linker,ANI0LXGFW,PAY0AKUNH,LIN0YDWRB
DRG0KTTFS,XMT-2056,Phase 1,Gastric cancer,HT-19,STING agonist,Hydrophilic linker of XMT-2056,ANTI0QAKOA,PAY0ONJLH,LIN0TUSQC
DRG0EPORB,B-003,Phase 2,,Trastuzumab,Mertansine DM1,Succinimidyl-4-(N-maleimidomethyl)cyclohexane-1-carboxylate (SMCC),ANI0FIZAK,PAY0JCIBW,LIN0EBJON
DRG0MGUUX,FDA022,Phase 2,Colorectal cancer,Trastuzumab,DXd,Mc-Val-Ala-PABC double self-immolative linker,ANI0FIZAK,PAY0WSZPJ,LIN0MURFE
DRG0BFNMH,GQ1001,Phase 1/2,,Trastuzumab variant,DM1,K'-MCC',ANI0BOAGM,PAY0VZVPQ,LIN0SZZUJ
DRG0AWQJG,PF-06804103,Phase 1 (discontinued),Gastric cancer,Trastuzumab-(κK183C+K290C),Auristatin 0101 (Aur0101),Mc-Val-Cit-PABC,ANTI0FITJT,PAY0CNXJS,LIN0SQEDQ
DRG0UIDCY,NJH395,Phase 1 (discontinued),Unspecific solid tumor,MIW338,TLR7 agonist,A non-cleavable linker,ANTI0RKEMD,PAY0DBLHH,LIN0QAKBX
DRG0RYBMQ,SHR-A1201,Phase 1,,Trastuzumab,Mertansine DM1,Succinimidyl-4-(N-maleimidomethyl)cyclohexane-1-carboxylate (SMCC),ANI0FIZAK,PAY0JCIBW,LIN0EBJON
DRG0YPVKH,Pertuzumab zuvotolimod,Phase 1/2 (discontinued),,Pertuzumab,Zuvotolimod,Mc-Val-Cit-PABC,ANI0XJJLY,PAY0VBWWP,LIN0SQEDQ
DRG0FWYLZ,Zanidatamab zovodotin,Phase 1 (discontinued),Gastroesophageal junction adenocarcinoma,Zanidatamab,ZD02044,Mc-PEG3-Val-Cit,ANI0UHCNZ,PAY0FSIWQ,LIN0KNQWV
DRG0GYNBS,XMT-1522,Phase 1 (discontinued),Gastric cancer,XMT-1519,AF-HPA,Fleximer polymer,ANI0YTLOU,PAY0HQOIZ,LIN0GVDHS
DRG0HCEEF,RG6148,Phase 1 (discontinued),Breast cancer,MHES0488A,PBD dimer,A cleavable disulfide linker,ANI0TLLFW,PAY0IJSCK,LIN0FTRKS
DRG0VBVDR,ADCT-502,Phase 1 (discontinued),Gastroesophageal junction adenocarcinoma,Trastuzumab variant,SG3199 (SC-DR002),Mal-PEG8-Val-Ala-PABC,ANI0BOAGM,PAY0XBVCC,LIN0YRUBS
DRG0YRJDY,ALT-P7,Phase 1 (discontinued),Breast cancer,Trastuzumab variant,Monomethyl auristatin E,Val-Cit dipeptide linker,ANI0BOAGM,PAY0FSXOW,LIN0YLSDZ
DRG0ABJAM,Trastuzumab-BCN-HydraSpace-Val-Cit-PABC-Gly-Calicheamicin,Investigative,,Trastuzumab,Gly-calicheamicin,BCN-HydraSpace-Val-Cit-PABC,ANI0FIZAK,PAY0CKOHR,LIN0LGSKX
DRG0AICGX,Trastuzumab-BCN-HydraSpace-Val-Ala-PABC-PBD dimer,Investigative,,Trastuzumab,PBD dimer 2,BCN-HydraSpace-Val-Ala-PABC,ANI0FIZAK,PAY0DZMXA,LIN0WLMUR
DRG0AJXIV,ADC2-43,Investigative,,Trastuzumab,ADC 2-43 payload,ADC 2-43 linker,ANI0FIZAK,PAY0RYITV,LIN0YDBPC
DRG0ARDET,ADC2-39,Investigative,,Trastuzumab,ADC 2-39 payload,ADC 2-39 linker,ANI0FIZAK,PAY0FFMRL,LIN0OVOZL
DRG0AVDEL,Trastuzumab-PNUEDAGly5,Investigative,,Trastuzumab,PNU-159682,LPETG-Gly5-EDA,ANI0FIZAK,PAY0WKBCR,LIN0MCOGM
DRG0AWCVJ,ADC2-47,Investigative,,Trastuzumab,ADC 2-47 payload,ADC 2-47 linker,ANI0FIZAK,PAY0CQPYO,LIN0XYYCV
DRG0AWYBA,Trastuzumab DVD-ADC,Investigative,,Trastuzumab,Monomethyl auristatin F,Hexapeptide linker ASTKGP,ANI0FIZAK,PAY0QLDVX,LIN0SMWAK
DRG0AZIZP,OHPAS ADC-1,Investigative,,Trastuzumab,Alpha-amanitin,Ortho-hydroxy-protected aryl sulfate,ANI0FIZAK,PAY0MZOZX,LIN0XIBCO
DRG0BNCXP,ADC2-61,Investigative,,Trastuzumab,ADC 2-61 payload,ADC 2-61 linker,ANI0FIZAK,PAY0FXFTE,LIN0CVSSH
DRG0BOEGK,T-K-F (DAR 3.9),Investigative,,Trastuzumab,Monomethyl auristatin F,Succinimidyl-4-(N-maleimidomethyl)cyclohexane-1-carboxylate (SMCC),ANI0FIZAK,PAY0QLDVX,LIN0EBJON
DRG0BRWYZ,HER-SG3249,Investigative,,Trastuzumab,SG3199,Mal-PEG8-Val-Ala-PABC,ANI0FIZAK,PAY0LZRXU,LIN0YRUBS
DRG0BWXLR,OHPAS ADC-3,Investigative,,Trastuzumab,seco-CBI-indole,Ortho-hydroxy-protected aryl sulfate,ANI0FIZAK,PAY0VZJSJ,LIN0XIBCO
DRG0CCFQS,ADC2-42-RO,Investigative,,Trastuzumab,ADC 2-42-RO payload,ADC 2-42-RO linker,ANI0FIZAK,PAY0JXQEZ,LIN0SLPBR
DRG0CCFSC,Trastuzumab-DNA mimic 4,Investigative,,Trastuzumab,Q Pho-DNA mimics,Diphenyltio-Mal-Cap,ANI0FIZAK,PAY0ZUVGY,LIN0HZYCD
DRG0CFOHZ,ADC2-56,Investigative,,Trastuzumab,ADC 2-56 payload,ADC 2-56 linker,ANI0FIZAK,PAY0JKOJY,LIN0AOECF
DRG0CIWNZ,IgG1 (trastuzumab)-vc-MMAE,Investigative,,Trastuzumab,Monomethyl auristatin E,Mc-Val-Cit-PABC,ANI0FIZAK,PAY0FSXOW,LIN0SQEDQ
DRG0CVQPH,ADC2-45,Investigative,,Trastuzumab,ADC 2-45 payload,ADC 2-45 linker,ANI0FIZAK,PAY0AKRXN,LIN0MZMHB
DRG0CWJTG,Trastuzumab-DVP-linker-MMAE 1,Investigative,,Trastuzumab,Monomethyl auristatin E,DVP-based linker 1f,ANI0FIZAK,PAY0FSXOW,LIN0TUFGH
DRG0CWQFB,Tmab-SPDP-DM1,Investigative,,Trastuzumab,Mertansine DM1,N-succinimidyl 4-(2-pyridyldithio) butanoate (SPDB),ANI0FIZAK,PAY0JCIBW,LIN0VZYER
DRG0CYYHU,"Trastuzumab-Man-beta-1,4GlcNAc-MMAE",Investigative,,Trastuzumab,Monomethyl auristatin E,"Man-beta-1,4-GlcNAc",ANI0FIZAK,PAY0FSXOW,LIN0DBWQB
DRG0CZZTF,Trastuzumab-MMAE conjugate DAR4,Investigative,,Trastuzumab,Monomethyl auristatin E,"Man-beta-1,4-GlcNAc-DBCO-PEG5-VC-PAB",ANI0FIZAK,PAY0FSXOW,LIN0QVNCR
DRG0DNFUC,Trastuzumab-MMAE conjugate DAR2,Investigative,,Trastuzumab,Monomethyl auristatin E,"Man-beta-1,4-GlcNAc-DBCO-PEG5-VC-PAB",ANI0FIZAK,PAY0FSXOW,LIN0QVNCR
DRG0DULQV,HER2 ADC-18,Investigative,,Trastuzumab,Monomethyl auristatin E,Vinylsulfonamide based linker 15,ANI0FIZAK,PAY0FSXOW,LIN0DVOII
DRG0ELTEM,T-FcBP-DM1,Investigative,,Trastuzumab,Mertansine DM1,N-terminal norbornene group pFcBP linker,ANI0FIZAK,PAY0JCIBW,LIN0PAIIV
DRG0EVIRB,Tras-Gly5-May,Investigative,,Trastuzumab,Mertansine DM1,Gly5,ANI0FIZAK,PAY0JCIBW,LIN0EXGPX
DRG0EXNGH,HER2-gsADC-46,Investigative,,Trastuzumab,Monomethyl auristatin E,ThioPz linker 6a,ANI0FIZAK,PAY0FSXOW,LIN0HFPWP
DRG0EYOCI,ADC2-60,Investigative,,Trastuzumab,ADC 2-60 payload,ADC 2-60 linker,ANI0FIZAK,PAY0NDWHK,LIN0RHBZS
DRG0EZNOG,Anti-HER2_vc-1,Investigative,,Trastuzumab,TLR7 agonist-1,Mc-Val-Cit-PABC,ANI0FIZAK,PAY0PDMRA,LIN0SQEDQ
DRG0FDHIZ,ADC2-48,Investigative,,Trastuzumab,ADC 2-48 payload,ADC 2-48 linker,ANI0FIZAK,PAY0GJQWR,LIN0CZJTM
DRG0FLMWE,ADC2-53,Investigative,,Trastuzumab,ADC 2-53 payload,ADC 2-53 linker,ANI0FIZAK,PAY0QVGLY,LIN0TFNYH
DRG0FLPYH,TTZ-1-MMAE,Investigative,,Trastuzumab,Monomethyl auristatin E,DSPh-Val-Ala-PABC,ANI0FIZAK,PAY0FSXOW,LIN0EWPDB
DRG0FOGFJ,ADC2-31,Investigative,,Trastuzumab,ADC 2-31 payload,ADC 2-31 linker,ANI0FIZAK,PAY0KKROA,LIN0XDAGD
DRG0FQFDY,Trastuzumab-SG3227,Investigative,,Trastuzumab,SG2219,Acetamide-PEG4-Val-Ala-PABA,ANI0FIZAK,PAY0XUVDV,LIN0MTORH
DRG0FSHFZ,Trastuzumab SG-3259,Investigative,,Trastuzumab,SG3312,Mc-Val-Ala,ANI0FIZAK,PAY0SNPXD,LIN0ENDIF
DRG0FSMVA,ADC2-27,Investigative,,Trastuzumab,ADC 2-27 payload,ADC 2-27 linker,ANI0FIZAK,PAY0LFFMY,LIN0FGIHL
DRG0FXDND,ADC2-33,Investigative,,Trastuzumab,ADC 2-33 payload,ADC 2-33 linker,ANI0FIZAK,PAY0PZRPA,LIN0QKLED
DRG0GPTJL,Tras-ALN,Investigative,,Trastuzumab,Alendronate,Bicyclo[6.1.0]nona-4-yne,ANI0FIZAK,PAY0LNJXB,LIN0GSQPQ
DRG0GQBGS,TTZ-2-MMAE,Investigative,,Trastuzumab,Monomethyl auristatin E,DSPh-Val-Cit-PABC,ANI0FIZAK,PAY0FSXOW,LIN0TJKEO
DRG0GRARY,ADC2-22,Investigative,,Trastuzumab,ADC 2-22 payload,ADC 2-22 linker,ANI0FIZAK,PAY0AUPYL,LIN0ABVUL
DRG0GRGXW,C-ADC,Investigative,,Trastuzumab,Monomethyl auristatin E,Divinylpyrimidine-PEG4-Val-Ala-PABC,ANI0FIZAK,PAY0FSXOW,LIN0WAWEU
DRG0GUHHQ,Trastuzumab-DVP-linker-MMAE 3,Investigative,,Trastuzumab,Monomethyl auristatin E,DVP-based linker 3,ANI0FIZAK,PAY0FSXOW,LIN0HCDIC
DRG0GVHHK,ADC2-7-2,Investigative,,Trastuzumab,ADC 2-7-2 payload,ADC 2-7-2 linker,ANI0FIZAK,PAY0ODOET,LIN0YTWLV
DRG0GZWJM,ADC2-B,Investigative,,Trastuzumab,ADC 2-B payload,ADC 2-B linker,ANI0FIZAK,PAY0NFHMH,LIN0HEHFZ
DRG0HBQEL,ADC2-6-2,Investigative,,Trastuzumab,ADC 2-6-2 payload,ADC 2-6-2 linker,ANI0FIZAK,PAY0XROPC,LIN0XERIF
DRG0HDHZU,ADC2-38,Investigative,,Trastuzumab,ADC 2-38 payload,ADC 2-38 linker,ANI0FIZAK,PAY0FFTHG,LIN0TRNXW
DRG0HDWWY,ADC2-41,Investigative,,Trastuzumab,ADC 2-41 payload,ADC 2-41 linker,ANI0FIZAK,PAY0HBWZK,LIN0OSRFT
DRG0HIEUK,OHPAS ADC-4,Investigative,,Trastuzumab,CBI-dimer-beta-Gal,Ortho-hydroxy-protected aryl sulfate,ANI0FIZAK,PAY0YJTZD,LIN0XIBCO
DRG0HJZXJ,Trastuzumab-Val-Cit linker-MMAE 2,Investigative,,Trastuzumab,Monomethyl auristatin E,Val-Cit linker 2e,ANI0FIZAK,PAY0FSXOW,LIN0GGTKX
DRG0HLHGE,HER2-acetal-ADC 12,Investigative,,Trastuzumab,Monomethyl auristatin F,Clravable-TAMRA-acetal based linker 12,ANI0FIZAK,PAY0QLDVX,LIN0XMAZP
DRG0HRMSB,HER2-norbornene-tetrazine MMAE conjugate,Investigative,,Trastuzumab,Monomethyl auristatin E,Norbornene-tetrazine based linker 10c,ANI0FIZAK,PAY0FSXOW,LIN0JAHOY
DRG0HTRPU,ADC2-9-2,Investigative,,Trastuzumab,ADC 2-9-2 payload,ADC 2-9-2 linker,ANI0FIZAK,PAY0BKHHJ,LIN0AYSXG
DRG0HZNEP,Tmab-SPP-DM1,Investigative,,Trastuzumab,Mertansine DM1,N-succinimidyl 4-(2-pyridyldithio) pentanoate (SPP),ANI0FIZAK,PAY0JCIBW,LIN0QDUUQ
DRG0IBUKT,ADC-2-62-1,Investigative,,Trastuzumab,ADC 2-62-1 payload,ADC 2-62-1 linker,ANI0FIZAK,PAY0TUXJG,LIN0BEVEW
DRG0IGKJU,Trastuzumab-DVP-linker-MMAE 4,Investigative,,Trastuzumab,Monomethyl auristatin E,DVP-based linker 4,ANI0FIZAK,PAY0FSXOW,LIN0HXNWN
DRG0IJVEW,Trastuzumab-L1-TL,Investigative,,Trastuzumab,Triptolide,BVP-PEG3-carbamate,ANI0FIZAK,PAY0ZAWKE,LIN0DEQBW
DRG0IQNVH,PRO-1102,Clinical candidate,,Trastuzumab,Exatecan,A cleavable hydrophilic linker,ANI0FIZAK,PAY0LEIGJ,LIN0EQKWD
DRG0IRWBY,ADC2-44,Investigative,,Trastuzumab,ADC 2-44 payload,ADC 2-44 linker,ANI0FIZAK,PAY0YAUFG,LIN0QPRCI
DRG0ITRJL,ADC-2-62-2,Investigative,,Trastuzumab,ADC 2-62-2 payload,ADC 2-62-2 linker,ANI0FIZAK,PAY0UNRMF,LIN0GKJFG
DRG0IYMFO,ADC2-58,Investigative,,Trastuzumab,ADC 2-58 payload,ADC 2-58 linker,ANI0FIZAK,PAY0DQCCO,LIN0MWMBX
DRG0JEKFN,ADC2-36-1,Investigative,,Trastuzumab,ADC 2-36-1 payload,ADC 2-36-1 linker,ANI0FIZAK,PAY0TAWJM,LIN0OLUVL
DRG0JEZKT,ADC2-25,Investigative,,Trastuzumab,ADC 2-25 payload,ADC 2-25 linker,ANI0FIZAK,PAY0UNVKK,LIN0BWWRB
DRG0JHTXC,ADC2-50,Investigative,,Trastuzumab,ADC 2-50 payload,ADC 2-50 linker,ANI0FIZAK,PAY0JJUEV,LIN0UDLOY
DRG0JQDAT,ADC2-32,Investigative,,Trastuzumab,ADC 2-32 payload,ADC 2-32 linker,ANI0FIZAK,PAY0FEVXS,LIN0OHMJO
DRG0JWSPU,T-PBA,Investigative,,Trastuzumab,PBD-based payload 37b3,Mc-Val-Ala,ANI0FIZAK,PAY0QKJME,LIN0ENDIF
DRG0KCSMQ,T-D8-1508,Investigative,,Trastuzumab,AZ-1508,Cysteine D8,ANI0FIZAK,PAY0LGKPJ,LIN0BETDT
DRG0KGOWD,HER2-azide-alkyne MMAE conjugate,Investigative,,Trastuzumab,Monomethyl auristatin E,Azide-alkyne based linker 10a,ANI0FIZAK,PAY0FSXOW,LIN0QZRKJ
DRG0KKMLW,Tmab-SSNPP-DM4,Investigative,,Trastuzumab,Mertansine DM4,Sulfosuccinimidyl-N-succinimidyl-4-(5-nitro-2-pyridyldithio) pentanoate (SSNPP),ANI0FIZAK,PAY0GTSVM,LIN0WKPJE
DRG0KMEYJ,ADC2-49,Investigative,,Trastuzumab,ADC 2-49 payload,ADC 2-49 linker,ANI0FIZAK,PAY0IODXZ,LIN0YLKGZ
DRG0KQQNJ,ADC2-37,Investigative,,Trastuzumab,ADC 2-37 payload,ADC 2-37 linker,ANI0FIZAK,PAY0YDKGG,LIN0QZHHE
DRG0KTMLE,ADC2-35,Investigative,,Trastuzumab,ADC 2-35 payload,ADC 2-35 linker,ANI0FIZAK,PAY0AZRMP,LIN0RCHFF
DRG0KUNBK,Trastuzumab-MMAE conjugate DAR12,Investigative,,Trastuzumab,Monomethyl auristatin E,"Man-beta-1,4-GlcNAc-DBCO-PEG5-VC-PAB",ANI0FIZAK,PAY0FSXOW,LIN0QVNCR
DRG0KXYRT,Tras-Gly5-EDA-Nemo,Investigative,,Trastuzumab,Nemorubicin,Gly5-EDA,ANI0FIZAK,PAY0AMOAM,LIN0GWUBC
DRG0LHKED,ADC2-36-2,Investigative,,Trastuzumab,ADC 2-36-2 payload,ADC 2-36-2 linker,ANI0FIZAK,PAY0BCATG,LIN0DNWGH
DRG0LSAKO,PF-06888667,Investigative,,Trastuzumab,SW-163D,AcLys-Val-Cit-PABC-DMAE,ANI0FIZAK,PAY0ZYLID,LIN0TTWZX
DRG0MIEKG,Tra-Exa-PSAR0,Investigative,,Trastuzumab,Exatecan,Mal-Exa-PSAR0,ANI0FIZAK,PAY0LEIGJ,LIN0JSHIT
DRG0MMQNO,Trastuzumab-BCN-HydraSpace-Val-Cit-PABC-PNU-159682,Investigative,,Trastuzumab,PNU-159682,BCN-HydraSpace-Val-Cit-PABC,ANI0FIZAK,PAY0WKBCR,LIN0LGSKX
DRG0MNHFT,Trastuzumab-SG3600 high DAR,Investigative,,Trastuzumab,N10-beta-glucuronide SG3200,Mal-PEG8-Val-Ala-PABC,ANI0FIZAK,PAY0DZNQW,LIN0YRUBS
DRG0MPBSO,ADC2-11,Investigative,,Trastuzumab,ADC 2-11 payload,ADC 2-11 linker,ANI0FIZAK,PAY0HUJGR,LIN0PGDJO
DRG0NAIQX,ADC-2-65-1,Investigative,,Trastuzumab,ADC 2-65-1 payload,ADC 2-65-1 linker,ANI0FIZAK,PAY0VVSDK,LIN0OUWBC
DRG0NHMEU,T-Py-DM1,Investigative,,Trastuzumab,Mertansine DM1,TCO-PEG3-Mal,ANI0FIZAK,PAY0JCIBW,LIN0USNKE
DRG0NKVLE,NC-ADC,Investigative,,Trastuzumab,Monomethyl auristatin E,Divinylpyrimidine-PEG4,ANI0FIZAK,PAY0FSXOW,LIN0XKWFZ
DRG0NSVEM,Anti-HER2_vc-2,Investigative,,Trastuzumab,TLR7 agonist-2,Mc-Val-Cit-PABC,ANI0FIZAK,PAY0JBSYM,LIN0SQEDQ
DRG0NVGDG,Trastuzumab-BCN-HydraSpace-Val-Cit-PABC-Duocarmycin,Investigative,,Trastuzumab,Duocarmycin Sa,BCN-HydraSpace-Val-Cit-PABC,ANI0FIZAK,PAY0YEFWC,LIN0LGSKX
DRG0OBUOV,HER2 ADC-19,Investigative,,Trastuzumab,Monomethyl auristatin E,Vinylsulfonamide based linker 16,ANI0FIZAK,PAY0FSXOW,LIN0XVNNP
DRG0OHMER,T-D4-1508,Investigative,,Trastuzumab,AZ-1508,Cysteine D4,ANI0FIZAK,PAY0LGKPJ,LIN0PYLVI
DRG0OHTUI,Trastuzumab-C239I-SG3249,Investigative,,Trastuzumab,SG3199,Mal-PEG8-Val-Ala-PABC,ANI0FIZAK,PAY0LZRXU,LIN0YRUBS
DRG0OIVTW,Tras-Gly3-Vakl-Cit-PAB-PNU-159682,Investigative,,Trastuzumab,PNU-159682,Gly3-vcPAB,ANI0FIZAK,PAY0WKBCR,LIN0JDOYH
DRG0OJWBX,Trastuzumab-SG3400 high DAR,Investigative,,Trastuzumab,SG3200,Mal-PEG8-Val-Ala-PABC,ANI0FIZAK,PAY0EKUNN,LIN0YRUBS
DRG0ONIOF,OHPAS ADC-2,Investigative,,Trastuzumab,SG2000,Ortho-hydroxy-protected aryl sulfate,ANI0FIZAK,PAY0VDATG,LIN0XIBCO
DRG0ONOKP,Trastuzumab-BCN-HydraSpace-Val-Cit-PABC-MMAE,Investigative,,Trastuzumab,Monomethyl auristatin E,BCN-HydraSpace-Val-Cit-PABC,ANI0FIZAK,PAY0FSXOW,LIN0LGSKX
DRG0OTHET,"Trastuzumab-Glc-beta-1,4GlcNAc-MMAE",Investigative,,Trastuzumab,Monomethyl auristatin E,"Glc-beta-1,4GlcNAc",ANI0FIZAK,PAY0FSXOW,LIN0QWPHO
DRG0OTRZR,T (Anti-HER2)-30.2060,Investigative,,Trastuzumab,Amanitin 30.206,Mc-Val-Ala-PABC,ANI0FIZAK,PAY0ZLLVK,LIN0OXUQL
DRG0OWIBE,TTZ-3-MMAE,Investigative,,Trastuzumab,Monomethyl auristatin E,DSPh-PEG12-Val-Ala-PABC,ANI0FIZAK,PAY0FSXOW,LIN0IZDKS
DRG0PASNX,Trastuzumab-MCC-CpG conjugate,Investigative,,Trastuzumab,Differentiated TLR-9 agonist (T-CpG),Succinimidyl-4-(N-maleimidomethyl)cyclohexane-1-carboxylate (SMCC),ANI0FIZAK,PAY0EXXSU,LIN0EBJON
DRG0PILVE,Trastuzumab-L2-TL,Investigative,,Trastuzumab,Triptolide,BVP-PEG3-diamine,ANI0FIZAK,PAY0ZAWKE,LIN0BHCLX
DRG0PPHVA,Trastuzumab-SYNtansine,Investigative,,Trastuzumab,Ahx-maytansine,BCN-HydraSpace-Val-Cit-PABC,ANI0FIZAK,PAY0TZKYS,LIN0LGSKX
DRG0PTLCQ,ADC-2-63-2,Investigative,,Trastuzumab,ADC 2-63-2 payload,ADC 2-63-2 linker,ANI0FIZAK,PAY0RKLCS,LIN0DOBMW
DRG0PVYCO,ADC2-12,Investigative,,Trastuzumab,ADC 2-12 payload,ADC 2-12 linker,ANI0FIZAK,PAY0YIHSM,LIN0QOGXU
DRG0PZEQO,T-DM1-2.6,Investigative,,Trastuzumab,Mertansine DM1,Succinimidyl-4-(N-maleimidomethyl)cyclohexane-1-carboxylate (SMCC),ANI0FIZAK,PAY0JCIBW,LIN0EBJON
DRG0QBUYX,ADC2-30,Investigative,,Trastuzumab,ADC 2-30 payload,ADC 2-30 linker,ANI0FIZAK,PAY0BOFYP,LIN0FFFHQ
DRG0QDEAI,Trastuzumab-NGM-PROTAC conjugate,Investigative,,Trastuzumab,BRD4 PROTAC 3,NGM based linker,ANI0FIZAK,PAY0EJOCR,LIN0PCVTG
DRG0QHPJS,ADC3-4,Investigative,,Trastuzumab,ADC 3-4 payload,ADC 3-4 linker,ANI0FIZAK,PAY0AMEDC,LIN0MWKOD
DRG0QJKGD,Trastuzumab-PC4AP-DOX,Investigative,,Trastuzumab,Doxorubicin,Photocaged C4AP,ANI0FIZAK,PAY0DYTCC,LIN0HCXGU
DRG0QMQKQ,Trastuzumab-AJICAP-maytansinoid,Investigative,,Trastuzumab,Mertansine DM1,AJICAP,ANI0FIZAK,PAY0JCIBW,LIN0NBUDP
DRG0QQSDU,T (Anti-HER2)-30.2867,Investigative,,Trastuzumab,Amanitin 30.2867,Maleimido-caproyl,ANI0FIZAK,PAY0EQLPH,LIN0TAFAV
DRG0QRXDE,"Trastuzumab-Gal-beta-1,4GlcNAc-MMAE",Investigative,,Trastuzumab,Monomethyl auristatin E,"Gal-beta-1,4-GlcNAc",ANI0FIZAK,PAY0FSXOW,LIN0PCMIJ
DRG0QUXXT,Site-specific HER-SG3249,Investigative,,Trastuzumab,SG3199,Mal-PEG8-Val-Ala-PABC,ANI0FIZAK,PAY0LZRXU,LIN0YRUBS
DRG0QVUMQ,Trastuzumab-Gelonin,Investigative,,Trastuzumab,Gelonin,N-succinimidyl 4-(2-pyridyldithio) butanoate (SPDB),ANI0FIZAK,PAY0BOFCF,LIN0VZYER
DRG0QYUVZ,MI-130004,Clinical candidate,,Trastuzumab,PM050489,"6-(2,5-dioxopyrrol-1-yl)-N-Propylhexanamide",ANI0FIZAK,PAY0TZRTO,LIN0MLEOW
DRG0RINVT,Trastuzumab-L3-TL,Investigative,,Trastuzumab,Triptolide,BVP-PEG3-carbamate-PEG4,ANI0FIZAK,PAY0ZAWKE,LIN0VKQGV
DRG0RMBQC,ADC2-26,Investigative,,Trastuzumab,ADC 2-26 payload,ADC 2-26 linker,ANI0FIZAK,PAY0TLGIU,LIN0XLNKE
DRG0RRMRW,Trastuzumab-BCN-HydraSpace-Val-Cit-PABC-Calicheamicin,Investigative,,Trastuzumab,N-acetyl-gamma-calicheamicin,BCN-HydraSpace-Val-Cit-PABC,ANI0FIZAK,PAY0RZSDY,LIN0LGSKX
DRG0RTGGN,ADC2-2,Investigative,,Trastuzumab,ADC 2-2 payload,ADC 2-2 linker,ANI0FIZAK,PAY0JGYRM,LIN0LXTRL
DRG0RVYTE,ADC2-59,Investigative,,Trastuzumab,ADC 2-59 payload,ADC 2-59 linker,ANI0FIZAK,PAY0XYHMN,LIN0SSEJF
DRG0SFOJG,HER2-cyclopropene-tetrazine MMAE conjugate,Investigative,,Trastuzumab,Monomethyl auristatin E,Cyclopropene-tetrazine based linker 10b,ANI0FIZAK,PAY0FSXOW,LIN0JFIIY
DRG0SHENH,ADC-2-64-2,Investigative,,Trastuzumab,ADC 2-64-2 payload,ADC 2-64-2 linker,ANI0FIZAK,PAY0NRHJN,LIN0RQHDE
DRG0SIFSO,T-D2-1508,Investigative,,Trastuzumab,AZ-1508,Cysteine D2,ANI0FIZAK,PAY0LGKPJ,LIN0ZQCHH
DRG0SIGYC,TTZ-Mc-NPV-MMAE,Investigative,,Trastuzumab,Monomethyl auristatin E,Mc-Asn-Pro-Val-PABC,ANI0FIZAK,PAY0FSXOW,LIN0ZETXE
DRG0SNNXH,ADC2-55,Investigative,,Trastuzumab,ADC 2-55 payload,ADC 2-55 linker,ANI0FIZAK,PAY0FPJZJ,LIN0LQEZO
DRG0TDKHC,HER2-gsADC-48,Investigative,,Trastuzumab,Monomethyl auristatin E,2-Aminobenzamide oxime,ANI0FIZAK,PAY0FSXOW,LIN0JETYX
DRG0TEIAA,ADC2-A,Investigative,,Trastuzumab,ADC 2-A payload,ADC 2-A linker,ANI0FIZAK,PAY0RQYNM,LIN0JCABZ
DRG0TEKGQ,HER2-gsADC-50,Investigative,,Trastuzumab,Monomethyl auristatin E,2-Aminobenzamidoxime without core-fucosylation,ANI0FIZAK,PAY0FSXOW,LIN0IPRZR
DRG0TFKVR,HER2-MMAU ADC,Investigative,,Trastuzumab,Glucuronyl-monomethyl-auristatin E (MMAU),Mc-Val-Cit-PABC,ANI0FIZAK,PAY0ZJMHY,LIN0SQEDQ
DRG0TFVKN,ADC2-40,Investigative,,Trastuzumab,ADC 2-40 payload,ADC 2-40 linker,ANI0FIZAK,PAY0UCVJL,LIN0LBXSA
DRG0TGYVL,ADC3-1,Investigative,,Trastuzumab,ADC 3-1 payload,ADC 3-1 linker,ANI0FIZAK,PAY0QSUEZ,LIN0MWLMY
DRG0TJNBS,Adcitmer,Investigative,,Trastuzumab,Monomethyl auristatin E,Pyridino-caproic-Val-Cit-PABC,ANI0FIZAK,PAY0FSXOW,LIN0WYIUB
DRG0TODDH,FGM-TTZ-MMAE,Investigative,,Trastuzumab,Monomethyl auristatin E,Mc-Val-Cit-PABC,ANI0FIZAK,PAY0FSXOW,LIN0SQEDQ
DRG0TRBER,Trastuzumab-MMAE conjugate DAR8,Investigative,,Trastuzumab,Monomethyl auristatin E,"Man-beta-1,4-GlcNAc-DBCO-PEG5-VC-PAB",ANI0FIZAK,PAY0FSXOW,LIN0QVNCR
DRG0TSRWZ,ADC3-3,Investigative,,Trastuzumab,ADC 3-3 payload,ADC 3-3 linker,ANI0FIZAK,PAY0NYIOD,LIN0TLYMO
DRG0TVNQB,ADC Trast-11,Investigative,,Trastuzumab,PBD dimer 3,Bis-BCN-modified Val-Cit-PABC linker 10,ANI0FIZAK,PAY0STTIU,LIN0YWETK
DRG0TWETH,T-D6-1508,Investigative,,Trastuzumab,AZ-1508,Cysteine D6,ANI0FIZAK,PAY0LGKPJ,LIN0FVCSC
DRG0TXLYS,Tra-Exa-PSAR10,Investigative,,Trastuzumab,Exatecan,Mal-Exa-PSAR10,ANI0FIZAK,PAY0LEIGJ,LIN0IUNOO
DRG0TZMGC,Trastuzumab-Me-PRX conjugate,Investigative,,Trastuzumab,Methylated-beta-Cyclodextrin/Pluronic P103-based polyrotaxane (Me-PRX),Phenyl maleimide PEG2,ANI0FIZAK,PAY0ALSVY,LIN0WBDNL
DRG0UAANB,HER2-gsADC-47,Investigative,,Trastuzumab,Monomethyl auristatin E,Hydroxylamine derivative 6c,ANI0FIZAK,PAY0FSXOW,LIN0LOOGK
DRG0UJDZW,ADC-2-64-1,Investigative,,Trastuzumab,ADC 2-64-1 payload,ADC 2-64-1 linker,ANI0FIZAK,PAY0DQVLT,LIN0AZJIH
DRG0UKCJO,ADC Trast-10,Investigative,,Trastuzumab,Monomethyl auristatin E,Bis-BCN-modified Val-Cit-PABC linker 10,ANI0FIZAK,PAY0FSXOW,LIN0YWETK
DRG0UQXNZ,T-C-F (DAR 3.7),Investigative,,Trastuzumab,Monomethyl auristatin F,Maleimido-caproyl,ANI0FIZAK,PAY0QLDVX,LIN0TAFAV
DRG0URWFL,ADC-2-65-2,Investigative,,Trastuzumab,ADC 2-65-2 payload,ADC 2-65-2 linker,ANI0FIZAK,PAY0TFZDF,LIN0AKZMS
DRG0UUGNS,ADC2-34,Investigative,,Trastuzumab,ADC 2-34 payload,ADC 2-34 linker,ANI0FIZAK,PAY0VPOEQ,LIN0UVDIG
DRG0VIDMZ,Tras-Gly5-EDA-Pnu,Investigative,,Trastuzumab,PNU-159682,Gly5-EDA,ANI0FIZAK,PAY0WKBCR,LIN0GWUBC
DRG0VILZB,HER2 ADC-20,Investigative,,Trastuzumab,Monomethyl auristatin E,Vinylsulfonamide based linker 17,ANI0FIZAK,PAY0FSXOW,LIN0QTIWK
DRG0VNTFN,ADC2-29,Investigative,,Trastuzumab,ADC 2-29 payload,ADC 2-29 linker,ANI0FIZAK,PAY0GJVKZ,LIN0SPIXP
DRG0VPOLY,Trastuzumab-iCME,Investigative,,Trastuzumab,Membrane-impermable colchinolmethyl ether (iCME) cytotoxin,Pacific blue fluorophore-SH based linker,ANI0FIZAK,PAY0HFJPO,LIN0LJJOZ
DRG0VQNHE,Trastuzumab-MMAE conjugate DAR6,Investigative,,Trastuzumab,Monomethyl auristatin E,"Man-beta-1,4-GlcNAc-DBCO-PEG5-VC-PAB",ANI0FIZAK,PAY0FSXOW,LIN0QVNCR
DRG0VUUXD,Trastuzumab-L6,Investigative,,Trastuzumab,MF-6,Bridged PEG4-valine-alanine,ANI0FIZAK,PAY0GSENK,LIN0DZRRC
DRG0VXBSR,ADC2-10,Investigative,,Trastuzumab,ADC 2-10 payload,ADC 2-10 linker,ANI0FIZAK,PAY0FYZOP,LIN0RNRLZ
DRG0WBUVM,ADC2-24,Investigative,,Trastuzumab,ADC 2-24 payload,ADC 2-24 linker,ANI0FIZAK,PAY0FOCQV,LIN0AMBMY
DRG0WHAFB,TTZ-4-MMAE,Investigative,,Trastuzumab,Monomethyl auristatin E,DSPh-PEG12-Val-Cit-PABC,ANI0FIZAK,PAY0FSXOW,LIN0MDTBJ
DRG0WHHZG,Tmab-SSNPP-DM3,Investigative,,Trastuzumab,Maytansinoid DM3,Sulfosuccinimidyl-N-succinimidyl-4-(5-nitro-2-pyridyldithio) pentanoate (SSNPP),ANI0FIZAK,PAY0LZMST,LIN0WKPJE
DRG0WJEQO,Trastuzumab-G5-PNU,Investigative,,Trastuzumab,PNU-159682,Gly5-FITC,ANI0FIZAK,PAY0WKBCR,LIN0RMVIS
DRG0WNJKV,ADC3-2,Investigative,,Trastuzumab,ADC 3-2 payload,ADC 3-2 linker,ANI0FIZAK,PAY0QMCOT,LIN0SOMHS
DRG0WOXQU,Anti-HER2_vc-7,Investigative,,Trastuzumab,TLR7 agonist-7,Mc-Val-Cit-PABC,ANI0FIZAK,PAY0WNJHK,LIN0SQEDQ
DRG0WRZIM,ADC2-9-1,Investigative,,Trastuzumab,ADC 2-9-1 payload,ADC 2-9-1 linker,ANI0FIZAK,PAY0CMWPR,LIN0IBEGX
DRG0WUKVW,ADC2-42,Investigative,,Trastuzumab,ADC 2-42 payload,ADC 2-42 linker,ANI0FIZAK,PAY0EKZUG,LIN0CXMRZ
DRG0WUSYP,T-DM1-IR700,Investigative,,Trastuzumab,Mertansine DM1 plus IRDye700DX,Succinimidyl-4-(N-maleimidomethyl)cyclohexane-1-carboxylate (SMCC),ANI0FIZAK,PAY0XPJRQ,LIN0EBJON
DRG0WXRII,ADC2-54,Investigative,,Trastuzumab,ADC 2-54 payload,ADC 2-54 linker,ANI0FIZAK,PAY0EMDHF,LIN0WRVEQ
DRG0XCSOA,ST8176AA1,Clinical candidate,,Trastuzumab,ST7612AA1,Maleimide-thiol linker,ANI0FIZAK,PAY0XILUM,LIN0HKQZS
DRG0XDRBO,HER2-acetal-ADC 11,Investigative,,Trastuzumab,Monomethyl auristatin F,Clravable-acetal based linker 11,ANI0FIZAK,PAY0QLDVX,LIN0SGAEB
DRG0XJKXE,ADC2-57,Investigative,,Trastuzumab,ADC 2-57 payload,ADC 2-57 linker,ANI0FIZAK,PAY0GOFTO,LIN0BIULU
DRG0XTIVU,ADC2-51,Investigative,,Trastuzumab,ADC 2-51 payload,ADC 2-51 linker,ANI0FIZAK,PAY0CYCYC,LIN0VIWEG
DRG0YFUMC,Tras-Gly5-EDA-Dox,Investigative,,Trastuzumab,Doxorubicin,Gly5-EDA,ANI0FIZAK,PAY0DYTCC,LIN0GWUBC
DRG0YTQWE,MF-TTZ-MMAE,Investigative,,Trastuzumab,Monomethyl auristatin E,Dibromomethyl pyridine-Val-Cit-PABC,ANI0FIZAK,PAY0FSXOW,LIN0BYXTN
DRG0YXAMG,ADC-2-63-1,Investigative,,Trastuzumab,ADC 2-63-1 payload,ADC 2-63-1 linker,ANI0FIZAK,PAY0AYJSJ,LIN0RCQWT
DRG0YYIIT,ADC2-4,Investigative,,Trastuzumab,ADC 2-4 payload,ADC 2-4 linker,ANI0FIZAK,PAY0CXXLZ,LIN0PNSTV
DRG0ZGOXM,ADC2-46,Investigative,,Trastuzumab,ADC 2-46 payload,ADC 2-46 linker,ANI0FIZAK,PAY0PTUJO,LIN0UNGSN
DRG0ZMEZK,ADC3-5,Investigative,,Trastuzumab,ADC 3-5 payload,ADC 3-5 linker,ANI0FIZAK,PAY0DRQLL,LIN0GAPLW
DRG0ZSMSE,HER2-gsADC-49,Investigative,,Trastuzumab,Monomethyl auristatin E,Azadibenzocylooctyne-amine derivative 6d,ANI0FIZAK,PAY0FSXOW,LIN0NNRAU
DRG0ZUWSL,ADC2-23,Investigative,,Trastuzumab,ADC 2-23 payload,ADC 2-23 linker,ANI0FIZAK,PAY0WCBTU,LIN0KIXUL
DRG0ZXCSM,Trastuzumab-RSL3-NH2,Investigative,,Trastuzumab,RSL3-NH2,Mal-PEG4-DBCO-Ala-Val,ANI0FIZAK,PAY0NNLXO,LIN0IAVKF
DRG0TCBEP,Hertuzumab vedotin,Clinical candidate,,Hertuzumab,Monomethyl auristatin E,Mc-Val-Cit-PABC,ANI0XSOTX,PAY0FSXOW,LIN0SQEDQ
DRG0BZLMR,ADC Mil40-6,Investigative,,Mil40,Monomethyl auristatin E,Silyl ether-based linker,ANI0DCOCP,PAY0FSXOW,LIN0XVLWY
DRG0CCYIL,LCB-ADC3,Investigative,,Isoprenylated trastuzumab,Monomethyl auristatin F,Bridged PEG4-valine-alanine,ANI0GORZS,PAY0QLDVX,LIN0DZRRC
DRG0COYJA,LCB-ADC1,Investigative,,Isoprenylated trastuzumab,Monomethyl auristatin F,Isoprene-PEG3-beta-Glu-PABC,ANI0GORZS,PAY0QLDVX,LIN0CRNLZ
DRG0CTHDR,Trastuzumab biosimilar mil40 12a,Investigative,,Mil40,Monomethyl auristatin E,Maleamic methyl ester-based Val-Ala-PABC linker 12a,ANI0DCOCP,PAY0FSXOW,LIN0EPTLV
DRG0DDJGM,HER2 KSP-ADC 1.2,Investigative,,BAY-865,Pyrrole based kinesin spindle protein inhibitor,Kinesin spindle protein inhibitor (KSPi)-ADC linker 2,ANI0BLMDT,PAY0WIKAB,LIN0RQBPW
DRG0DDNBM,Cys-linker-MMAE-based ADC 13,Investigative,,Mil40,Monomethyl auristatin E,Cys-13 ADC linker,ANI0DCOCP,PAY0FSXOW,LIN0WYMQF
DRG0ELKKR,Trastuzumab biosimilar mil40 12b,Investigative,,Mil40,Monomethyl auristatin E,Maleamic methyl ester-based Val-Ala-PABC linker 12b,ANI0DCOCP,PAY0FSXOW,LIN0BBBMC
DRG0FRNON,Cys-linker-MMAE-based ADC 15,Investigative,,Mil40,Monomethyl auristatin E,Mc-PABC,ANI0DCOCP,PAY0FSXOW,LIN0MBWZQ
DRG0FTZIW,Cys-linker-MMAE-based ADC 12,Investigative,,Mil40,Monomethyl auristatin E,Cys-12 ADC linker,ANI0DCOCP,PAY0FSXOW,LIN0ZKOQW
DRG0HCHFN,Mil40-12C,Investigative,,Mil40,Monomethyl auristatin E,Maleamic methyl ester-based linker 12C,ANI0DCOCP,PAY0FSXOW,LIN0JQEEP
DRG0HDGML,Mil40-11 (DAR=3.8),Investigative,,Mil40,Active metabolite of irinotecan SN38,Mc-PEG8-Val-Ala-PABC,ANI0DCOCP,PAY0ZVBAI,LIN0IAETB
DRG0HPKAV,Mil40-15,Investigative,,Mil40,Monomethyl auristatin E,Mc-PABC,ANI0DCOCP,PAY0FSXOW,LIN0MBWZQ
DRG0IZAKQ,Cys-linker-MMAE-based ADC 16,Investigative,,Mil40,Monomethyl auristatin E,Mc-Val-Cit-PABC,ANI0DCOCP,PAY0FSXOW,LIN0SQEDQ
DRG0JDMQQ,HER2 KSP-ADC 2.2,Investigative,,BAY-865,Pyrrole based kinesin spindle protein inhibitor,Kinesin spindle protein inhibitor (KSPi)-ADC linker 6,ANI0BLMDT,PAY0WIKAB,LIN0EXXDU
DRG0JVCZC,HER2 KSP-ADC 2.1,Investigative,,BAY-865,Pyrrole based kinesin spindle protein inhibitor,Kinesin spindle protein inhibitor (KSPi)-ADC linker 5,ANI0BLMDT,PAY0WIKAB,LIN0ITMAF
DRG0LGMNN,Cys-linker-MMAE-based ADC 14,Investigative,,Mil40,Monomethyl auristatin E,Cys-14 ADC linker,ANI0DCOCP,PAY0FSXOW,LIN0YPFHY
DRG0NCHJM,Mil40-12B,Investigative,,Mil40,Monomethyl auristatin E,Mc-Val-Cit-PABC,ANI0DCOCP,PAY0FSXOW,LIN0SQEDQ
DRG0OKMOL,Mil40-6,Investigative,,Mil40,Active metabolite of irinotecan SN38,Mal-PEG2-Val-Ala-PABC,ANI0DCOCP,PAY0ZVBAI,LIN0SRKOA
DRG0ORORL,LCB-ADC2,Investigative,,Isoprenylated trastuzumab,Monomethyl auristatin F,"Isoprene-PEG3,3,3-beta-Glu-PABC",ANI0GORZS,PAY0QLDVX,LIN0SKVMK
DRG0PZVUG,Mil40-5,Investigative,,Mil40,Active metabolite of irinotecan SN38,Mc-Val-Ala-PABC,ANI0DCOCP,PAY0ZVBAI,LIN0OXUQL
DRG0QQKLF,Mil40-8,Investigative,,Mil40,Active metabolite of irinotecan SN38,Mal-PEG8-Val-Ala-PABC,ANI0DCOCP,PAY0ZVBAI,LIN0YRUBS
DRG0QYJUL,Mil40-7,Investigative,,Mil40,Active metabolite of irinotecan SN38,Mal-PEG4-Val-Ala-PABC,ANI0DCOCP,PAY0ZVBAI,LIN0NFUXE
DRG0RNCBE,Mil40-11 (DAR=7.1),Investigative,,Mil40,Active metabolite of irinotecan SN38,Mc-PEG8-Val-Ala-PABC,ANI0DCOCP,PAY0ZVBAI,LIN0IAETB
DRG0STERZ,Cys-linker-MMAE-based ADC 11,Investigative,,Mil40,Monomethyl auristatin E,Cys-11 ADC linker,ANI0DCOCP,PAY0FSXOW,LIN0WCLMP
DRG0TJLWE,Trastuzumab biosimilar mil40 12c,Investigative,,Mil40,Monomethyl auristatin E,Maleamic methyl ester-based Val-Cit-PABC linker 12c,ANI0DCOCP,PAY0FSXOW,LIN0WXQSO
DRG0TXVPI,HER2 KSP-ADC 1.1,Investigative,,BAY-865,Pyrrole based kinesin spindle protein inhibitor,Kinesin spindle protein inhibitor (KSPi)-ADC linker 1,ANI0BLMDT,PAY0WIKAB,LIN0JPRJS
DRG0VALSS,HER2 KSP-ADC 1.4,Investigative,,BAY-865,Pyrrole based kinesin spindle protein inhibitor,Kinesin spindle protein inhibitor (KSPi)-ADC linker 4,ANI0BLMDT,PAY0WIKAB,LIN0KVWBQ
DRG0VVVWC,Mil40-12B,Investigative,,Mil40,Monomethyl auristatin E,Maleamic methyl ester-based linker 12B,ANI0DCOCP,PAY0FSXOW,LIN0CVLIT
DRG0VWORF,HER2 KSP-ADC 1.3,Investigative,,BAY-865,Pyrrole based kinesin spindle protein inhibitor,Kinesin spindle protein inhibitor (KSPi)-ADC linker 3,ANI0BLMDT,PAY0WIKAB,LIN0CARBZ
DRG0XOWVF,Mil40-12A,Investigative,,Mil40,Monomethyl auristatin E,Maleamic methyl ester-based linker 12A,ANI0DCOCP,PAY0FSXOW,LIN0BUDEO
DRG0ZKEKI,Trastuzumab-Flexmab-SG3710,Investigative,,Trastuzumab-Flexmab,SG3199,Mal-PEG8-Val-Ala-PABC,ANI0ZQCVJ,PAY0LZRXU,LIN0YRUBS
DRG0HGRGF,HER2-gsADC-42,Investigative,,Az-LacNAc-Tras Ab7,Monomethyl auristatin E,PEGylation linker 6l,ANI0CMEBH,PAY0FSXOW,LIN0IKAMG
DRG0JIEGL,HER2-gsADC-41,Investigative,,Az-LacNAc-Tras Ab7,Monomethyl auristatin E,Bicyclononyne derivative 6e,ANI0CMEBH,PAY0FSXOW,LIN0EDQAN
DRG0PNQTY,HER2-gsADC-43,Investigative,,Az-LacNAc-Tras Ab7,Monomethyl auristatin E,PEGylation linker 6m,ANI0CMEBH,PAY0FSXOW,LIN0VRUQV
DRG0QKKBX,HER2-gsADC-44,Investigative,,Az-LacNAc-Tras Ab7,Monomethyl auristatin E,Noncleavable linker 6s,ANI0CMEBH,PAY0FSXOW,LIN0KNPZU
DRG0VDQZN,HER2-gsADC-45,Investigative,,Az-LacNAc-Tras Ab7,Monomethyl auristatin E,Noncleavable linker 6t,ANI0CMEBH,PAY0FSXOW,LIN0PVHPQ
DRG0ADSTC,HER2-gsADC-23,Investigative,,Azido-tagged trastuzumab (Ab5),Monomethyl auristatin E,PEGylation linker 6g,ANI0ZXCLB,PAY0FSXOW,LIN0XOMJS
DRG0AICUG,HER2-gsADC-33,Investigative,,Azido-tagged trastuzumab (Ab5),Monomethyl auristatin E,Glycosyl PEGylation linker 6r,ANI0ZXCLB,PAY0FSXOW,LIN0AUGVW
DRG0ARZKN,A114N NNAS-Mc-Val-Cit-PABC-MMAE,Investigative,,Anti-HER2 mAb A114N NNAS,Monomethyl auristatin E,Mc-Val-Cit-PABC,ANI0WYAGY,PAY0FSXOW,LIN0SQEDQ
DRG0BBTTH,HER2-gsADC-37,Investigative,,Azido-tagged trastuzumab (Ab6),Monomethyl auristatin E,PEGylation linker 6i,ANI0JYPWF,PAY0FSXOW,LIN0TBEKP
DRG0BSEDY,Anti-HER2-D265C-30.2115,Investigative,,Anti-Her2-D265C,Amanitin 30.2115,Mc-Val-Ala-PABC,ANI0YMMYQ,PAY0HCZTW,LIN0OXUQL
DRG0BZNZA,HER2 WT-Mc-Val-Cit-PABC-MMAE,Investigative,,Anti-HER2 mAb WT,Monomethyl auristatin E,Mc-Val-Cit-PABC,ANI0KRSRI,PAY0FSXOW,LIN0SQEDQ
DRG0CLBRQ,NNAS-Mc-Val-Cit-PABC-MMAE,Investigative,,Anti-HER2 mAb NNAS,Monomethyl auristatin E,Mc-Val-Cit-PABC,ANI0GQFRA,PAY0FSXOW,LIN0SQEDQ
DRG0CXIUK,T-CpHK-Tet-ADC,Investigative,,Trastuzumab-CpHK,Monomethyl auristatin E,Tetrazine-PEG5-Val-Ala-PABC,ANI0LUKGL,PAY0FSXOW,LIN0DLJQE
DRG0DTOXQ,HER2-gsADC-26,Investigative,,Azido-tagged trastuzumab (Ab5),Monomethyl auristatin E,PEGylation linker 6j,ANI0ZXCLB,PAY0FSXOW,LIN0FSYDE
DRG0EAZPQ,Anti-HER2-D265C-30.0880,Investigative,,Anti-Her2-D265C,Amanitin 30.088,Maleimido-caproyl,ANI0YMMYQ,PAY0BLWRI,LIN0TAFAV
DRG0EFLMW,T-D265C-OH-Pro-amanitin,Investigative,,Trastuzumab D265C,OH-Pro-dideoxy-alpha-amanitin,Mc-Val-Ala-PABC,ANI0ZDEDL,PAY0FQNFR,LIN0OXUQL
DRG0EJIWJ,HER2-gsADC-38,Investigative,,Azido-tagged trastuzumab (Ab6),Monomethyl auristatin E,PEGylation linker 6j,ANI0JYPWF,PAY0FSXOW,LIN0FSYDE
DRG0FVVMW,HER2-gsADC-32,Investigative,,Azido-tagged trastuzumab (Ab5),Monomethyl auristatin E,Glycosyl PEGylation linker 6q,ANI0ZXCLB,PAY0FSXOW,LIN0WBFEG
DRG0GCLJQ,Trastuzumab-C239I-SG3600,Investigative,,Engineered trastuzumab,N10-beta-glucuronide SG3200,Mal-PEG8-Val-Ala-PABC,ANI0YFNRL,PAY0DZNQW,LIN0YRUBS
DRG0GLGYX,HER2-gsADC-9,Investigative,,Azido-tagged trastuzumab (Ab3),Monomethyl auristatin E,Linear alkyne 6f,ANI0INWGS,PAY0FSXOW,LIN0OAQUP
DRG0GTLUP,hu4DFabv8 (V110C)-MC-Val-Cit-PAB-MMAE,Investigative,,hu4DFabv8 (V110C),Monomethyl auristatin E,Mc-Val-Cit-PABC,ANI0SOSKT,PAY0FSXOW,LIN0SQEDQ
DRG0GWOJU,Anti-HER2-D265C-30.2347,Investigative,,Anti-Her2-D265C,Amanitin 30.2347,Mc-Val-Ala-PABC,ANI0YMMYQ,PAY0AETYD,LIN0OXUQL
DRG0GYIQE,HER2-gsADC-13,Investigative,,Azido-tagged trastuzumab (Ab3),Monomethyl auristatin E,PEGylation linker 6j,ANI0INWGS,PAY0FSXOW,LIN0FSYDE
DRG0HEEGF,hu4DFabv8 (V110C)-MC-Val-Cit-PAB-MMAF,Investigative,,hu4DFabv8 (V110C),Monomethyl auristatin F,Mc-Val-Cit-PABC,ANI0SOSKT,PAY0QLDVX,LIN0SQEDQ
DRG0HORED,T-D265C-NH2-Pro-amanitin,Investigative,,Trastuzumab D265C,NH2-Pro-dideoxy-alpha-amanitin,Mc-Val-Ala-PABC,ANI0ZDEDL,PAY0SNRJM,LIN0OXUQL
DRG0HUCIT,Anti-HER2-D265C-30.2060,Investigative,,Anti-Her2-D265C,Amanitin 30.206,Mc-Val-Ala-PABC,ANI0YMMYQ,PAY0ZLLVK,LIN0OXUQL
DRG0ICTYK,HER2-gsADC-30,Investigative,,Azido-tagged trastuzumab (Ab5),Monomethyl auristatin E,Glycosyl PEGylation linker 6o,ANI0ZXCLB,PAY0FSXOW,LIN0JNFEK
DRG0IPGHJ,HER2 S298N/T299A/Y300S-Mc-Val-Cit-PABC-MMAE,Investigative,,Anti-HER2 mAb S298N/T299A/Y300S,Monomethyl auristatin E,Mc-Val-Cit-PABC,ANI0GQTVF,PAY0FSXOW,LIN0SQEDQ
DRG0IWHUZ,Anti-HER2-D265C-30.2867,Investigative,,Anti-Her2-D265C,Amanitin 30.2867,Maleimido-caproyl,ANI0YMMYQ,PAY0EQLPH,LIN0TAFAV
DRG0IWLZD,HER2-gsADC-16,Investigative,,Azido-tagged trastuzumab (Ab3),Monomethyl auristatin E,PEGylation linker 6m,ANI0INWGS,PAY0FSXOW,LIN0VRUQV
DRG0JFCWH,HER2-gsADC-11,Investigative,,Azido-tagged trastuzumab (Ab3),Monomethyl auristatin E,PEGylation linker 6h,ANI0INWGS,PAY0FSXOW,LIN0XWXHG
DRG0KZKVI,HER2-gsADC-5,Investigative,,Azido-tagged trastuzumab (Ab2),Monomethyl auristatin E,Azadibenzocylooctyne-amine derivative 6d,ANI0KPKXW,PAY0FSXOW,LIN0NNRAU
DRG0LENDG,A114N-Mc-Val-Cit-PABC-MMAE,Investigative,,Anti-HER2 mAb A114N,Monomethyl auristatin E,Mc-Val-Cit-PABC,ANI0EKVHF,PAY0FSXOW,LIN0SQEDQ
DRG0LKKUN,HER2-gsADC-14,Investigative,,Azido-tagged trastuzumab (Ab3),Monomethyl auristatin E,PEGylation linker 6k,ANI0INWGS,PAY0FSXOW,LIN0HRWEZ
DRG0MBPQU,HER2-gsADC-34,Investigative,,Azido-tagged trastuzumab (Ab6),Monomethyl auristatin E,Linear alkyne 6f,ANI0JYPWF,PAY0FSXOW,LIN0OAQUP
DRG0MJEFF,HER2-gsADC-6,Investigative,,Azido-tagged trastuzumab (Ab2),Monomethyl auristatin E,Bicyclononyne derivative 6e,ANI0KPKXW,PAY0FSXOW,LIN0EDQAN
DRG0MQOAU,HER2-gsADC-28,Investigative,,Azido-tagged trastuzumab (Ab5),Monomethyl auristatin E,PEGylation linker 6l,ANI0ZXCLB,PAY0FSXOW,LIN0IKAMG
DRG0NGRVC,HER2-gsADC-36,Investigative,,Azido-tagged trastuzumab (Ab6),Monomethyl auristatin E,PEGylation linker 6h,ANI0JYPWF,PAY0FSXOW,LIN0XWXHG
DRG0NKEFL,HER2-gsADC-29,Investigative,,Azido-tagged trastuzumab (Ab5),Monomethyl auristatin E,PEGylation linker 6m,ANI0ZXCLB,PAY0FSXOW,LIN0VRUQV
DRG0NPYPV,T-CpHK-Mal-ADC,Investigative,,Trastuzumab-CpHK,Monomethyl auristatin E,Mc-Val-Cit-PABC,ANI0LUKGL,PAY0FSXOW,LIN0SQEDQ
DRG0OUFUE,hu4DFabv8 (V110C)-MC-MMAF,Investigative,,hu4DFabv8 (V110C),Monomethyl auristatin F,Maleimido-caproyl,ANI0SOSKT,PAY0QLDVX,LIN0TAFAV
DRG0OUQRD,hu4DFabv8 (V110C)-MC-MMAE,Investigative,,hu4DFabv8 (V110C),Monomethyl auristatin E,Maleimido-caproyl,ANI0SOSKT,PAY0FSXOW,LIN0TAFAV
DRG0RCBIZ,HER2-gsADC-15,Investigative,,Azido-tagged trastuzumab (Ab3),Monomethyl auristatin E,PEGylation linker 6l,ANI0INWGS,PAY0FSXOW,LIN0IKAMG
DRG0REHRP,HER2-gsADC-7,Investigative,,Azido-tagged trastuzumab (Ab2),Monomethyl auristatin E,PEGylation linker 6m,ANI0KPKXW,PAY0FSXOW,LIN0VRUQV
DRG0RLQTI,HER2-gsADC-31,Investigative,,Azido-tagged trastuzumab (Ab5),Monomethyl auristatin E,Glycosyl PEGylation linker 6p,ANI0ZXCLB,PAY0FSXOW,LIN0BKGXU
DRG0SKBBH,HER2-gsADC-27,Investigative,,Azido-tagged trastuzumab (Ab5),Monomethyl auristatin E,PEGylation linker 6k,ANI0ZXCLB,PAY0FSXOW,LIN0HRWEZ
DRG0SQBTE,Anti-HER2-D265C-30.2371,Investigative,,Anti-Her2-D265C,Amanitin 30.2371,Mc-Val-Ala-PABC,ANI0YMMYQ,PAY0KQAFJ,LIN0OXUQL
DRG0SWDOP,HER2-gsADC-24,Investigative,,Azido-tagged trastuzumab (Ab5),Monomethyl auristatin E,PEGylation linker 6h,ANI0ZXCLB,PAY0FSXOW,LIN0XWXHG
DRG0SXQYA,T-D265C-CN-Pro-amanitin,Investigative,,Trastuzumab D265C,CN-Pro-dideoxy-alpha-amanitin,Mal-Val-Ala-PAB,ANI0ZDEDL,PAY0RYYQU,LIN0BSKSQ
DRG0TTCDG,HER2-gsADC-12,Investigative,,Azido-tagged trastuzumab (Ab3),Monomethyl auristatin E,PEGylation linker 6i,ANI0INWGS,PAY0FSXOW,LIN0TBEKP
DRG0UVKRA,HER2-gsADC-22,Investigative,,Azido-tagged trastuzumab (Ab5),Monomethyl auristatin E,Linear alkyne 6f,ANI0ZXCLB,PAY0FSXOW,LIN0OAQUP
DRG0VNYAP,HER2-gsADC-40,Investigative,,Azido-tagged trastuzumab (Ab6),Monomethyl auristatin E,PEGylation linker 6l,ANI0JYPWF,PAY0FSXOW,LIN0IKAMG
DRG0VQXCO,HER2-gsADC-25,Investigative,,Azido-tagged trastuzumab (Ab5),Monomethyl auristatin E,PEGylation linker 6i,ANI0ZXCLB,PAY0FSXOW,LIN0TBEKP
DRG0WAHGA,HER2-gsADC-17,Investigative,,Azido-tagged trastuzumab (Ab3),Monomethyl auristatin E,Noncleavable linker 6t,ANI0INWGS,PAY0FSXOW,LIN0PVHPQ
DRG0WECWJ,HER2-gsADC-39,Investigative,,Azido-tagged trastuzumab (Ab6),Monomethyl auristatin E,PEGylation linker 6k,ANI0JYPWF,PAY0FSXOW,LIN0HRWEZ
DRG0WRWUB,HER2-gsADC-35,Investigative,,Azido-tagged trastuzumab (Ab6),Monomethyl auristatin E,PEGylation linker 6g,ANI0JYPWF,PAY0FSXOW,LIN0XOMJS
DRG0XIMBQ,Engineered HER-SG3227,Investigative,,Engineered trastuzumab,SG2219,Acetamide-PEG4-Val-Ala-PABA,ANI0YFNRL,PAY0XUVDV,LIN0MTORH
DRG0XJKXB,Trastuzumab-C239I-SG3400,Investigative,,Engineered trastuzumab,SG3200,Mal-PEG8-Val-Ala-PABC,ANI0YFNRL,PAY0EKUNN,LIN0YRUBS
DRG0XKRSD,HER2-gsADC-10,Investigative,,Azido-tagged trastuzumab (Ab3),Monomethyl auristatin E,PEGylation linker 6g,ANI0INWGS,PAY0FSXOW,LIN0XOMJS
DRG0YYOWE,HER2-gsADC-8,Investigative,,Azido-tagged trastuzumab (Ab2),Monomethyl auristatin E,Glycosyl PEGylation linker 6r,ANI0KPKXW,PAY0FSXOW,LIN0AUGVW
DRG0ZKTDK,Anti-HER2-D265C-30.1699,Investigative,,Anti-Her2-D265C,Amanitin 30.1699,Mc-Val-Ala-PABC,ANI0YMMYQ,PAY0IKFVR,LIN0OXUQL
DRG0AZYWH,ZHER2:342-Cupid-His-Ax-SiPc,Investigative,,ZHER2:342-Cupid-His,Silicon Phthalocyanine,Psyche-Ax,ANI0HMZTU,PAY0ISVPY,LIN0LGIYJ
DRG0BTRCK,Trastuzumab I253Q-MMAE,Investigative,,Trastuzumab I253Q,Monomethyl auristatin E,Dansylcadaverine-BCN based linker,ANI0RIXUD,PAY0FSXOW,LIN0MRUQL
DRG0CYGIY,HER2-gsADC-3,Investigative,,CHO-S2G2F-Tras (Ab1),Monomethyl auristatin E,Hydroxylamine derivative 6c,ANI0XTFWS,PAY0FSXOW,LIN0LOOGK
DRG0DIGSK,VCit ADC 3a,Investigative,,Anti-HER2 mAb glutamine 295 (Q295),Monomethyl auristatin F,DBCO-PEG-VCit-PABC,ANI0WQMZW,PAY0QLDVX,LIN0QRLMU
DRG0DMWXZ,ADC MMAE/F 4+2,Investigative,,Trastuzumab N297A,Monomethyl auristatin E+Monomethyl auristatin F,DBCO-PEG3-Glu-Val-Cit-PABC,ANI0LHFOP,PAY0XXLAE,LIN0TMCCF
DRG0DXFIE,ZHER2-ABD-mcMMAF,Investigative,,ZHER2-ABD,Monomethyl auristatin F,Maleimido-caproyl,ANI0PEKTF,PAY0QLDVX,LIN0TAFAV
DRG0EEUNT,H32-VCMMAE_3.8,Investigative,,Anti-HER2 mAb H32,Monomethyl auristatin E,Mc-Val-Cit-PABC,ANI0JSSAN,PAY0FSXOW,LIN0SQEDQ
DRG0EPIMA,Neolymphostin ADC 21,Investigative,,Trastuzumab A114C,Neolymphostin A,Mc-Val-Cit-PABC-DMEA,ANI0VQESX,PAY0FNIZI,LIN0UDCPQ
DRG0ETEWL,HER2-LC-H-SS-PBD,Investigative,,Anti-HER2 mAb,SG2000,H-disulfide linker,ANI0YQQFV,PAY0VDATG,LIN0LJYEO
DRG0FLEUN,Anti-HER2 DVD-Fab-h38c2-K99C_MMAF,Investigative,,Anti-HER2 DVD-Fab-h38c2-K99C,Monomethyl auristatin F,Dibromomaleimide-PEG4,ANI0FIPEX,PAY0QLDVX,LIN0QOUGK
DRG0FPDDJ,HER2-5 ADC,Investigative,,Anti-HER2 7C2 mAb,GNE-987 (R),Dolaflexin polymer,ANI0UQYRT,PAY0NJQSP,LIN0SWMHT
DRG0FROOE,HER2-LC-Me-SS-PBD,Investigative,,Anti-HER2 mAb,SG2000,Me-disulfide linker,ANI0YQQFV,PAY0VDATG,LIN0FZDAA
DRG0GTDQZ,Anti-HER2 DVD-Fab_MMAF,Investigative,,Anti-HER2 DVD-Fab,Monomethyl auristatin F,Dibromomaleimide-PEG4,ANI0QUZUF,PAY0QLDVX,LIN0QOUGK
DRG0HSWTG,Alpha-hydroxyvitamin-D5-HER2 antibody conjugate,Investigative,,Anti HER2 1-alpha-hydroxyvitamin-D5-HER-2 antibody conjugate mAb,Vitamin D,Sulfosuccinimidyl 6-4 azido nitrophenylamido hexanode (SANPAH),ANI0TPFEE,PAY0LMGKV,LIN0SWKZW
DRG0HWANT,Anti-HER2 DVD-IgG1-h38c2-K99C Fluorescein,Investigative,,Anti-HER2 DVD-IgG1-H38c2-K99C,Fluorescein derivative,MS-PODA,ANI0DAELR,PAY0EEKSD,LIN0FLKXL
DRG0HWXJD,HER2-EC4 DAR7.8,Investigative,,Anti-human HER2 mAb,NAMPT inhibitor 5,Open-chain glycine maleimide,ANI0FHVSY,PAY0FJMEW,LIN0NUGJD
DRG0HYLAD,H-3-vcMMAE,Investigative,,Anti-HER2 mAb H-3,Monomethyl auristatin E,Mc-Val-Cit-PABC,ANI0MLASB,PAY0FSXOW,LIN0SQEDQ
DRG0ICPAP,H32-DM1_3.7,Investigative,,Anti-HER2 mAb H32,Mertansine DM1,Succinimidyl-4-(N-maleimidomethyl)cyclohexane-1-carboxylate (SMCC),ANI0JSSAN,PAY0JCIBW,LIN0EBJON
DRG0JYOXZ,4D5-AF (CUAAC),Investigative,,Anti-Her2/neu mAb 4D5,Auristatin F,N6-(2-azidoethoxy)carbonyl-L-lysine,ANI0KYMZU,PAY0KGVAS,LIN0VKPCS
DRG0KEGVL,HER2-HC-Me-SS-PBD,Investigative,,Anti-HER2 mAb,SG2000,Me-disulfide linker,ANI0YQQFV,PAY0VDATG,LIN0FZDAA
DRG0KGCVV,ADC MMAE/F 2+2,Investigative,,Trastuzumab N297A,Monomethyl auristatin E+Monomethyl auristatin F,DBCO-PEG3-Glu-Val-Cit-PABC,ANI0LHFOP,PAY0XXLAE,LIN0TMCCF
DRG0KJEVJ,Anti-HER2 scFv-Fc (Ser396Sec)-CN29,Investigative,,Anti-HER2 scFv-Fc (Ser396Sec),Monomethyl auristatin F derivative peptide (CN29),Lodoacetamido-caproyl,ANI0VXTFE,PAY0NJPOR,LIN0AYJFZ
DRG0KLTKA,Neolymphostin ADC 22,Investigative,,Trastuzumab A114C,Neolymphostin A,PEG4-DMEA,ANI0VQESX,PAY0FNIZI,LIN0PDKLY
DRG0LAXWY,H32-DM1_3.8,Investigative,,Anti-HER2 mAb H32,Mertansine DM1,Succinimidyl-4-(N-maleimidomethyl)cyclohexane-1-carboxylate (SMCC),ANI0JSSAN,PAY0JCIBW,LIN0EBJON
DRG0LCKMF,HER2-EC4 DAR2.7,Investigative,,Anti-human HER2 mAb,NAMPT inhibitor 5,Open-chain glycine maleimide,ANI0FHVSY,PAY0FJMEW,LIN0NUGJD
DRG0LJEAK,Neolymphostin ADC 23,Investigative,,Trastuzumab A114C,Neolymphostin A,Mc-Val-Cit-PABC,ANI0VQESX,PAY0FNIZI,LIN0SQEDQ
DRG0MEYSI,Anti-HER2 DVD-IgG1-h38c2-K99C TAMTA 1,Investigative,,Anti-HER2 DVD-IgG1-H38c2-K99C,5(6)-Carboxytetramethylrhodamine,Mal-PEG3,ANI0DAELR,PAY0TLDYP,LIN0ICRWO
DRG0MGNXH,IgG1 (GH2-20)-vc-MMAE,Investigative,,Anti-HER2 IgG1(GH2-20),Monomethyl auristatin E,Mc-Val-Cit-PABC,ANI0KAJYW,PAY0FSXOW,LIN0SQEDQ
DRG0OILCC,IgG1 (H32)-vc-MMAE,Investigative,,Anti-HER2 IgG1(H32),Monomethyl auristatin E,Mc-Val-Cit-PABC,ANI0EGQEL,PAY0FSXOW,LIN0SQEDQ
DRG0OMJPO,IgG1 (GH2-75)-vc-MMAE,Investigative,,Anti-HER2 IgG1(GH2-75),Monomethyl auristatin E,Mc-Val-Cit-PABC,ANI0ORIES,PAY0FSXOW,LIN0SQEDQ
DRG0OQAHP,H32-VCMMAE_3.2,Investigative,,Anti-HER2 mAb H32,Monomethyl auristatin E,Mc-Val-Cit-PABC,ANI0JSSAN,PAY0FSXOW,LIN0SQEDQ
DRG0PUTAO,IgG1 (GH2-61)-vc-MMAE,Investigative,,Anti-HER2 IgG1(GH2-61),Monomethyl auristatin E,Mc-Val-Cit-PABC,ANI0ZSTYR,PAY0FSXOW,LIN0SQEDQ
DRG0PZPZP,HER2-gsADC-18,Investigative,,CHO-G2F-Tras (Ab4),Monomethyl auristatin E,ThioPz linker 6a,ANI0WFXGO,PAY0FSXOW,LIN0HFPWP
DRG0QZVIA,H-1-vcMMAE,Investigative,,Anti-HER2 mAb H-1,Monomethyl auristatin E,Mc-Val-Cit-PABC,ANI0BMFTJ,PAY0FSXOW,LIN0SQEDQ
DRG0RKWFA,HER2-gsADC-21,Investigative,,CHO-G2F-Tras (Ab4),Monomethyl auristatin E,PEGylation linker 6n,ANI0WFXGO,PAY0FSXOW,LIN0MFKCG
DRG0RSSDW,H32-VCMMAE_6.6,Investigative,,Anti-HER2 mAb H32,Monomethyl auristatin E,Mc-Val-Cit-PABC,ANI0JSSAN,PAY0FSXOW,LIN0SQEDQ
DRG0RXFPS,ZHER2-ABD-mcMMAE,Investigative,,ZHER2-ABD,Monomethyl auristatin E,Maleimido-caproyl,ANI0PEKTF,PAY0FSXOW,LIN0TAFAV
DRG0SAVZQ,H32-DM1_3.0,Investigative,,Anti-HER2 mAb H32,Mertansine DM1,Succinimidyl-4-(N-maleimidomethyl)cyclohexane-1-carboxylate (SMCC),ANI0JSSAN,PAY0JCIBW,LIN0EBJON
DRG0SXUNR,EVCit ADC 3c,Investigative,,Anti-HER2 mAb glutamine 295 (Q295),Monomethyl auristatin F,DBCO-PEG-EVCit-PABC,ANI0WQMZW,PAY0QLDVX,LIN0WDHTF
DRG0TBLWE,HER2-gsADC-4,Investigative,,CHO-S2G2F-Tras (Ab1),Monomethyl auristatin E,PEGylation linker 6n,ANI0XTFWS,PAY0FSXOW,LIN0MFKCG
DRG0TEHJZ,Neolymphostin ADC 24,Investigative,,Trastuzumab A114C,Neolymphostin A,N-Methoxycarbonylmaleimide,ANI0VQESX,PAY0FNIZI,LIN0DOFAU
DRG0TQSJE,HER2-EC3,Investigative,,Anti-human HER2 mAb,NAMPT inhibitor 4,Mc-Val-Ala,ANI0FHVSY,PAY0TVYEO,LIN0ENDIF
DRG0TTREL,HER2-EC1,Investigative,,Anti-human HER2 mAb,NAMPT inhibitor 4,Maleimido-caproyl,ANI0FHVSY,PAY0TVYEO,LIN0TAFAV
DRG0UTOAM,,Investigative,,DVD-IgG,Lutetium-177,"PODS-CHX-A""-DTPA",ANI0BFUXE,PAY0RJLDA,LIN0LHYHG
DRG0UWDAV,H32-DM1_3.3,Investigative,,Anti-HER2 mAb H32,Mertansine DM1,Succinimidyl-4-(N-maleimidomethyl)cyclohexane-1-carboxylate (SMCC),ANI0JSSAN,PAY0JCIBW,LIN0EBJON
DRG0UZRCT,HER2-HC-H-SS-PBD,Investigative,,Anti-HER2 mAb,SG2000,H-disulfide linker,ANI0YQQFV,PAY0VDATG,LIN0LJYEO
DRG0VBGFV,Anti-HER2 DVD-IgG1-h38c2-K99C TAMTA 3,Investigative,,Anti-HER2 DVD-IgG1-H38c2-K99C,5(6)-Carboxytetramethylrhodamine,Dibromomaleimide-PEG3,ANI0DAELR,PAY0TLDYP,LIN0CQUIQ
DRG0VCLLC,H32-VCMMAE_2.1,Investigative,,Anti-HER2 mAb H32,Monomethyl auristatin E,Mc-Val-Cit-PABC,ANI0JSSAN,PAY0FSXOW,LIN0SQEDQ
DRG0VINXW,HER2-gsADC-2,Investigative,,CHO-S2G2F-Tras (Ab1),Monomethyl auristatin E,2-Aminobenzamide oxime,ANI0XTFWS,PAY0FSXOW,LIN0JETYX
DRG0VQKRL,Trastuzumab deglycosylated WT-MMAE,Investigative,,Trastuzumab I253Q,Monomethyl auristatin E,Dansylcadaverine deglycosylated-BCN based linker,ANI0RIXUD,PAY0FSXOW,LIN0YWQKT
DRG0VVAJK,HER2-gsADC-20,Investigative,,CHO-G2F-Tras (Ab4),Monomethyl auristatin E,Hydroxylamine derivative 6c,ANI0WFXGO,PAY0FSXOW,LIN0LOOGK
DRG0WXCIE,HER2-gsADC-19,Investigative,,CHO-G2F-Tras (Ab4),Monomethyl auristatin E,2-Aminobenzamide oxime,ANI0WFXGO,PAY0FSXOW,LIN0JETYX
DRG0XSLBD,HER2-EC5,Investigative,,Anti-human HER2 mAb,NAMPT inhibitor 6,Open-chain glycine maleimide-PEG,ANI0FHVSY,PAY0VEWVZ,LIN0BEGYO
DRG0YCTPW,Anti-HER2 DVD-IgG1-h38c2-K99C_MMAF,Investigative,,Anti-HER2 DVD-IgG1-H38c2-K99C,Monomethyl auristatin F,Dibromomaleimide-PEG4,ANI0DAELR,PAY0QLDVX,LIN0QOUGK
DRG0YJRFT,HER2-gsADC-1,Investigative,,CHO-S2G2F-Tras (Ab1),Monomethyl auristatin E,ThioPz linker 6a,ANI0XTFWS,PAY0FSXOW,LIN0HFPWP
DRG0YLPDL,Anti-HER2 DVD-IgG1-h38c2-K99C TAMTA 2,Investigative,,Anti-HER2 DVD-IgG1-H38c2-K99C,5(6)-Carboxytetramethylrhodamine,Monobromomaleimide-PEG3,ANI0DAELR,PAY0TLDYP,LIN0TVSDW
DRG0YPJDN,H-4-vcMMAE,Investigative,,Anti-HER2 mAb H-4,Monomethyl auristatin E,Mc-Val-Cit-PABC,ANI0EGTVP,PAY0FSXOW,LIN0SQEDQ
DRG0YSXVA,Anti-HER2 DVD-IgG1_MMAF,Investigative,,Anti-HER2 DVD-IgG1,Monomethyl auristatin F,Dibromomaleimide-PEG4,ANI0DYXCK,PAY0QLDVX,LIN0QOUGK
DRG0YSXXF,Pyro-Linker-ZHER2,Investigative,,Modified ZHER2:2891 protein (ZHER2),Pyropheophorbide-a,Pyro-Linker based linker,ANI0BFSVD,PAY0XFCHM,LIN0LNLAP
DRG0ZRBOR,Anti-HER2 DVD-IgG1-Tiancimycin,Investigative,,Anti-HER2 DVD-IgG1,Tiancimycin,DVD-PEG4-Triazol,ANI0DYXCK,PAY0DWOSZ,LIN0EDTZS
DRG0ZRYPR,ADC MMAE/F 2+4,Investigative,,Trastuzumab N297A,Monomethyl auristatin E+Monomethyl auristatin F,DBCO-PEG3-Glu-Val-Cit-PABC,ANI0LHFOP,PAY0XXLAE,LIN0TMCCF
DRG0ZSNLZ,ADAPT6-ABD-mcDM1,Investigative,,ADAPT6-ABD,Mertansine DM1,Maleimidocaproyl (Ser3-Gly)3,ANI0ESAPD,PAY0JCIBW,LIN0NYNCO
DRG0GBRAR,Trastuzumab-dTSPEG-MMAF,Investigative(Terminated),,Trastuzumab,Monomethyl auristatin F,dTSPEG,ANI0FIZAK,PAY0QLDVX,LIN0QUSMP
DRG0VHXYA,GQ1005,Phase 3,Breast cancer,Trastuzumab variant,DXd,Mc-Gly-Gly-Phe-Gly (ring-opening derivative),ANI0BOAGM,PAY0WSZPJ,LIN0RPVYC
DRG0IVDIV,TQB2102,Phase 3,Colorectal cancer,Anti-HER2 antibody,2-DDDX-d,Mc-Gly-Gly-Phe-Gly,ANTI0SFUKH,PAY0DGDJZ,LIN0ECMCR
DRG0WOJVL,BB-1701,Phase 2,Lung cancer,Anti-HER2 antibody,Eribulin,Mal-PEG2-Val-Cit-PABC,ANTI0SFUKH,PAY0JAEKD,LIN0BXULN
DRG0HDUGB,BAT8010,Phase 1/2,,Anti-HER2 antibody,Exatecan,A cleavable linker,ANTI0SFUKH,PAY0LEIGJ,LIN0JKBHU
DRG0QQUXG,SMP-656,Phase 1,Unspecific solid tumor,Anti-HER2 antibody,Eribulin,SuperHydraTM linker,ANTI0SFUKH,PAY0JAEKD,LIN0VMUTI
DRG0SCLSY,GB251,Phase 1,Breast cancer,Anti-HER2 antibody,Monomethyl auristatin E,BiM-Val-Cit-PABC,ANTI0SFUKH,PAY0FSXOW,LIN0ZNXVG
DRG0UJUZQ,GQ1007,Phase 1 (discontinued),Unspecific solid tumor,Anti-HER2 antibody,TLR7/8 agonist,Stable linker,ANTI0SFUKH,PAY0WYUGU,LIN0YPYME
DRG0ADMHI,WO2017089890A1 ADC36,Investigative,,Trastuzumab,Monomethyl auristatin E,Undisclosed,ANI0FIZAK,PAY0FSXOW,
DRG0ADUDY,Trastuzumab-Compound (Ib) DAR1.5,Investigative,,Trastuzumab,NeoDegrader P3,Undisclosed,ANI0FIZAK,PAY0AUDQR,
DRG0AFEZA,WO2017089895A1 ADC1,Investigative,,Trastuzumab,Monomethyl auristatin E,Undisclosed,ANI0FIZAK,PAY0FSXOW,
DRG0AJNFC,Pertuzumab-Compound 36,Investigative,,Pertuzumab,Monomethyl auristatin E,Undisclosed,ANI0XJJLY,PAY0FSXOW,
DRG0AKPPC,Pertuzumab-Compound (lc) DAR 8,Investigative,,Pertuzumab,NeoDegrader P4,Undisclosed,ANI0XJJLY,PAY0QHEZM,
DRG0ANLSP,WO2017089890A1 ADC87,Investigative,,Trastuzumab,Monomethyl auristatin E,Undisclosed,ANI0FIZAK,PAY0FSXOW,
DRG0AQDHE,WO2022078260A1 ADC-2,Investigative,,Trastuzumab,Ln-D1,Undisclosed,ANI0FIZAK,PAY0DGOAU,
DRG0ASSQT,Trastuzumab-Compound 80,Investigative,,Trastuzumab,Mertansine DM4,Undisclosed,ANI0FIZAK,PAY0GTSVM,
DRG0AVRJX,Trastuzumab-alpha-amanitin conjugate 10,Investigative,,Trastuzumab,Alpha-amanitin,Undisclosed,ANI0FIZAK,PAY0MZOZX,
DRG0AYMXK,WO2017089895A1 ADC30,Investigative,,Trastuzumab,Monomethyl auristatin E,Undisclosed,ANI0FIZAK,PAY0FSXOW,
DRG0BCBPA,Trastuzumab-Compound (lh),Investigative,,Trastuzumab,NeoDegrader P13,Undisclosed,ANI0FIZAK,PAY0YTSLK,
DRG0BIRRQ,WO2017089895A1 ADC47,Investigative,,Trastuzumab,Monomethyl auristatin E,Undisclosed,ANI0FIZAK,PAY0FSXOW,
DRG0BJRWF,WO2017089890A1 ADC35,Investigative,,Trastuzumab,Monomethyl auristatin E,Undisclosed,ANI0FIZAK,PAY0FSXOW,
DRG0BSMIT,Pertuzumab-Compound 43,Investigative,,Pertuzumab,PBD dimer,Undisclosed,ANI0XJJLY,PAY0IJSCK,
DRG0BZOVW,WO2017089890A1 ADC19,Investigative,,Trastuzumab,Monomethyl auristatin E,Undisclosed,ANI0FIZAK,PAY0FSXOW,
DRG0CAKTG,Pertuzumab-Compound (le),Investigative,,Pertuzumab,NeoDegrader P1,Undisclosed,ANI0XJJLY,PAY0WFMTF,
DRG0CBEAP,Trastuzumab-Compound (lm),Investigative,,Trastuzumab,NeoDegrader P14,Undisclosed,ANI0FIZAK,PAY0PSYAB,
DRG0CGHMG,WO2022078260A1 ADC-4,Investigative,,Trastuzumab,Ln-D4,Undisclosed,ANI0FIZAK,PAY0DLXHA,
DRG0CGMBF,WO2017089895A1 ADC24,Investigative,,Trastuzumab,Monomethyl auristatin E,Undisclosed,ANI0FIZAK,PAY0FSXOW,
DRG0CGOJG,Pertuzumab-Compound (li),Investigative,,Pertuzumab,NeoDegrader P1,Undisclosed,ANI0XJJLY,PAY0WFMTF,
DRG0CJAJZ,WO2017089895A1 ADC53,Investigative,,Trastuzumab,Monomethyl auristatin F,Undisclosed,ANI0FIZAK,PAY0QLDVX,
DRG0CJKGU,WO2017089890A1 ADC26,Investigative,,Trastuzumab,Monomethyl auristatin E,Undisclosed,ANI0FIZAK,PAY0FSXOW,
DRG0CMIAR,WO2017089890A1 ADC14,Investigative,,Trastuzumab,Monomethyl auristatin F,Undisclosed,ANI0FIZAK,PAY0QLDVX,
DRG0CSCEG,WO2017089890A1 ADC37,Investigative,,Trastuzumab,Monomethyl auristatin E,Undisclosed,ANI0FIZAK,PAY0FSXOW,
DRG0CUHCA,WO2017089890A1 ADC78,Investigative,,Trastuzumab,Alpha-amanitin+Monomethyl auristatin E,Undisclosed,ANI0FIZAK,PAY0KYHON,
DRG0CVNKC,WO2017089895A1 ADC55,Investigative,,Trastuzumab,Monomethyl auristatin F,Undisclosed,ANI0FIZAK,PAY0QLDVX,
DRG0DAYSW,WO2017089895A1 ADC88,Investigative,,Trastuzumab,Monomethyl auristatin F,Undisclosed,ANI0FIZAK,PAY0QLDVX,
DRG0DBIAD,Trastuzumab-amanitin 4,Investigative,,Trastuzumab,Beta-amanitin,Undisclosed,ANI0FIZAK,PAY0XFJJT,
DRG0DCZQI,WO2017089890A1 ADC53,Investigative,,Trastuzumab,Monomethyl auristatin E,Undisclosed,ANI0FIZAK,PAY0FSXOW,
DRG0DDCWT,WO2017089890A1 ADC12,Investigative,,Trastuzumab,Monomethyl auristatin E,Undisclosed,ANI0FIZAK,PAY0FSXOW,
DRG0DFPZW,WO2017089895A1 ADC35,Investigative,,Trastuzumab,Monomethyl auristatin E,Undisclosed,ANI0FIZAK,PAY0FSXOW,
DRG0DGSTV,Trastuzumab-Compound 36,Investigative,,Trastuzumab,Monomethyl auristatin E,Undisclosed,ANI0FIZAK,PAY0FSXOW,
DRG0DWLPO,WO2017089890A1 ADC22,Investigative,,Trastuzumab,Alpha-amanitin,Undisclosed,ANI0FIZAK,PAY0MZOZX,
DRG0EASCG,WO2013055987A1 Tmab-104,Investigative,,Trastuzumab,SG2000,Undisclosed,ANI0FIZAK,PAY0VDATG,
DRG0ECRFW,WO2017089890A1 ADC58,Investigative,,Trastuzumab,Alpha-amanitin+Monomethyl auristatin E,Undisclosed,ANI0FIZAK,PAY0KYHON,
DRG0ECWNO,WO2017089895A1 ADC19,Investigative,,Trastuzumab,Monomethyl auristatin E,Undisclosed,ANI0FIZAK,PAY0FSXOW,
DRG0EHZQN,Trastuzumab-Compound (lk),Investigative,,Trastuzumab,NeoDegrader P14,Undisclosed,ANI0FIZAK,PAY0PSYAB,
DRG0EIFPZ,WO2017089895A1 ADC40,Investigative,,Trastuzumab,Monomethyl auristatin F,Undisclosed,ANI0FIZAK,PAY0QLDVX,
DRG0ENCMJ,WO2017089895A1 ADC62,Investigative,,Trastuzumab,Monomethyl auristatin F,Undisclosed,ANI0FIZAK,PAY0QLDVX,
DRG0ENXTH,WO2017089890A1 ADC20,Investigative,,Trastuzumab,Monomethyl auristatin F,Undisclosed,ANI0FIZAK,PAY0QLDVX,
DRG0EOKVH,Pertuzumab-Compound 74,Investigative,,Pertuzumab,PBD dimer,Undisclosed,ANI0XJJLY,PAY0IJSCK,
DRG0EPKTP,Trastuzumab-Compound (ld) DAR 1.6,Investigative,,Trastuzumab,NeoDegrader P1,Undisclosed,ANI0FIZAK,PAY0WFMTF,
DRG0EQQCH,WO2017089890A1 ADC4,Investigative,,Trastuzumab,Monomethyl auristatin F,Undisclosed,ANI0FIZAK,PAY0QLDVX,
DRG0ERIFJ,WO2017089895A1 ADC48,Investigative,,Trastuzumab,Monomethyl auristatin F,Undisclosed,ANI0FIZAK,PAY0QLDVX,
DRG0EROGK,WO2017089895A1 ADC8,Investigative,,Trastuzumab,Monomethyl auristatin F,Undisclosed,ANI0FIZAK,PAY0QLDVX,
DRG0ETALA,Trastuzumab-Compound (la) DAR 8,Investigative,,Trastuzumab,NeoDegrader P1,Undisclosed,ANI0FIZAK,PAY0WFMTF,
DRG0ETKAL,WO2017089895A1 ADC15,Investigative,,Trastuzumab,Monomethyl auristatin E,Undisclosed,ANI0FIZAK,PAY0FSXOW,
DRG0ETTLE,WO2017089890A1 ADC48,Investigative,,Trastuzumab,Monomethyl auristatin F,Undisclosed,ANI0FIZAK,PAY0QLDVX,
DRG0EWBBJ,WO2017089890A1 ADC89,Investigative,,Trastuzumab,Monomethyl auristatin E,Undisclosed,ANI0FIZAK,PAY0FSXOW,
DRG0FFNBQ,Trastuzumab-Compound 77,Investigative,,Trastuzumab,Mertansine DM1,Undisclosed,ANI0FIZAK,PAY0JCIBW,
DRG0FLHQT,WO2017089895A1 ADC60,Investigative,,Trastuzumab,Monomethyl auristatin F,Undisclosed,ANI0FIZAK,PAY0QLDVX,
DRG0FLHSO,Docetaxel-trastuzumab,Investigative,,Trastuzumab,Docetaxel,Undisclosed,ANI0FIZAK,PAY0HAXGX,
DRG0FLPBW,WO2017089890A1 ADC54,Investigative,,Trastuzumab,Monomethyl auristatin F,Undisclosed,ANI0FIZAK,PAY0QLDVX,
DRG0FMYYT,WO2017089890A1 ADC60,Investigative,,Trastuzumab,Monomethyl auristatin F,Undisclosed,ANI0FIZAK,PAY0QLDVX,
DRG0FNVCJ,Pertuzumab-Compound 80,Investigative,,Pertuzumab,Mertansine DM4,Undisclosed,ANI0XJJLY,PAY0GTSVM,
DRG0FOSSG,WO2017089895A1 ADC87,Investigative,,Trastuzumab,Monomethyl auristatin E,Undisclosed,ANI0FIZAK,PAY0FSXOW,
DRG0FYIFH,WO2017089895A1 ADC6,Investigative,,Trastuzumab,Monomethyl auristatin F,Undisclosed,ANI0FIZAK,PAY0QLDVX,
DRG0GAEAE,WO2017089895A1 ADC49,Investigative,,Trastuzumab,Monomethyl auristatin E,Undisclosed,ANI0FIZAK,PAY0FSXOW,
DRG0GCCAG,WO2017089890A1 ADC5,Investigative,,Trastuzumab,Monomethyl auristatin E,Undisclosed,ANI0FIZAK,PAY0FSXOW,
DRG0GEVGK,Pertuzumab-Compound (lk),Investigative,,Pertuzumab,NeoDegrader P14,Undisclosed,ANI0XJJLY,PAY0PSYAB,
DRG0GJTDB,WO2017089890A1 ADC57,Investigative,,Trastuzumab,Alpha-amanitin,Undisclosed,ANI0FIZAK,PAY0MZOZX,
DRG0GJVFW,WO2017089890A1 ADC88,Investigative,,Trastuzumab,Monomethyl auristatin F,Undisclosed,ANI0FIZAK,PAY0QLDVX,
DRG0GJZXV,Trastuzumab-alpha-amanitin conjugate 11,Investigative,,Trastuzumab,Alpha-amanitin,Undisclosed,ANI0FIZAK,PAY0MZOZX,
DRG0GKHOI,Her-30.0643,Investigative,,Trastuzumab,HDP 30.0643,Undisclosed,ANI0FIZAK,PAY0CEJRH,
DRG0GKIOX,WO2017089895A1 ADC13,Investigative,,Trastuzumab,Monomethyl auristatin E,Undisclosed,ANI0FIZAK,PAY0FSXOW,
DRG0GLEBT,WO2017089895A1 ADC22,Investigative,,Trastuzumab,Alpha-amanitin,Undisclosed,ANI0FIZAK,PAY0MZOZX,
DRG0GMDZN,Trastuzumab-Compound (li),Investigative,,Trastuzumab,NeoDegrader P1,Undisclosed,ANI0FIZAK,PAY0WFMTF,
DRG0GOXPI,Trastuzumab-Compound 43,Investigative,,Trastuzumab,PBD dimer,Undisclosed,ANI0FIZAK,PAY0IJSCK,
DRG0GRWAM,Pertuzumab-Compound 59,Investigative,,Pertuzumab,Mertansine DM4,Undisclosed,ANI0XJJLY,PAY0GTSVM,
DRG0GWMWB,WO2017089890A1 ADC27,Investigative,,Trastuzumab,Monomethyl auristatin E,Undisclosed,ANI0FIZAK,PAY0FSXOW,
DRG0GWUZM,WO2017089890A1 ADC91,Investigative,,Trastuzumab,Monomethyl auristatin E,Undisclosed,ANI0FIZAK,PAY0FSXOW,
DRG0GXMFX,WO2017089895A1 ADC52,Investigative,,Trastuzumab,Monomethyl auristatin E,Undisclosed,ANI0FIZAK,PAY0FSXOW,
DRG0GYBKM,Pertuzumab-Compound (lh),Investigative,,Pertuzumab,NeoDegrader P13,Undisclosed,ANI0XJJLY,PAY0YTSLK,
DRG0GYPTN,WO2017089895A1 ADC46,Investigative,,Trastuzumab,Monomethyl auristatin F,Undisclosed,ANI0FIZAK,PAY0QLDVX,
DRG0GZXTD,Pertuzumab-Compound (lj),Investigative,,Pertuzumab,NeoDegrader P1,Undisclosed,ANI0XJJLY,PAY0WFMTF,
DRG0HALMA,WO2017089895A1 ADC9,Investigative,,Trastuzumab,Monomethyl auristatin E,Undisclosed,ANI0FIZAK,PAY0FSXOW,
DRG0HCHWH,WO2017089895A1 ADC51,Investigative,,Trastuzumab,Monomethyl auristatin E,Undisclosed,ANI0FIZAK,PAY0FSXOW,
DRG0HEBOE,Pertuzumab-Compound 31,Investigative,,Pertuzumab,Auristatin 0101,Undisclosed,ANI0XJJLY,PAY0WDZAK,
DRG0HEOUD,Pertuzumab-Compound (ll),Investigative,,Pertuzumab,NeoDegrader P14,Undisclosed,ANI0XJJLY,PAY0PSYAB,
DRG0HJPKN,WO2017089890A1 ADC45,Investigative,,Trastuzumab,Monomethyl auristatin E,Undisclosed,ANI0FIZAK,PAY0FSXOW,
DRG0HUJPE,WO2017089895A1 ADC18,Investigative,,Trastuzumab,Monomethyl auristatin F,Undisclosed,ANI0FIZAK,PAY0QLDVX,
DRG0HYJMR,Trastuzumab-alpha-amanitin conjugate 4,Investigative,,Trastuzumab,Alpha-amanitin,Undisclosed,ANI0FIZAK,PAY0MZOZX,
DRG0IAUUK,WO2017089895A1 ADC76,Investigative,,Trastuzumab,Monomethyl auristatin F,Undisclosed,ANI0FIZAK,PAY0QLDVX,
DRG0ICNII,WO2017089890A1 ADC46,Investigative,,Trastuzumab,Monomethyl auristatin F,Undisclosed,ANI0FIZAK,PAY0QLDVX,
DRG0IDYXQ,Trastuzumab-Compound 74,Investigative,,Trastuzumab,PBD dimer,Undisclosed,ANI0FIZAK,PAY0IJSCK,
DRG0IEGWD,WO2017089895A1 ADC34,Investigative,,Trastuzumab,Monomethyl auristatin F,Undisclosed,ANI0FIZAK,PAY0QLDVX,
DRG0IFCBO,WO2017089890A1 ADC30,Investigative,,Trastuzumab,Monomethyl auristatin E,Undisclosed,ANI0FIZAK,PAY0FSXOW,
DRG0IMRAX,WO2017089895A1 ADC27,Investigative,,Trastuzumab,Monomethyl auristatin E,Undisclosed,ANI0FIZAK,PAY0FSXOW,
DRG0IPKMO,Pertuzumab-Compound (lf),Investigative,,Pertuzumab,NeoDegrader P6,Undisclosed,ANI0XJJLY,PAY0WTMZI,
DRG0IRNDX,WO2017089895A1 ADC7,Investigative,,Trastuzumab,Monomethyl auristatin E,Undisclosed,ANI0FIZAK,PAY0FSXOW,
DRG0IVKDI,Trastuzumab-alpha-amanitin conjugate 3,Investigative,,Trastuzumab,Alpha-amanitin,Undisclosed,ANI0FIZAK,PAY0MZOZX,
DRG0IYRDO,WO2017089895A1 ADC21,Investigative,,Trastuzumab,Alpha-amanitin,Undisclosed,ANI0FIZAK,PAY0MZOZX,
DRG0IZQBW,Trastuzumab-Compound 9,Investigative,,Trastuzumab,Mertansine DM1,Undisclosed,ANI0FIZAK,PAY0JCIBW,
DRG0JAUXM,WO2017089890A1 ADC31,Investigative,,Trastuzumab,Monomethyl auristatin E,Undisclosed,ANI0FIZAK,PAY0FSXOW,
DRG0JDXBI,WO2017089890A1 ADC77,Investigative,,Trastuzumab,Monomethyl auristatin F,Undisclosed,ANI0FIZAK,PAY0QLDVX,
DRG0JGAPA,WO2017089895A1 ADC37,Investigative,,Trastuzumab,Monomethyl auristatin E,Undisclosed,ANI0FIZAK,PAY0FSXOW,
DRG0JHBPD,Pertuzumab-Compound 64,Investigative,,Pertuzumab,Monomethyl auristatin E,Undisclosed,ANI0XJJLY,PAY0FSXOW,
DRG0JKDDF,WO2017089895A1 ADC26,Investigative,,Trastuzumab,Monomethyl auristatin E,Undisclosed,ANI0FIZAK,PAY0FSXOW,
DRG0JLLKV,Trastuzumab-Compound (lc) DAR 8,Investigative,,Trastuzumab,NeoDegrader P4,Undisclosed,ANI0FIZAK,PAY0QHEZM,
DRG0JQVOZ,Trastuzumab-Compound 55,Investigative,,Trastuzumab,Mertansine DM1,Undisclosed,ANI0FIZAK,PAY0JCIBW,
DRG0JSQSL,Trastuzumab-Compound 69,Investigative,,Trastuzumab,Monomethyl auristatin E,Undisclosed,ANI0FIZAK,PAY0FSXOW,
DRG0JUQXU,WO2017089895A1 ADC41,Investigative,,Trastuzumab,Monomethyl auristatin E,Undisclosed,ANI0FIZAK,PAY0FSXOW,
DRG0JXJDY,WO2017089895A1 ADC44,Investigative,,Trastuzumab,Monomethyl auristatin F,Undisclosed,ANI0FIZAK,PAY0QLDVX,
DRG0JZKBU,WO2017089890A1 ADC49,Investigative,,Trastuzumab,Monomethyl auristatin E,Undisclosed,ANI0FIZAK,PAY0FSXOW,
DRG0KBVNM,T-N-F (DAR 1.6),Investigative,,Trastuzumab,Aldehyde-tagged MMAF,Undisclosed,ANI0FIZAK,PAY0VSQTA,
DRG0KIHFP,Pertuzumab-Compound 17,Investigative,,Pertuzumab,Mertansine DM4,Undisclosed,ANI0XJJLY,PAY0GTSVM,
DRG0KMBTX,Trastuzumab-alpha-amanitin conjugate 15,Investigative,,Trastuzumab,Alpha-amanitin,Undisclosed,ANI0FIZAK,PAY0MZOZX,
DRG0KMPUQ,WO2017089895A1 ADC2,Investigative,,Trastuzumab,Monomethyl auristatin F,Undisclosed,ANI0FIZAK,PAY0QLDVX,
DRG0KOORY,WO2017089895A1 ADC43,Investigative,,Trastuzumab,Monomethyl auristatin E,Undisclosed,ANI0FIZAK,PAY0FSXOW,
DRG0KRMJB,Pertuzumab-Compound 25,Investigative,,Pertuzumab,Monomethyl auristatin E,Undisclosed,ANI0XJJLY,PAY0FSXOW,
DRG0KSREK,Trastuzumab-DNA conjugate,Investigative,,Trastuzumab,DNA mimics,Undisclosed,ANI0FIZAK,PAY0XFSLP,
DRG0LCTJI,CRD-5500 antibody-drug conjugate,Investigative,,Trastuzumab,CRD5500,Undisclosed,ANI0FIZAK,PAY0UKURS,
DRG0LEDPD,WO2017089895A1 ADC57,Investigative,,Trastuzumab,Alpha-amanitin,Undisclosed,ANI0FIZAK,PAY0MZOZX,
DRG0LEEZX,WO2022078260A1 ADC-8,Investigative,,Trastuzumab,Ln-D8,Undisclosed,ANI0FIZAK,PAY0ZFZIN,
DRG0LFEVC,Trastuzumab-ATAC,Clinical candidate,,Trastuzumab,Alpha-amanitin,Undisclosed,ANI0FIZAK,PAY0MZOZX,
DRG0LGPCJ,Trastuzumab-Compound 59,Investigative,,Trastuzumab,Mertansine DM4,Undisclosed,ANI0FIZAK,PAY0GTSVM,
DRG0LJDDS,Pertuzumab-Compound(la),Investigative,,Pertuzumab,NeoDegrader P1,Undisclosed,ANI0XJJLY,PAY0WFMTF,
DRG0LMOPF,WO2017089895A1 ADC90,Investigative,,Trastuzumab,Monomethyl auristatin F,Undisclosed,ANI0FIZAK,PAY0QLDVX,
DRG0LOHHW,WO2013055987A1 Tmab-102,Investigative,,Trastuzumab,SG2000,Undisclosed,ANI0FIZAK,PAY0VDATG,
DRG0LXBRO,Pertuzumab-Compound 79,Investigative,,Pertuzumab,Auristatin 0101,Undisclosed,ANI0XJJLY,PAY0WDZAK,
DRG0LZRYF,WO2022078260A1 ADC-7,Investigative,,Trastuzumab,Ln-D7,Undisclosed,ANI0FIZAK,PAY0YYICA,
DRG0MAFDN,WO2017089890A1 ADC33,Investigative,,Trastuzumab,Monomethyl auristatin E,Undisclosed,ANI0FIZAK,PAY0FSXOW,
DRG0MAXVQ,WO2017089895A1 ADC23,Investigative,,Trastuzumab,Monomethyl auristatin F,Undisclosed,ANI0FIZAK,PAY0QLDVX,
DRG0MBJUE,Trastuzumab-Compound 49,Investigative,,Trastuzumab,PBD dimer,Undisclosed,ANI0FIZAK,PAY0IJSCK,
DRG0MBXOM,Pertuzumab-Compound 75,Investigative,,Pertuzumab,Monomethyl auristatin E,Undisclosed,ANI0XJJLY,PAY0FSXOW,
DRG0MHQQM,WO2017089890A1 ADC43,Investigative,,Trastuzumab,Monomethyl auristatin E,Undisclosed,ANI0FIZAK,PAY0FSXOW,
DRG0MIDXC,Trastuzumab-Compound 78,Investigative,,Trastuzumab,Auristatin 0101,Undisclosed,ANI0FIZAK,PAY0WDZAK,
DRG0MMRUZ,WO2017089890A1 ADC34,Investigative,,Trastuzumab,Monomethyl auristatin F,Undisclosed,ANI0FIZAK,PAY0QLDVX,
DRG0MPTSO,Trastuzumab-amanitin 1,Investigative,,Trastuzumab,Beta-amanitin,Undisclosed,ANI0FIZAK,PAY0XFJJT,
DRG0MTJCT,Trastuzumab-PNU-159682 Antibody-Drug Conjugate,Clinical candidate,,Trastuzumab,PNU-159682,Undisclosed,ANI0FIZAK,PAY0WKBCR,
DRG0MXUQM,MYX2449,Investigative,,Trastuzumab,N-Myristolytransferase inhibitor (NMTi),Undisclosed,ANI0FIZAK,PAY0EAGKL,
DRG0NANHM,Trastuzumab-T1000-exatecan,Investigative,,Trastuzumab,Exatecan,Undisclosed,ANI0FIZAK,PAY0LEIGJ,
DRG0NGNPN,WO2017089890A1 ADC38,Investigative,,Trastuzumab,Monomethyl auristatin F,Undisclosed,ANI0FIZAK,PAY0QLDVX,
DRG0NIARR,WO2013055987A1 Tmab-110,Investigative,,Trastuzumab,SG2000,Undisclosed,ANI0FIZAK,PAY0VDATG,
DRG0NKWDL,WO2017089890A1 ADC47,Investigative,,Trastuzumab,Monomethyl auristatin E,Undisclosed,ANI0FIZAK,PAY0FSXOW,
DRG0NLEYN,Tra-IR700,Clinical candidate,,Trastuzumab,IRDye 700DX,Undisclosed,ANI0FIZAK,PAY0EJBOG,
DRG0NPIBM,Trastuzumab-Compound 79,Investigative,,Trastuzumab,Auristatin 0101,Undisclosed,ANI0FIZAK,PAY0WDZAK,
DRG0NPVUI,Trastuzumab-Compound (lf),Investigative,,Trastuzumab,NeoDegrader P6,Undisclosed,ANI0FIZAK,PAY0WTMZI,
DRG0NXIFD,Pertuzumab-Compound (lg),Investigative,,Pertuzumab,NeoDegrader P2,Undisclosed,ANI0XJJLY,PAY0MGQCS,
DRG0NYPIB,WO2017089890A1 ADC32,Investigative,,Trastuzumab,Monomethyl auristatin E,Undisclosed,ANI0FIZAK,PAY0FSXOW,
DRG0OCBQU,WO2017089890A1 ADC42,Investigative,,Trastuzumab,Monomethyl auristatin F,Undisclosed,ANI0FIZAK,PAY0QLDVX,
DRG0OEJHH,WO2017089890A1 ADC59,Investigative,,Trastuzumab,Alpha-amanitin+Monomethyl auristatin E,Undisclosed,ANI0FIZAK,PAY0KYHON,
DRG0OEVBC,Pertuzumab-Compound 49,Investigative,,Pertuzumab,PBD dimer,Undisclosed,ANI0XJJLY,PAY0IJSCK,
DRG0OHPDJ,WO2017089895A1 ADC14,Investigative,,Trastuzumab,Monomethyl auristatin F,Undisclosed,ANI0FIZAK,PAY0QLDVX,
DRG0OJONC,WO2017089895A1 ADC4,Investigative,,Trastuzumab,Monomethyl auristatin F,Undisclosed,ANI0FIZAK,PAY0QLDVX,
DRG0OYPCY,WO2017089895A1 ADC31,Investigative,,Trastuzumab,Monomethyl auristatin E,Undisclosed,ANI0FIZAK,PAY0FSXOW,
DRG0PAQNL,WO2017089895A1 ADC25,Investigative,,Trastuzumab,Monomethyl auristatin E,Undisclosed,ANI0FIZAK,PAY0FSXOW,
DRG0PGQRD,WO2017089895A1 ADC77,Investigative,,Trastuzumab,Monomethyl auristatin F,Undisclosed,ANI0FIZAK,PAY0QLDVX,
DRG0PHAHT,WO2017089895A1 ADC38,Investigative,,Trastuzumab,Monomethyl auristatin F,Undisclosed,ANI0FIZAK,PAY0QLDVX,
DRG0PKCQK,WO2017089895A1 ADC11,Investigative,,Trastuzumab,Monomethyl auristatin E,Undisclosed,ANI0FIZAK,PAY0FSXOW,
DRG0PTDIM,WO2017089895A1 ADC33,Investigative,,Trastuzumab,Monomethyl auristatin E,Undisclosed,ANI0FIZAK,PAY0FSXOW,
DRG0PVKTX,Trastuzumab-Compound (lg),Investigative,,Trastuzumab,NeoDegrader P2,Undisclosed,ANI0FIZAK,PAY0MGQCS,
DRG0PZMZX,Pertuzumab-Compound 55,Investigative,,Pertuzumab,Mertansine DM1,Undisclosed,ANI0XJJLY,PAY0JCIBW,
DRG0QCDIP,WO2017089890A1 ADC90,Investigative,,Trastuzumab,Monomethyl auristatin F,Undisclosed,ANI0FIZAK,PAY0QLDVX,
DRG0QDZLG,WO2017089895A1 ADC17,Investigative,,Trastuzumab,Monomethyl auristatin E,Undisclosed,ANI0FIZAK,PAY0FSXOW,
DRG0QICWN,WO2017089895A1 ADC50,Investigative,,Trastuzumab,Monomethyl auristatin F,Undisclosed,ANI0FIZAK,PAY0QLDVX,
DRG0QJNJJ,WO2017089890A1 ADC63,Investigative,,Trastuzumab,Monomethyl auristatin E,Undisclosed,ANI0FIZAK,PAY0FSXOW,
DRG0QMFER,WO2017089895A1 ADC12,Investigative,,Trastuzumab,Monomethyl auristatin E,Undisclosed,ANI0FIZAK,PAY0FSXOW,
DRG0QQYLJ,WO2017089890A1 ADC29,Investigative,,Trastuzumab,Monomethyl auristatin E,Undisclosed,ANI0FIZAK,PAY0FSXOW,
DRG0QRBJJ,Trastuzumab-alpha-amanitin conjugate 14,Investigative,,Trastuzumab,Alpha-amanitin,Undisclosed,ANI0FIZAK,PAY0MZOZX,
DRG0QTPUM,WO2017089895A1 ADC16,Investigative,,Trastuzumab,Monomethyl auristatin F,Undisclosed,ANI0FIZAK,PAY0QLDVX,
DRG0QYOGP,WO2022078260A1 ADC-3,Investigative,,Trastuzumab,Ln-D2,Undisclosed,ANI0FIZAK,PAY0DKAJH,
DRG0RAUVY,WO2017089895A1 ADC91,Investigative,,Trastuzumab,Monomethyl auristatin E,Undisclosed,ANI0FIZAK,PAY0FSXOW,
DRG0RCSDN,WO2017089890A1 ADC18,Investigative,,Trastuzumab,Monomethyl auristatin F,Undisclosed,ANI0FIZAK,PAY0QLDVX,
DRG0RIJZL,WO2013055987A1 Tmab-101,Investigative,,Trastuzumab,SG2000,Undisclosed,ANI0FIZAK,PAY0VDATG,
DRG0RJNLU,WO2017089895A1 ADC32,Investigative,,Trastuzumab,Monomethyl auristatin E,Undisclosed,ANI0FIZAK,PAY0FSXOW,
DRG0RKJCI,HER2 targeted DEP conjugate,Clinical candidate,,Trastuzumab,Active metabolite of irinotecan SN38,Undisclosed,ANI0FIZAK,PAY0ZVBAI,
DRG0RSJXU,WO2017089895A1 ADC29,Investigative,,Trastuzumab,Monomethyl auristatin E,Undisclosed,ANI0FIZAK,PAY0FSXOW,
DRG0RVRBY,WO2017089895A1 ADC61,Investigative,,Trastuzumab,Monomethyl auristatin E,Undisclosed,ANI0FIZAK,PAY0FSXOW,
DRG0SAZHK,Trastuzumab-Compound (le),Investigative,,Trastuzumab,NeoDegrader P1,Undisclosed,ANI0FIZAK,PAY0WFMTF,
DRG0SGCKD,WO2017089895A1 ADC45,Investigative,,Trastuzumab,Monomethyl auristatin E,Undisclosed,ANI0FIZAK,PAY0FSXOW,
DRG0SHEPE,WO2017089890A1 ADC10,Investigative,,Trastuzumab,Monomethyl auristatin E,Undisclosed,ANI0FIZAK,PAY0FSXOW,
DRG0SJEMF,Trastuzumab-Compound (lc),Investigative,,Trastuzumab,NeoDegrader P4,Undisclosed,ANI0FIZAK,PAY0QHEZM,
DRG0SQMRZ,WO2017089890A1 ADC8,Investigative,,Trastuzumab,Monomethyl auristatin F,Undisclosed,ANI0FIZAK,PAY0QLDVX,
DRG0SSNOG,Pertuzumab-Compound 77,Investigative,,Pertuzumab,Mertansine DM1,Undisclosed,ANI0XJJLY,PAY0JCIBW,
DRG0SSXAK,WO2017089890A1 ADC21,Investigative,,Trastuzumab,Alpha-amanitin,Undisclosed,ANI0FIZAK,PAY0MZOZX,
DRG0SWAGX,WO2017089895A1 ADC42,Investigative,,Trastuzumab,Monomethyl auristatin F,Undisclosed,ANI0FIZAK,PAY0QLDVX,
DRG0SXIFN,WO2017089890A1 ADC1,Investigative,,Trastuzumab,Monomethyl auristatin E,Undisclosed,ANI0FIZAK,PAY0FSXOW,
DRG0SXMZY,WO2022078260A1 ADC-1,Investigative,,Trastuzumab,Ln-D9,Undisclosed,ANI0FIZAK,PAY0AFKJN,
DRG0TBFAN,WO2017089890A1 ADC16,Investigative,,Trastuzumab,Monomethyl auristatin F,Undisclosed,ANI0FIZAK,PAY0QLDVX,
DRG0TCYTA,WO2017089890A1 ADC15,Investigative,,Trastuzumab,Monomethyl auristatin E,Undisclosed,ANI0FIZAK,PAY0FSXOW,
DRG0TFVPI,Trastuzumab/nab-paclitaxel,Investigative,,Trastuzumab,Paclitaxel,Undisclosed,ANI0FIZAK,PAY0VUPQZ,
DRG0TJNDQ,Pertuzumab-Compound 69,Investigative,,Pertuzumab,Monomethyl auristatin E,Undisclosed,ANI0XJJLY,PAY0FSXOW,
DRG0TKIYE,WO2017089895A1 ADC5,Investigative,,Trastuzumab,Monomethyl auristatin E,Undisclosed,ANI0FIZAK,PAY0FSXOW,
DRG0TLBML,WO2017089895A1 ADC39,Investigative,,Trastuzumab,Monomethyl auristatin E,Undisclosed,ANI0FIZAK,PAY0FSXOW,
DRG0TOHWK,T-N-F (DAR 3.2),Investigative,,Trastuzumab,Aldehyde-tagged MMAF,Undisclosed,ANI0FIZAK,PAY0VSQTA,
DRG0TOWBS,Pertuzumab-Compound 78,Investigative,,Pertuzumab,Auristatin 0101,Undisclosed,ANI0XJJLY,PAY0WDZAK,
DRG0TQEFA,WO2017089890A1 ADC55,Investigative,,Trastuzumab,Monomethyl auristatin E,Undisclosed,ANI0FIZAK,PAY0FSXOW,
DRG0TQLDW,WO2022078260A1 ADC-6,Investigative,,Trastuzumab,Ln-D6,Undisclosed,ANI0FIZAK,PAY0TBBAN,
DRG0TUAMP,WO2017089890A1 ADC52,Investigative,,Trastuzumab,Monomethyl auristatin E,Undisclosed,ANI0FIZAK,PAY0FSXOW,
DRG0UDEQL,WO2017089890A1 ADC28,Investigative,,Trastuzumab,Monomethyl auristatin E,Undisclosed,ANI0FIZAK,PAY0FSXOW,
DRG0UMQJN,WO2017089895A1 ADC36,Investigative,,Trastuzumab,Monomethyl auristatin E,Undisclosed,ANI0FIZAK,PAY0FSXOW,
DRG0UNWDF,Anti-HER2 antibody-drug conjugate (Spirea),Clinical candidate,,Trastuzumab,Monomethyl auristatin E,Undisclosed,ANI0FIZAK,PAY0FSXOW,
DRG0URUTB,WO2017089890A1 ADC6,Investigative,,Trastuzumab,Monomethyl auristatin F,Undisclosed,ANI0FIZAK,PAY0QLDVX,
DRG0UTYGF,Trastuzumab-deBouganin,Clinical candidate,,Trastuzumab,DeBouganin,Undisclosed,ANI0FIZAK,PAY0ZSIWY,
DRG0UZZQQ,WO2017089895A1 ADC28,Investigative,,Trastuzumab,Monomethyl auristatin E,Undisclosed,ANI0FIZAK,PAY0FSXOW,
DRG0VFGGJ,WO2022078260A1 ADC-5,Investigative,,Trastuzumab,Ln-D5,Undisclosed,ANI0FIZAK,PAY0CZFJW,
DRG0VGUOZ,Trastuzumab-Compound (lj),Investigative,,Trastuzumab,NeoDegrader P1,Undisclosed,ANI0FIZAK,PAY0WFMTF,
DRG0VIJTU,Trastuzumab-alpha-amanitin conjugate 7,Investigative,,Trastuzumab,Alpha-amanitin,Undisclosed,ANI0FIZAK,PAY0MZOZX,
DRG0VMIWX,WO2017089895A1 ADC89,Investigative,,Trastuzumab,Monomethyl auristatin F,Undisclosed,ANI0FIZAK,PAY0QLDVX,
DRG0VNMQJ,WO2017089895A1 ADC20,Investigative,,Trastuzumab,Monomethyl auristatin F,Undisclosed,ANI0FIZAK,PAY0QLDVX,
DRG0VQXBI,WO2017089895A1 ADC56,Investigative,,Trastuzumab,Alpha-amanitin,Undisclosed,ANI0FIZAK,PAY0MZOZX,
DRG0VXFGH,WO2017089890A1 ADC61,Investigative,,Trastuzumab,Monomethyl auristatin E,Undisclosed,ANI0FIZAK,PAY0FSXOW,
DRG0WAWZH,WO2017089895A1 ADC54,Investigative,,Trastuzumab,Monomethyl auristatin F,Undisclosed,ANI0FIZAK,PAY0QLDVX,
DRG0WCRYU,WO2017089890A1 ADC23,Investigative,,Trastuzumab,Monomethyl auristatin F,Undisclosed,ANI0FIZAK,PAY0QLDVX,
DRG0WHRXW,WO2017089890A1 ADC62,Investigative,,Trastuzumab,Monomethyl auristatin F,Undisclosed,ANI0FIZAK,PAY0QLDVX,
DRG0WMKRG,Trastuzumab-amanitin 3,Investigative,,Trastuzumab,Beta-amanitin,Undisclosed,ANI0FIZAK,PAY0XFJJT,
DRG0WPIFV,WO2017089890A1 ADC41,Investigative,,Trastuzumab,Monomethyl auristatin E,Undisclosed,ANI0FIZAK,PAY0FSXOW,
DRG0WPVYK,WO2017089890A1 ADC44,Investigative,,Trastuzumab,Monomethyl auristatin F,Undisclosed,ANI0FIZAK,PAY0QLDVX,
DRG0WVNXE,Trastuzumab-Compound 76,Investigative,,Trastuzumab,Monomethyl auristatin E,Undisclosed,ANI0FIZAK,PAY0FSXOW,
DRG0WZWDF,WO2017089895A1 ADC3,Investigative,,Trastuzumab,Monomethyl auristatin E,Undisclosed,ANI0FIZAK,PAY0FSXOW,
DRG0XADGB,WO2017089890A1 ADC11,Investigative,,Trastuzumab,Monomethyl auristatin E,Undisclosed,ANI0FIZAK,PAY0FSXOW,
DRG0XDOTJ,Trastuzumab-Compound 17,Investigative,,Trastuzumab,Mertansine DM4,Undisclosed,ANI0FIZAK,PAY0GTSVM,
DRG0XFXGJ,WO2017089890A1 ADC7,Investigative,,Trastuzumab,Monomethyl auristatin E,Undisclosed,ANI0FIZAK,PAY0FSXOW,
DRG0XGIVS,ADC Trast-14,Investigative,,Trastuzumab,PBD dimer 3,Undisclosed,ANI0FIZAK,PAY0STTIU,
DRG0XGKUT,WO2017089890A1 ADC13,Investigative,,Trastuzumab,Monomethyl auristatin E,Undisclosed,ANI0FIZAK,PAY0FSXOW,
DRG0XKVWL,Trastuzumab-Compound (la) DAR 1.6,Investigative,,Trastuzumab,NeoDegrader P1,Undisclosed,ANI0FIZAK,PAY0WFMTF,
DRG0XMAKX,Trastuzumab-Compound 25,Investigative,,Trastuzumab,Monomethyl auristatin E,Undisclosed,ANI0FIZAK,PAY0FSXOW,
DRG0XNSZY,WO2017089890A1 ADC24,Investigative,,Trastuzumab,Monomethyl auristatin E,Undisclosed,ANI0FIZAK,PAY0FSXOW,
DRG0XOVCO,Trastuzumab-Compound (ll),Investigative,,Trastuzumab,NeoDegrader P14,Undisclosed,ANI0FIZAK,PAY0PSYAB,
DRG0XPQXK,WO2017089890A1 ADC56,Investigative,,Trastuzumab,Alpha-amanitin,Undisclosed,ANI0FIZAK,PAY0MZOZX,
DRG0XRBDO,WO2017089890A1 ADC9,Investigative,,Trastuzumab,Monomethyl auristatin E,Undisclosed,ANI0FIZAK,PAY0FSXOW,
DRG0XVXYS,Trastuzumab-Compound 75,Investigative,,Trastuzumab,Monomethyl auristatin E,Undisclosed,ANI0FIZAK,PAY0FSXOW,
DRG0YAJKT,Trastuzumab-Compound 31,Investigative,,Trastuzumab,Auristatin 0101,Undisclosed,ANI0FIZAK,PAY0WDZAK,
DRG0YCPEK,Pertuzumab-Compound (la) DAR 8,Investigative,,Pertuzumab,NeoDegrader P1,Undisclosed,ANI0XJJLY,PAY0WFMTF,
DRG0YGIHD,Pertuzumab-Compound (lm),Investigative,,Pertuzumab,NeoDegrader P14,Undisclosed,ANI0XJJLY,PAY0PSYAB,
DRG0YGTGN,WO2017089890A1 ADC86,Investigative,,Trastuzumab,Monomethyl auristatin F,Undisclosed,ANI0FIZAK,PAY0QLDVX,
DRG0YILGZ,WO2017089895A1 ADC86,Investigative,,Trastuzumab,Monomethyl auristatin F,Undisclosed,ANI0FIZAK,PAY0QLDVX,
DRG0YTEJX,WO2017089890A1 ADC3,Investigative,,Trastuzumab,Monomethyl auristatin E,Undisclosed,ANI0FIZAK,PAY0FSXOW,
DRG0ZBSFR,WO2017089895A1 ADC63,Investigative,,Trastuzumab,Monomethyl auristatin E,Undisclosed,ANI0FIZAK,PAY0FSXOW,
DRG0ZCLHH,WO2017089890A1 ADC17,Investigative,,Trastuzumab,Monomethyl auristatin E,Undisclosed,ANI0FIZAK,PAY0FSXOW,
DRG0ZCLUH,ADC Trast-7,Investigative,,Trastuzumab,Monomethyl auristatin E,Undisclosed,ANI0FIZAK,PAY0FSXOW,
DRG0ZFTCW,WO2017089890A1 ADC39,Investigative,,Trastuzumab,Monomethyl auristatin E,Undisclosed,ANI0FIZAK,PAY0FSXOW,
DRG0ZHPPZ,WO2017089890A1 ADC25,Investigative,,Trastuzumab,Monomethyl auristatin E,Undisclosed,ANI0FIZAK,PAY0FSXOW,
DRG0ZHYRF,WO2017089890A1 ADC51,Investigative,,Trastuzumab,Monomethyl auristatin E,Undisclosed,ANI0FIZAK,PAY0FSXOW,
DRG0ZKPYW,Pertuzumab-Compound 76,Investigative,,Pertuzumab,Monomethyl auristatin E,Undisclosed,ANI0XJJLY,PAY0FSXOW,
DRG0ZLQIO,WO2017089890A1 ADC2,Investigative,,Trastuzumab,Monomethyl auristatin F,Undisclosed,ANI0FIZAK,PAY0QLDVX,
DRG0ZMSOH,Pertuzumab-Compound 9,Investigative,,Pertuzumab,Mertansine DM1,Undisclosed,ANI0XJJLY,PAY0JCIBW,
DRG0ZTMHH,Pertuzumab-Compound(lc),Investigative,,Pertuzumab,NeoDegrader P4,Undisclosed,ANI0XJJLY,PAY0QHEZM,
DRG0ZVPYG,WO2017089895A1 ADC10,Investigative,,Trastuzumab,Monomethyl auristatin E,Undisclosed,ANI0FIZAK,PAY0FSXOW,
DRG0ZVQWO,WO2017089890A1 ADC50,Investigative,,Trastuzumab,Monomethyl auristatin F,Undisclosed,ANI0FIZAK,PAY0QLDVX,
DRG0ZWIDH,WO2017089890A1 ADC76,Investigative,,Trastuzumab,Monomethyl auristatin F,Undisclosed,ANI0FIZAK,PAY0QLDVX,
DRG0ZXXLB,Trastuzumab-Compound 64,Investigative,,Trastuzumab,Monomethyl auristatin E,Undisclosed,ANI0FIZAK,PAY0FSXOW,
DRG0ZYDVI,WO2017089890A1 ADC40,Investigative,,Trastuzumab,Monomethyl auristatin F,Undisclosed,ANI0FIZAK,PAY0QLDVX,
DRG0LQDTN,2H9-A121C-BMPEO-DM1,Investigative,,Anti-HER2 antibody 2H9-A121C,Maytansinoid DM1,Undisclosed,ANI0MDXIZ,PAY0KJLPP,
DRG0OWHOL,,Investigative,,Zr-labeled trastuzumab,Mertansine DM1,Undisclosed,ANI0WRMDT,PAY0JCIBW,
DRG0KBXQR,An2-anti-HER2-Doxetaxel,Clinical candidate,,ANG4043,Docetaxel,Undisclosed,ANI0QVVKT,PAY0HAXGX,
DRG0UFMQN,hu4DFabv7-BMPEO-DM1,Investigative,,hu4DFabv7,Maytansinoid DM1,Undisclosed,ANI0WHVGB,PAY0KJLPP,
DRG0ADPKT,hu4DFabv8 (H-A88C)-BMPEO-DM1,Investigative,,hu4DFabv8 (H-A88C),Maytansinoid DM1,Undisclosed,ANI0JVTBR,PAY0KJLPP,
DRG0INLOK,hu4DFabv8 (A121C)-BMPEO-DM1,Investigative,,hu4DFabv8 (A121C),Maytansinoid DM1,Undisclosed,ANI0EZZBT,PAY0KJLPP,
DRG0JWNZZ,hu4DFabv8 (V110C)-BMPEO-DM1,Investigative,,hu4DFabv8 (V110C),Maytansinoid DM1,Undisclosed,ANI0SOSKT,PAY0KJLPP,
DRG0WINEW,Anti-HER-AO-Cys-MC-VC-PABC-MMAE,Investigative,,Anti-HER2 mAb WT,Monomethyl auristatin E,Undisclosed,ANI0KRSRI,PAY0FSXOW,
DRG0ABOHV,Anti-HER2 mAb-Compound 49,Investigative,,Anti-HER2 mAb,PBD dimer,Undisclosed,ANI0YQQFV,PAY0IJSCK,
DRG0AEBMA,IgG1 (GH2-75)-AL1-MMAE,Investigative,,Anti-HER2 IgG1(GH2-75)-AL1,Monomethyl auristatin E,Undisclosed,ANI0YKOJM,PAY0FSXOW,
DRG0APKYO,Alpha-HER2-Duo 405,Investigative,,Anti-HER2 mAb,Duocarmycin 405,Undisclosed,ANI0YQQFV,PAY0UFRFU,
DRG0AQSLS,hu4DFabv8 (H-A175C)-BMPEO-DM1,Investigative,,hu4DFabv8 (H-A175C),Maytansinoid DM1,Undisclosed,ANI0VRNXL,PAY0KJLPP,
DRG0CQGQH,hu4DFabv8 (H-S179C)-BMPEO-DM1,Investigative,,hu4DFabv8 (H-S179C),Maytansinoid DM1,Undisclosed,ANI0OLOBN,PAY0KJLPP,
DRG0CVWXV,Anti-HER2 mAb-Compound 36,Investigative,,Anti-HER2 mAb,Monomethyl auristatin E,Undisclosed,ANI0YQQFV,PAY0FSXOW,
DRG0CZERV,Anti-HER2 mAb-Compound 55,Investigative,,Anti-HER2 mAb,Mertansine DM1,Undisclosed,ANI0YQQFV,PAY0JCIBW,
DRG0DNSQT,Anti-HER2 mAb-Compound 17,Investigative,,Anti-HER2 mAb,Mertansine DM4,Undisclosed,ANI0YQQFV,PAY0GTSVM,
DRG0DUJMW,Anti-HER2 mAb-Compound 43,Investigative,,Anti-HER2 mAb,PBD dimer,Undisclosed,ANI0YQQFV,PAY0IJSCK,
DRG0ETXNH,Anti-HER2 mAb-Compound 31,Investigative,,Anti-HER2 mAb,Auristatin 0101,Undisclosed,ANI0YQQFV,PAY0WDZAK,
DRG0EUKUO,Anti-HER2 mAb-Compound 9,Investigative,,Anti-HER2 mAb,Mertansine DM1,Undisclosed,ANI0YQQFV,PAY0JCIBW,
DRG0FGNZJ,hu4DFabv8 (L-A144C)-BMPEO-DM1,Investigative,,hu4DFabv8 (L-A144C),Maytansinoid DM1,Undisclosed,ANI0NQYFO,PAY0KJLPP,
DRG0ITGCV,scFv (Herceptin)-PE,Investigative,,Trastuzumab scFv,Pseudomonas exotoxin PE38,Undisclosed,ANI0VISDF,PAY0WCEKW,
DRG0IULKF,Anti-HER2 mAb-Compound 78,Investigative,,Anti-HER2 mAb,Auristatin 0101,Undisclosed,ANI0YQQFV,PAY0WDZAK,
DRG0IWKJQ,Anti-HER2 mAb-Compound 69,Investigative,,Anti-HER2 mAb,Monomethyl auristatin E,Undisclosed,ANI0YQQFV,PAY0FSXOW,
DRG0IZXQK,hu4DFabv8 (L-S168C)-BMPEO-DM1,Investigative,,hu4DFabv8 (L-S168C),Maytansinoid DM1,Undisclosed,ANI0AJHOU,PAY0KJLPP,
DRG0JRNGM,Anti-HER2 mAb-Compound 79,Investigative,,Anti-HER2 mAb,Auristatin 0101,Undisclosed,ANI0YQQFV,PAY0WDZAK,
DRG0KHTGZ,hu4DFabv8 (H-S122C)-BMPEO-DM1,Investigative,,hu4DFabv8 (H-S122C),Maytansinoid DM1,Undisclosed,ANI0EKAZE,PAY0KJLPP,
DRG0KLOAQ,ScFv(trastuzumab)-PE38KDEL,Investigative,,Trastuzumab scFv,Pseudomonas exotoxin PE38,Undisclosed,ANI0VISDF,PAY0WCEKW,
DRG0KWVUB,Thio-Tr (A121C)-BMPEO-DM1,Investigative,,Thio-Tr (A121C),Maytansinoid DM1,Undisclosed,ANI0BTCFU,PAY0KJLPP,
DRG0MFCBP,IgG1 (trastuzumab)-AL1-MMAE,Investigative,,Trastuzumab-AL1,Monomethyl auristatin E,Undisclosed,ANI0HZIYL,PAY0FSXOW,
DRG0MYSHH,Thio-Tmab-BMPEO-DM1,Investigative,,Thio-Tmab,Maytansinoid DM1,Undisclosed,ANI0CFBAK,PAY0KJLPP,
DRG0NWMKJ,ScFv(GH2-20)-PE38KDEL,Investigative,,Anti-HER2 IgG1(GH2-20) scFv,Pseudomonas exotoxin PE38,Undisclosed,ANI0AEKQY,PAY0WCEKW,
DRG0ONIWP,IgG1 (H32)-AL1-MMAE,Investigative,,Anti-HER2 IgG1(H32)-AL1,Monomethyl auristatin E,Undisclosed,ANI0ZZBHC,PAY0FSXOW,
DRG0ORJTN,Anti-HER2 mAb-Compound 64,Investigative,,Anti-HER2 mAb,Monomethyl auristatin E,Undisclosed,ANI0YQQFV,PAY0FSXOW,
DRG0QRVCA,hu4DFabv8 (H-A40C)-BMPEO-DM1,Investigative,,hu4DFabv8 (H-A40C),Maytansinoid DM1,Undisclosed,ANI0ZKLHT,PAY0KJLPP,
DRG0QVMVT,YH-012,Clinical candidate,,Undisclosed,Monomethyl auristatin E,Mc-Val-Cit-PABC,,PAY0FSXOW,LIN0SQEDQ
DRG0SWWXG,Anti-HER2 mAb-Compound 77,Investigative,,Anti-HER2 mAb,Mertansine DM1,Undisclosed,ANI0YQQFV,PAY0JCIBW,
DRG0SZCMM,ScFv(GH2-61)-PE38KDEL,Investigative,,Anti-HER2 IgG1(GH2-61) scFv,Pseudomonas exotoxin PE38,Undisclosed,ANI0KBWLM,PAY0WCEKW,
DRG0TSRUD,IgG1 (GH2-20)-AL1-MMAE,Investigative,,Anti-HER2 IgG1(GH2-20)-AL1,Monomethyl auristatin E,Undisclosed,ANI0SIKRK,PAY0FSXOW,
DRG0TYMVW,hu4DFabv8 (H-S119C)-BMPEO-DM1,Investigative,,hu4DFabv8 (H-S119C),Maytansinoid DM1,Undisclosed,ANI0PEUWT,PAY0KJLPP,
DRG0UEMEY,scFv(Herceptin)-PE-STXA,Investigative,,Trastuzumab scFv,PE15-Stx 2a,Undisclosed,ANI0VISDF,PAY0RYATU,
DRG0UUYCQ,Anti-HER2 mAb-Compound 59,Investigative,,Anti-HER2 mAb,Mertansine DM4,Undisclosed,ANI0YQQFV,PAY0GTSVM,
DRG0UVCOP,Anti-HER2 mAb-Compound 80,Investigative,,Anti-HER2 mAb,Mertansine DM4,Undisclosed,ANI0YQQFV,PAY0GTSVM,
DRG0VJCGP,Anti-HER2 mAb-Compound 74,Investigative,,Anti-HER2 mAb,PBD dimer,Undisclosed,ANI0YQQFV,PAY0IJSCK,
DRG0WRAVY,hu4DFabv8 (L-V15C)-BMPEO-DM1,Investigative,,hu4DFabv8 (L-V15C),Maytansinoid DM1,Undisclosed,ANI0MLEDS,PAY0KJLPP,
DRG0WULVJ,Anti-HER2 mAb-Compound 76,Investigative,,Anti-HER2 mAb,Monomethyl auristatin E,Undisclosed,ANI0YQQFV,PAY0FSXOW,
DRG0XBNJV,IgG1 (GH2-61)-AL1-MMAE,Investigative,,Anti-HER2 IgG1(GH2-61)-AL1,Monomethyl auristatin E,Undisclosed,ANI0GWLGJ,PAY0FSXOW,
DRG0XPQVW,hu4DFabv8 (L-A43C)-BMPEO-DM1,Investigative,,hu4DFabv8 (L-A43C),Maytansinoid DM1,Undisclosed,ANI0AZHHK,PAY0KJLPP,
DRG0YCJEA,Monoclonal antibody ICR12-CPG2 conjugate,Investigative,,Rat IgG2a mAb ICR12,Carboxypeptidase G2 (CPG2),Undisclosed,ANI0FYXLI,PAY0YBAUM,
DRG0YSDUH,Anti-HER2 mAb-Compound 25,Investigative,,Anti-HER2 mAb,Monomethyl auristatin E,Undisclosed,ANI0YQQFV,PAY0FSXOW,
DRG0ZFLNY,ScFv(GH2-75)-PE38KDEL,Investigative,,Anti-HER2 IgG1(GH2-75) scFv,Pseudomonas exotoxin PE38,Undisclosed,ANI0SBPFW,PAY0WCEKW,
DRG0ZGGFY,Anti-HER2 mAb-Compound 75,Investigative,,Anti-HER2 mAb,Monomethyl auristatin E,Undisclosed,ANI0YQQFV,PAY0FSXOW,
DRG0ZSWVX,ScFv(H32)-PE38KDEL,Investigative,,Anti-HER2 IgG1(H32) scFv,Pseudomonas exotoxin PE38,Undisclosed,ANI0QANPX,PAY0WCEKW,
DRG0QCCTW,KM501,Phase 1,Gastroesophageal junction adenocarcinoma,Trastuzumab/Pertuzumab biparatopic bsAb,Monomethyl auristatin E,Undisclosed,ANTI0QDMBJ,PAY0FSXOW,
DRG0UQXWB,BI-CON-02,Phase 1 (discontinued),Breast cancer,Trastuzumab,Undisclosed,Undisclosed,ANI0FIZAK,,
DRG0YZEVV,MT-5111,Phase 1 (discontinued),Unspecific solid tumor,Undisclosed,Shiga toxin B subunit (StxB),Undisclosed,,PAY0EJXWD,
DRG0AAHQS,CN114917361A ADC-37,Investigative,,Trastuzumab,Undisclosed,Undisclosed,ANI0FIZAK,,
DRG0AALTY,CN114917361A ADC-77,Investigative,,Trastuzumab,Undisclosed,Undisclosed,ANI0FIZAK,,
DRG0ADGHG,Pertuzumab-ADC-Tb3-7,Investigative,,Pertuzumab,Undisclosed,Undisclosed,ANI0XJJLY,,
DRG0AELNA,CN109641910A ADC-5,Investigative,,Trastuzumab,Undisclosed,Undisclosed,ANI0FIZAK,,
DRG0AEZNC,WO2021249228A1 ADC-34,Investigative,,Trastuzumab,Undisclosed,Undisclosed,ANI0FIZAK,,
DRG0AGDFT,WO2014068443A1 ADC18,Investigative,,Trastuzumab,Undisclosed,Undisclosed,ANI0FIZAK,,
DRG0AKRJW,CN105051032B ADC-I-14,Investigative,,Trastuzumab,Undisclosed,Undisclosed,ANI0FIZAK,,
DRG0ALKKX,WO2020063676A1 ADC-1,Investigative,,Trastuzumab,Undisclosed,Undisclosed,ANI0FIZAK,,
DRG0ALZMA,WO2020063676A1 ADC-18,Investigative,,Trastuzumab,Undisclosed,Undisclosed,ANI0FIZAK,,
DRG0AMCNA,WO2014068443A1 ADC32,Investigative,,Trastuzumab,Undisclosed,Undisclosed,ANI0FIZAK,,
DRG0AMDED,Pertuzumab-Compound (XIV),Investigative,,Pertuzumab,Undisclosed,Undisclosed,ANI0XJJLY,,
DRG0AOSQM,WO2014068443A1 ADC16,Investigative,,Trastuzumab,Undisclosed,Undisclosed,ANI0FIZAK,,
DRG0APBSV,CN105051032B ADC-I-16,Investigative,,Trastuzumab,Undisclosed,Undisclosed,ANI0FIZAK,,
DRG0AQAZY,CN109641910A ADC-8,Investigative,,Trastuzumab,Undisclosed,Undisclosed,ANI0FIZAK,,
DRG0AQHHL,Trastuzumab-Compound (XV),Investigative,,Trastuzumab,Undisclosed,Undisclosed,ANI0FIZAK,,
DRG0AQVRB,WO2021249228A1 ADC-47,Investigative,,Trastuzumab,Undisclosed,Undisclosed,ANI0FIZAK,,
DRG0ATQDO,Trastuzumab-G-12,Investigative,,Trastuzumab,Undisclosed,Undisclosed,ANI0FIZAK,,
DRG0ATRNS,WO2021249228A1 ADC-25,Investigative,,Trastuzumab,Undisclosed,Undisclosed,ANI0FIZAK,,
DRG0AWBNF,WO2021249228A1 ADC-23,Investigative,,Trastuzumab,Undisclosed,Undisclosed,ANI0FIZAK,,
DRG0AZVIP,Trastuzumab-G-15,Investigative,,Trastuzumab,Undisclosed,Undisclosed,ANI0FIZAK,,
DRG0BEOUW,HER2-ADC-07 (DAR8),Investigative,,Trastuzumab,Undisclosed,Undisclosed,ANI0FIZAK,,
DRG0BHJFZ,WO2020063676A1 ADC-9,Investigative,,Pertuzumab,Undisclosed,Undisclosed,ANI0XJJLY,,
DRG0BKYWX,Trastuzumab-F-61,Investigative,,Trastuzumab,Undisclosed,Undisclosed,ANI0FIZAK,,
DRG0BQICC,ADC-III-9,Investigative,,Trastuzumab,Undisclosed,Undisclosed,ANI0FIZAK,,
DRG0BVFLJ,HER2-B Antibody-Compound (XI),Investigative,,Trastuzumab,Undisclosed,Undisclosed,ANI0FIZAK,,
DRG0CASEI,WO2014068443A1 ADC15,Investigative,,Trastuzumab,Undisclosed,Undisclosed,ANI0FIZAK,,
DRG0CFUCD,WO2021249228A1 ADC-15,Investigative,,Trastuzumab,Undisclosed,Undisclosed,ANI0FIZAK,,
DRG0CIGHI,Trastuzumab-E-12,Investigative,,Trastuzumab,Undisclosed,Undisclosed,ANI0FIZAK,,
DRG0CILPI,CN105051032B ADC-I-17,Investigative,,Trastuzumab,Undisclosed,Undisclosed,ANI0FIZAK,,
DRG0CKLJU,WO2014068443A1 ADC36,Investigative,,Trastuzumab,Undisclosed,Undisclosed,ANI0FIZAK,,
DRG0CPBNJ,WO2020063676A1 ADC-16,Investigative,,Trastuzumab,Undisclosed,Undisclosed,ANI0FIZAK,,
DRG0CTZYP,WO2015004400A1 ADC-7,Investigative,,Trastuzumab,Undisclosed,Undisclosed,ANI0FIZAK,,
DRG0CUDWA,HER2-B Antibody-Compound (Ii),Investigative,,Trastuzumab,Undisclosed,Undisclosed,ANI0FIZAK,,
DRG0CUGNJ,WO2014159981A2 ADC-110,Investigative,,Trastuzumab,Undisclosed,Undisclosed,ANI0FIZAK,,
DRG0CULII,WO2014068443A1 ADC4,Investigative,,Trastuzumab,Undisclosed,Undisclosed,ANI0FIZAK,,
DRG0CUMCD,CN109641910A ADC-6,Investigative,,Trastuzumab,Undisclosed,Undisclosed,ANI0FIZAK,,
DRG0CYPVF,WO2014068443A1 ADC34,Investigative,,Trastuzumab,Undisclosed,Undisclosed,ANI0FIZAK,,
DRG0CZFMR,HER2-B Antibody-Compound (XLIII),Investigative,,Trastuzumab,Undisclosed,Undisclosed,ANI0FIZAK,,
DRG0CZVBG,ADC-II-5,Investigative,,Trastuzumab,Undisclosed,Undisclosed,ANI0FIZAK,,
DRG0CZWZU,WO2014068443A1 ADC40,Investigative,,Trastuzumab,Undisclosed,Undisclosed,ANI0FIZAK,,
DRG0DEZNK,CN105051032B ADC-I-40,Investigative,,Trastuzumab,Undisclosed,Undisclosed,ANI0FIZAK,,
DRG0DIBWU,WO2014068443A1 ADC50,Investigative,,Trastuzumab,Undisclosed,Undisclosed,ANI0FIZAK,,
DRG0DLIRO,CN105051032B ADC-I-23,Investigative,,Trastuzumab,Undisclosed,Undisclosed,ANI0FIZAK,,
DRG0DOFOO,CN114917361A ADC-2,Investigative,,Trastuzumab,Undisclosed,Undisclosed,ANI0FIZAK,,
DRG0DOIJO,CN114917361A ADC-17,Investigative,,Trastuzumab,Undisclosed,Undisclosed,ANI0FIZAK,,
DRG0DQQIL,WO2021249228A1 ADC-14,Investigative,,Trastuzumab,Undisclosed,Undisclosed,ANI0FIZAK,,
DRG0DQXXO,WO2014068443A1 ADC38,Investigative,,Trastuzumab,Undisclosed,Undisclosed,ANI0FIZAK,,
DRG0DSMCJ,CN105051032B ADC-I-12,Investigative,,Trastuzumab,Undisclosed,Undisclosed,ANI0FIZAK,,
DRG0ECFFP,WO2014068443A1 ADC9,Investigative,,Trastuzumab,Undisclosed,Undisclosed,ANI0FIZAK,,
DRG0EEGUI,CN105051032B ADC-I-31,Investigative,,Trastuzumab,Undisclosed,Undisclosed,ANI0FIZAK,,
DRG0EIEBS,HER2-ADC-02 (DAR8),Investigative,,Trastuzumab,Undisclosed,Undisclosed,ANI0FIZAK,,
DRG0EIOUU,WO2014068443A1 ADC17,Investigative,,Trastuzumab,Undisclosed,Undisclosed,ANI0FIZAK,,
DRG0EJDEP,CN109641910A ADC-10,Investigative,,Trastuzumab,Undisclosed,Undisclosed,ANI0FIZAK,,
DRG0ELLUF,WO2015004400A1 ADC-4,Investigative,,Trastuzumab,Undisclosed,Undisclosed,ANI0FIZAK,,
DRG0EMKTJ,WO2014068443A1 ADC45,Investigative,,Trastuzumab,Undisclosed,Undisclosed,ANI0FIZAK,,
DRG0EOMEV,WO2015004400A1 ADC-5,Investigative,,Trastuzumab,Undisclosed,Undisclosed,ANI0FIZAK,,
DRG0ERPSM,Her-30.0741,Investigative,,Trastuzumab,Undisclosed,Undisclosed,ANI0FIZAK,,
DRG0EULBF,CN105051032B ADC-I-37,Investigative,,Trastuzumab,Undisclosed,Undisclosed,ANI0FIZAK,,
DRG0EVCKS,CN114917361A ADC-51,Investigative,,Trastuzumab,Undisclosed,Undisclosed,ANI0FIZAK,,
DRG0EYQEW,Pertuzumab-ADC-Tb3-10,Investigative,,Pertuzumab,Undisclosed,Undisclosed,ANI0XJJLY,,
DRG0FDBDQ,CN105051032B ADC-I-26,Investigative,,Trastuzumab,Undisclosed,Undisclosed,ANI0FIZAK,,
DRG0FDYIA,WO2020063676A1 ADC-21,Investigative,,Trastuzumab,Undisclosed,Undisclosed,ANI0FIZAK,,
DRG0FHZGD,Pertuzumab-Compound (XV),Investigative,,Pertuzumab,Undisclosed,Undisclosed,ANI0XJJLY,,
DRG0FJHZW,CN105051032B ADC-I-8,Investigative,,Trastuzumab,Undisclosed,Undisclosed,ANI0FIZAK,,
DRG0FKXFH,WO2021249228A1 ADC-9,Investigative,,Trastuzumab,Undisclosed,Undisclosed,ANI0FIZAK,,
DRG0FLAJW,Pertuzumab-Compound (XLIII),Investigative,,Pertuzumab,Undisclosed,Undisclosed,ANI0XJJLY,,
DRG0FMGIO,WO2014068443A1 ADC80,Investigative,,Trastuzumab,Undisclosed,Undisclosed,ANI0FIZAK,,
DRG0FOABJ,WO2014068443A1 ADC10,Investigative,,Trastuzumab,Undisclosed,Undisclosed,ANI0FIZAK,,
DRG0FPBSI,WO2014068443A1 ADC59,Investigative,,Trastuzumab,Undisclosed,Undisclosed,ANI0FIZAK,,
DRG0FTIBM,CN105051032B ADC-I-21,Investigative,,Trastuzumab,Undisclosed,Undisclosed,ANI0FIZAK,,
DRG0FTLTI,WO2021249228A1 ADC-24,Investigative,,Trastuzumab,Undisclosed,Undisclosed,ANI0FIZAK,,
DRG0FXEDV,CN114917361A ADC-28,Investigative,,Trastuzumab,Undisclosed,Undisclosed,ANI0FIZAK,,
DRG0FYQTK,WO2014068443A1 ADC3,Investigative,,Trastuzumab,Undisclosed,Undisclosed,ANI0FIZAK,,
DRG0FYQXQ,HER2-B Antibody-Compound (X),Investigative,,Trastuzumab,Undisclosed,Undisclosed,ANI0FIZAK,,
DRG0FZCKO,WO2014068443A1 ADC29,Investigative,,Trastuzumab,Undisclosed,Undisclosed,ANI0FIZAK,,
DRG0GAGYF,WO2014068443A1 ADC70,Investigative,,Trastuzumab,Undisclosed,Undisclosed,ANI0FIZAK,,
DRG0GCUIT,WO2018098269A2 conjugate 68,Investigative,,Trastuzumab,Undisclosed,Undisclosed,ANI0FIZAK,,
DRG0GERNO,CN105051032B ADC-I-20,Investigative,,Trastuzumab,Undisclosed,Undisclosed,ANI0FIZAK,,
DRG0GICIZ,CN105051032B ADC-I-18,Investigative,,Trastuzumab,Undisclosed,Undisclosed,ANI0FIZAK,,
DRG0GLYXR,HER2-ADC-06 (DAR8),Investigative,,Trastuzumab,Undisclosed,Undisclosed,ANI0FIZAK,,
DRG0GMKMO,CN105051032B ADC-I-13,Investigative,,Trastuzumab,Undisclosed,Undisclosed,ANI0FIZAK,,
DRG0GNCEI,ADC-II-1,Investigative,,Trastuzumab,Undisclosed,Undisclosed,ANI0FIZAK,,
DRG0GNFZJ,WO2020063676A1 ADC-4,Investigative,,Trastuzumab,Undisclosed,Undisclosed,ANI0FIZAK,,
DRG0GPEON,WO2014068443A1 ADC22,Investigative,,Trastuzumab,Undisclosed,Undisclosed,ANI0FIZAK,,
DRG0GQIVL,Pertuzumab-ADC-Tb3-5,Investigative,,Pertuzumab,Undisclosed,Undisclosed,ANI0XJJLY,,
DRG0GQSYI,WO2014068443A1 ADC62,Investigative,,Trastuzumab,Undisclosed,Undisclosed,ANI0FIZAK,,
DRG0GSHBG,WO2021249228A1 ADC-60,Investigative,,Trastuzumab,Undisclosed,Undisclosed,ANI0FIZAK,,
DRG0GSIKJ,WO2021249228A1 ADC-55,Investigative,,Trastuzumab,Undisclosed,Undisclosed,ANI0FIZAK,,
DRG0GTVFA,WO2014068443A1 ADC65,Investigative,,Trastuzumab,Undisclosed,Undisclosed,ANI0FIZAK,,
DRG0GVOTA,WO2021249228A1 ADC-40,Investigative,,Trastuzumab,Undisclosed,Undisclosed,ANI0FIZAK,,
DRG0GWIRM,CN105051032B ADC-I-7,Investigative,,Trastuzumab,Undisclosed,Undisclosed,ANI0FIZAK,,
DRG0GYJZC,WO2021249228A1 ADC-37,Investigative,,Trastuzumab,Undisclosed,Undisclosed,ANI0FIZAK,,
DRG0HEPXJ,WO2020063676A1 ADC-10,Investigative,,Trastuzumab,Undisclosed,Undisclosed,ANI0FIZAK,,
DRG0HJOON,WO2020063676A1 ADC-15,Investigative,,Trastuzumab,Undisclosed,Undisclosed,ANI0FIZAK,,
DRG0HONUR,HER2-B Antibody-Compound (XIX),Investigative,,Trastuzumab,Undisclosed,Undisclosed,ANI0FIZAK,,
DRG0HPKFR,Her-30.1033,Investigative,,Trastuzumab,Undisclosed,Undisclosed,ANI0FIZAK,,
DRG0HSIPE,WO2021249228A1 ADC-1,Investigative,,Trastuzumab,Undisclosed,Undisclosed,ANI0FIZAK,,
DRG0HVENL,Pertuzumab-ADC-Tb3-3,Investigative,,Pertuzumab,Undisclosed,Undisclosed,ANI0XJJLY,,
DRG0HWGIB,WO2014068443A1 ADC57,Investigative,,Trastuzumab,Undisclosed,Undisclosed,ANI0FIZAK,,
DRG0HWGQS,Her-30.0134,Investigative,,Trastuzumab,Undisclosed,Undisclosed,ANI0FIZAK,,
DRG0HZJMX,HER2-ADC-10 (DAR8),Investigative,,Trastuzumab,Undisclosed,Undisclosed,ANI0FIZAK,,
DRG0IFIIG,WO2018098269A2 conjugate 34A,Investigative,,Trastuzumab,Undisclosed,Undisclosed,ANI0FIZAK,,
DRG0IIHUN,CN114917361A ADC-22,Investigative,,Trastuzumab,Undisclosed,Undisclosed,ANI0FIZAK,,
DRG0IINSE,CN114917361A ADC-34,Investigative,,Trastuzumab,Undisclosed,Undisclosed,ANI0FIZAK,,
DRG0ILSRO,WO2020063676A1 ADC-14,Investigative,,Trastuzumab,Undisclosed,Undisclosed,ANI0FIZAK,,
DRG0IMMRW,Trastuzumab-E-15,Investigative,,Trastuzumab,Undisclosed,Undisclosed,ANI0FIZAK,,
DRG0IMYMR,CN114917361A ADC-48,Investigative,,Trastuzumab,Undisclosed,Undisclosed,ANI0FIZAK,,
DRG0IOFWE,Pertuzumab-ADC-Tb3-6,Investigative,,Pertuzumab,Undisclosed,Undisclosed,ANI0XJJLY,,
DRG0IPAWU,WO2022228495A1 ADC-67,Investigative,,Trastuzumab,Undisclosed,Undisclosed,ANI0FIZAK,,
DRG0IPUJI,HER2-B Antibody-Compound (XLI),Investigative,,Trastuzumab,Undisclosed,Undisclosed,ANI0FIZAK,,
DRG0IQGDE,WO2020063676A1 ADC-2,Investigative,,Trastuzumab,Undisclosed,Undisclosed,ANI0FIZAK,,
DRG0IUMMH,WO2018098269A2 conjugate 43A,Investigative,,Trastuzumab,Undisclosed,Undisclosed,ANI0FIZAK,,
DRG0IUSXB,Pertuzumab-Compound (X),Investigative,,Pertuzumab,Undisclosed,Undisclosed,ANI0XJJLY,,
DRG0IVFLB,Pertuzumab-Compound (Ie),Investigative,,Pertuzumab,Undisclosed,Undisclosed,ANI0XJJLY,,
DRG0IVFVB,Pertuzumab-Compound (XVI),Investigative,,Pertuzumab,Undisclosed,Undisclosed,ANI0XJJLY,,
DRG0JASSF,CN114917361A ADC-62,Investigative,,Trastuzumab,Undisclosed,Undisclosed,ANI0FIZAK,,
DRG0JBIDS,WO2014068443A1 ADC1,Investigative,,Trastuzumab,Undisclosed,Undisclosed,ANI0FIZAK,,
DRG0JGHGD,WO2014068443A1 ADC37,Investigative,,Trastuzumab,Undisclosed,Undisclosed,ANI0FIZAK,,
DRG0JGQRY,Pertuzumab-ADC-Tb3-8,Investigative,,Pertuzumab,Undisclosed,Undisclosed,ANI0XJJLY,,
DRG0JHZDI,Trastuzumab-G-13,Investigative,,Trastuzumab,Undisclosed,Undisclosed,ANI0FIZAK,,
DRG0JLDMY,WO2021249228A1 ADC-59,Investigative,,Trastuzumab,Undisclosed,Undisclosed,ANI0FIZAK,,
DRG0JMHWB,CN114917361A ADC-83,Investigative,,Trastuzumab,Undisclosed,Undisclosed,ANI0FIZAK,,
DRG0JOUWA,WO2014068443A1 ADC48,Investigative,,Trastuzumab,Undisclosed,Undisclosed,ANI0FIZAK,,
DRG0JQLIZ,WO2014068443A1 ADC60,Investigative,,Trastuzumab,Undisclosed,Undisclosed,ANI0FIZAK,,
DRG0JQYOX,WO2014068443A1 ADC33,Investigative,,Trastuzumab,Undisclosed,Undisclosed,ANI0FIZAK,,
DRG0JRJYI,WO2020063676A1 ADC-17,Investigative,,Trastuzumab,Undisclosed,Undisclosed,ANI0FIZAK,,
DRG0JRYZE,WO2021249228A1 ADC-26,Investigative,,Trastuzumab,Undisclosed,Undisclosed,ANI0FIZAK,,
DRG0JTWMH,WO2014068443A1 ADC12,Investigative,,Trastuzumab,Undisclosed,Undisclosed,ANI0FIZAK,,
DRG0JWRPV,WO2020063676A1 ADC-20,Investigative,,Trastuzumab,Undisclosed,Undisclosed,ANI0FIZAK,,
DRG0JYJIQ,WO2014068443A1 ADC14,Investigative,,Trastuzumab,Undisclosed,Undisclosed,ANI0FIZAK,,
DRG0JYPDS,WO2018098269A2 conjugate 50,Investigative,,Trastuzumab,Undisclosed,Undisclosed,ANI0FIZAK,,
DRG0KACTH,CN109641910A ADC-16,Investigative,,Trastuzumab,Undisclosed,Undisclosed,ANI0FIZAK,,
DRG0KAGTP,WO2021249228A1 ADC-13,Investigative,,Trastuzumab,Undisclosed,Undisclosed,ANI0FIZAK,,
DRG0KBHJG,CN105051032B ADC-I-41,Investigative,,Trastuzumab,Undisclosed,Undisclosed,ANI0FIZAK,,
DRG0KBUYU,WO2021249228A1 ADC-6,Investigative,,Trastuzumab,Undisclosed,Undisclosed,ANI0FIZAK,,
DRG0KDAUC,Trastuzumab imbotolimod,Phase 2 (discontinued),Breast cancer,Trastuzumab,T785,BG based linker,ANI0FIZAK,PAY0LVQIM,LIN0SXPBU
DRG0KDOTH,HER2-ADC-03 (DAR8),Investigative,,Trastuzumab,Undisclosed,Undisclosed,ANI0FIZAK,,
DRG0KGAUE,WO2014068443A1 ADC78,Investigative,,Trastuzumab,Undisclosed,Undisclosed,ANI0FIZAK,,
DRG0KMGBK,WO2014068443A1 ADC8,Investigative,,Trastuzumab,Undisclosed,Undisclosed,ANI0FIZAK,,
DRG0KPGKY,CN114917361A ADC-80,Investigative,,Trastuzumab,Undisclosed,Undisclosed,ANI0FIZAK,,
DRG0KPKAV,WO2020063676A1 ADC-3,Investigative,,Trastuzumab,Undisclosed,Undisclosed,ANI0FIZAK,,
DRG0KQRUF,WO2021249228A1 ADC-28,Investigative,,Trastuzumab,Undisclosed,Undisclosed,ANI0FIZAK,,
DRG0KSWWI,CN114917361A ADC-65,Investigative,,Trastuzumab,Undisclosed,Undisclosed,ANI0FIZAK,,
DRG0KUDYM,WO2014068443A1 ADC63,Investigative,,Trastuzumab,Undisclosed,Undisclosed,ANI0FIZAK,,
DRG0KUMAE,WO2014068443A1 ADC58,Investigative,,Trastuzumab,Undisclosed,Undisclosed,ANI0FIZAK,,
DRG0KXZUR,CN109641910A ADC-11,Investigative,,Trastuzumab,Undisclosed,Undisclosed,ANI0FIZAK,,
DRG0KYBPU,WO2018098269A2 conjugate 43B,Investigative,,Trastuzumab,Undisclosed,Undisclosed,ANI0FIZAK,,
DRG0KZDHL,WO2022228495A1 ADC-70,Investigative,,Trastuzumab,Undisclosed,Undisclosed,ANI0FIZAK,,
DRG0LFMQK,WO2021249228A1 ADC-31,Investigative,,Trastuzumab,Undisclosed,Undisclosed,ANI0FIZAK,,
DRG0LIZWC,HER2-ADC-01 (DAR8),Investigative,,Trastuzumab,Undisclosed,Undisclosed,ANI0FIZAK,,
DRG0LOCRX,WO2014159981A2 ADC-120,Investigative,,Trastuzumab,Undisclosed,Undisclosed,ANI0FIZAK,,
DRG0LOOLV,WO2021249228A1 ADC-45,Investigative,,Trastuzumab,Undisclosed,Undisclosed,ANI0FIZAK,,
DRG0LSVSW,WO2014068443A1 ADC83,Investigative,,Trastuzumab,Undisclosed,Undisclosed,ANI0FIZAK,,
DRG0LUEWL,Trastuzumab-E-13,Investigative,,Trastuzumab,Undisclosed,Undisclosed,ANI0FIZAK,,
DRG0LVJXM,HER2-B Antibody-Compound (XVI),Investigative,,Trastuzumab,Undisclosed,Undisclosed,ANI0FIZAK,,
DRG0LXCFU,WO2014068443A1 ADC55,Investigative,,Trastuzumab,Undisclosed,Undisclosed,ANI0FIZAK,,
DRG0LXGNZ,HER2-B Antibody-Compound (XIV),Investigative,,Trastuzumab,Undisclosed,Undisclosed,ANI0FIZAK,,
DRG0LXWPR,CN109641910A ADC-13,Investigative,,Trastuzumab,Undisclosed,Undisclosed,ANI0FIZAK,,
DRG0MAGPC,WO2021249228A1 ADC-10,Investigative,,Trastuzumab,Undisclosed,Undisclosed,ANI0FIZAK,,
DRG0MAYTX,CN109641910A ADC-2,Investigative,,Trastuzumab,Undisclosed,Undisclosed,ANI0FIZAK,,
DRG0MBECQ,CN105051032B ADC-I-11,Investigative,,Trastuzumab,Undisclosed,Undisclosed,ANI0FIZAK,,
DRG0MDAHQ,WO2014068443A1 ADC35,Investigative,,Trastuzumab,Undisclosed,Undisclosed,ANI0FIZAK,,
DRG0MDIIE,Her-30.0132,Investigative,,Trastuzumab,Undisclosed,Undisclosed,ANI0FIZAK,,
DRG0MEUHL,WO2020063676A1 ADC-24,Investigative,,Trastuzumab,Undisclosed,Undisclosed,ANI0FIZAK,,
DRG0MFOKA,WO2021249228A1 ADC-21,Investigative,,Trastuzumab,Undisclosed,Undisclosed,ANI0FIZAK,,
DRG0MIBGW,WO2014068443A1 ADC13,Investigative,,Trastuzumab,Undisclosed,Undisclosed,ANI0FIZAK,,
DRG0MIIPD,CN109641910A ADC-7,Investigative,,Trastuzumab,Undisclosed,Undisclosed,ANI0FIZAK,,
DRG0MJWUT,WO2021249228A1 ADC-8,Investigative,,Trastuzumab,Undisclosed,Undisclosed,ANI0FIZAK,,
DRG0MKJXD,CN109641910A ADC-4,Investigative,,Trastuzumab,Undisclosed,Undisclosed,ANI0FIZAK,,
DRG0MOVAI,WO2018098269A2 conjugate 46A,Investigative,,Trastuzumab,Undisclosed,Undisclosed,ANI0FIZAK,,
DRG0MUWPT,WO2014068443A1 ADC56,Investigative,,Trastuzumab,Undisclosed,Undisclosed,ANI0FIZAK,,
DRG0MVZYO,WO2014068443A1 ADC39,Investigative,,Trastuzumab,Undisclosed,Undisclosed,ANI0FIZAK,,
DRG0MWSDJ,WO2021249228A1 ADC-44,Investigative,,Trastuzumab,Undisclosed,Undisclosed,ANI0FIZAK,,
DRG0NAAUC,CN114917361A ADC-45,Investigative,,Trastuzumab,Undisclosed,Undisclosed,ANI0FIZAK,,
DRG0NCZYB,CN114917361A ADC-31,Investigative,,Trastuzumab,Undisclosed,Undisclosed,ANI0FIZAK,,
DRG0NDLFN,CN105051032B ADC-I-33,Investigative,,Trastuzumab,Undisclosed,Undisclosed,ANI0FIZAK,,
DRG0NDUEX,Her-30.0743,Investigative,,Trastuzumab,Undisclosed,Undisclosed,ANI0FIZAK,,
DRG0NFUBT,CN105051032B ADC-I-5,Investigative,,Trastuzumab,Undisclosed,Undisclosed,ANI0FIZAK,,
DRG0NLSHS,WO2021249228A1 ADC-27,Investigative,,Trastuzumab,Undisclosed,Undisclosed,ANI0FIZAK,,
DRG0NMZOR,WO2014068443A1 ADC46,Investigative,,Trastuzumab,Undisclosed,Undisclosed,ANI0FIZAK,,
DRG0NNKNI,WO2014068443A1 ADC67,Investigative,,Trastuzumab,Undisclosed,Undisclosed,ANI0FIZAK,,
DRG0NODYP,ADC-II-9,Investigative,,Trastuzumab,Undisclosed,Undisclosed,ANI0FIZAK,,
DRG0NQBDY,WO2021249228A1 ADC-42,Investigative,,Trastuzumab,Undisclosed,Undisclosed,ANI0FIZAK,,
DRG0NTOPJ,WO2018098269A2 conjugate 46B,Investigative,,Trastuzumab,Undisclosed,Undisclosed,ANI0FIZAK,,
DRG0NVBNI,WO2018098269A2 conjugate 28,Investigative,,Trastuzumab,Undisclosed,Undisclosed,ANI0FIZAK,,
DRG0NWIHX,WO2014068443A1 ADC27,Investigative,,Trastuzumab,Undisclosed,Undisclosed,ANI0FIZAK,,
DRG0NYYUB,WO2021249228A1 ADC-61,Investigative,,Trastuzumab,Undisclosed,Undisclosed,ANI0FIZAK,,
DRG0OAQYU,WO2014068443A1 ADC7,Investigative,,Trastuzumab,Undisclosed,Undisclosed,ANI0FIZAK,,
DRG0OCKST,WO2014068443A1 ADC74,Investigative,,Trastuzumab,Undisclosed,Undisclosed,ANI0FIZAK,,
DRG0OEEYC,Pertuzumab-Compound (XVIII),Investigative,,Pertuzumab,Undisclosed,Undisclosed,ANI0XJJLY,,
DRG0OGPMU,WO2014068443A1 ADC54,Investigative,,Trastuzumab,Undisclosed,Undisclosed,ANI0FIZAK,,
DRG0OHNIF,CN105051032B ADC-I-27,Investigative,,Trastuzumab,Undisclosed,Undisclosed,ANI0FIZAK,,
DRG0OIARF,CN105051032B ADC-I-10,Investigative,,Trastuzumab,Undisclosed,Undisclosed,ANI0FIZAK,,
DRG0OJQKD,WO2014068443A1 ADC44,Investigative,,Trastuzumab,Undisclosed,Undisclosed,ANI0FIZAK,,
DRG0OKHFT,CN109641910A ADC-9,Investigative,,Trastuzumab,Undisclosed,Undisclosed,ANI0FIZAK,,
DRG0OKWNU,Trastuzumab-F-13,Investigative,,Trastuzumab,Undisclosed,Undisclosed,ANI0FIZAK,,
DRG0OLJFO,Pertuzumab-ADC-Tb3-9,Investigative,,Pertuzumab,Undisclosed,Undisclosed,ANI0XJJLY,,
DRG0OLKVN,WO2015004400A1 ADC-2,Investigative,,Trastuzumab,Undisclosed,Undisclosed,ANI0FIZAK,,
DRG0OMUCM,WO2014068443A1 ADC6,Investigative,,Trastuzumab,Undisclosed,Undisclosed,ANI0FIZAK,,
DRG0ONLTT,WO2014068443A1 ADC31,Investigative,,Trastuzumab,Undisclosed,Undisclosed,ANI0FIZAK,,
DRG0ONZFY,WO2014068443A1 ADC76,Investigative,,Trastuzumab,Undisclosed,Undisclosed,ANI0FIZAK,,
DRG0ONZUF,CN105051032B ADC-I-15,Investigative,,Trastuzumab,Undisclosed,Undisclosed,ANI0FIZAK,,
DRG0ORDYU,LIN-002,Clinical candidate,,Trastuzumab,Undisclosed,Undisclosed,ANI0FIZAK,,
DRG0ORQLN,WO2020063676A1 ADC-5,Investigative,,Trastuzumab,Undisclosed,Undisclosed,ANI0FIZAK,,
DRG0OTEEF,HER2-ADC-08 (DAR8),Investigative,,Trastuzumab,Undisclosed,Undisclosed,ANI0FIZAK,,
DRG0OUNFF,WO2021249228A1 ADC-18,Investigative,,Trastuzumab,Undisclosed,Undisclosed,ANI0FIZAK,,
DRG0OUTEE,Pertuzumab-Compound (XI),Investigative,,Pertuzumab,Undisclosed,Undisclosed,ANI0XJJLY,,
DRG0OYERJ,WO2021249228A1 ADC-33,Investigative,,Trastuzumab,Undisclosed,Undisclosed,ANI0FIZAK,,
DRG0OZDJX,Pertuzumab-ADC-Tb3-4,Investigative,,Pertuzumab,Undisclosed,Undisclosed,ANI0XJJLY,,
DRG0OZIBC,WO2022228495A1 ADC-75,Investigative,,Trastuzumab,Undisclosed,Undisclosed,ANI0FIZAK,,
DRG0PAQFK,HER2-B Antibody-Compound (XVIII),Investigative,,Trastuzumab,Undisclosed,Undisclosed,ANI0FIZAK,,
DRG0PATFB,CN105051032B ADC-I-24,Investigative,,Trastuzumab,Undisclosed,Undisclosed,ANI0FIZAK,,
DRG0PBJTR,WO2014068443A1 ADC11,Investigative,,Trastuzumab,Undisclosed,Undisclosed,ANI0FIZAK,,
DRG0PCVRE,WO2015004400A1 ADC-8,Investigative,,Trastuzumab,Undisclosed,Undisclosed,ANI0FIZAK,,
DRG0PDQMP,WO2021249228A1 ADC-58,Investigative,,Trastuzumab,Undisclosed,Undisclosed,ANI0FIZAK,,
DRG0PEIXT,HER2-ADC-05 (DAR8),Investigative,,Trastuzumab,Undisclosed,Undisclosed,ANI0FIZAK,,
DRG0PFTAZ,WO2014068443A1 ADC23,Investigative,,Trastuzumab,Undisclosed,Undisclosed,ANI0FIZAK,,
DRG0PLJIQ,WO2020063676A1 ADC-12,Investigative,,Trastuzumab,Undisclosed,Undisclosed,ANI0FIZAK,,
DRG0PNNFS,WO2014068443A1 ADC71,Investigative,,Trastuzumab,Undisclosed,Undisclosed,ANI0FIZAK,,
DRG0PRSQY,Pertuzumab-ADC-Tb3-1,Investigative,,Pertuzumab,Undisclosed,Undisclosed,ANI0XJJLY,,
DRG0PRUQP,WO2014068443A1 ADC81,Investigative,,Trastuzumab,Undisclosed,Undisclosed,ANI0FIZAK,,
DRG0PXCEW,CN114917361A ADC-59,Investigative,,Trastuzumab,Undisclosed,Undisclosed,ANI0FIZAK,,
DRG0PXNFJ,WO2021249228A1 ADC-43,Investigative,,Trastuzumab,Undisclosed,Undisclosed,ANI0FIZAK,,
DRG0QBGJN,WO2014068443A1 ADC79,Investigative,,Trastuzumab,Undisclosed,Undisclosed,ANI0FIZAK,,
DRG0QCINA,WO2014068443A1 ADC25,Investigative,,Trastuzumab,Undisclosed,Undisclosed,ANI0FIZAK,,
DRG0QCNVH,WO2021249228A1 ADC-46,Investigative,,Trastuzumab,Undisclosed,Undisclosed,ANI0FIZAK,,
DRG0QGCZP,CN109641910A ADC-1,Investigative,,Trastuzumab,Undisclosed,Undisclosed,ANI0FIZAK,,
DRG0QKIID,WO2014068443A1 ADC2,Investigative,,Trastuzumab,Undisclosed,Undisclosed,ANI0FIZAK,,
DRG0QLNZL,WO2021249228A1 ADC-57,Investigative,,Trastuzumab,Undisclosed,Undisclosed,ANI0FIZAK,,
DRG0QMEVL,WO2014068443A1 ADC53,Investigative,,Trastuzumab,Undisclosed,Undisclosed,ANI0FIZAK,,
DRG0QMXNT,WO2021249228A1 ADC-39,Investigative,,Trastuzumab,Undisclosed,Undisclosed,ANI0FIZAK,,
DRG0QNTDP,WO2021249228A1 ADC-49,Investigative,,Trastuzumab,Undisclosed,Undisclosed,ANI0FIZAK,,
DRG0QOAWE,Trastuzumab-F-63,Investigative,,Trastuzumab,Undisclosed,Undisclosed,ANI0FIZAK,,
DRG0QPJTT,WO2021249228A1 ADC-11,Investigative,,Trastuzumab,Undisclosed,Undisclosed,ANI0FIZAK,,
DRG0QPREL,WO2021249228A1 ADC-53,Investigative,,Trastuzumab,Undisclosed,Undisclosed,ANI0FIZAK,,
DRG0QQPTE,CN105051032B ADC-I-29,Investigative,,Trastuzumab,Undisclosed,Undisclosed,ANI0FIZAK,,
DRG0QZCGE,WO2021249228A1 ADC-52,Investigative,,Trastuzumab,Undisclosed,Undisclosed,ANI0FIZAK,,
DRG0RBKYC,WO2014068443A1 ADC21,Investigative,,Trastuzumab,Undisclosed,Undisclosed,ANI0FIZAK,,
DRG0RBWFY,CN114917361A ADC-42,Investigative,,Trastuzumab,Undisclosed,Undisclosed,ANI0FIZAK,,
DRG0RDRCH,WO2021249228A1 ADC-12,Investigative,,Trastuzumab,Undisclosed,Undisclosed,ANI0FIZAK,,
DRG0REZAP,WO2014068443A1 ADC64,Investigative,,Trastuzumab,Undisclosed,Undisclosed,ANI0FIZAK,,
DRG0RJCBM,WO2021249228A1 ADC-51,Investigative,,Trastuzumab,Undisclosed,Undisclosed,ANI0FIZAK,,
DRG0RMANT,CN105051032B ADC-I-6,Investigative,,Trastuzumab,Undisclosed,Undisclosed,ANI0FIZAK,,
DRG0RNCEG,WO2014068443A1 ADC66,Investigative,,Trastuzumab,Undisclosed,Undisclosed,ANI0FIZAK,,
DRG0RNLYH,WO2021249228A1 ADC-20,Investigative,,Trastuzumab,Undisclosed,Undisclosed,ANI0FIZAK,,
DRG0ROWDR,WO2021249228A1 ADC-50,Investigative,,Trastuzumab,Undisclosed,Undisclosed,ANI0FIZAK,,
DRG0RQOAW,CN114917361A ADC-56,Investigative,,Trastuzumab,Undisclosed,Undisclosed,ANI0FIZAK,,
DRG0RQZIN,WO2014068443A1 ADC41,Investigative,,Trastuzumab,Undisclosed,Undisclosed,ANI0FIZAK,,
DRG0RRHLU,HER2-B Antibody-Compound (XLII),Investigative,,Trastuzumab,Undisclosed,Undisclosed,ANI0FIZAK,,
DRG0RUHHL,WO2021249228A1 ADC-2,Investigative,,Trastuzumab,Undisclosed,Undisclosed,ANI0FIZAK,,
DRG0RXYFX,WO2014068443A1 ADC84,Investigative,,Trastuzumab,Undisclosed,Undisclosed,ANI0FIZAK,,
DRG0RYLLO,Her-30.1036,Investigative,,Trastuzumab,Undisclosed,Undisclosed,ANI0FIZAK,,
DRG0SBZZL,WO2018098269A2 conjugate 31A,Investigative,,Trastuzumab,Undisclosed,Undisclosed,ANI0FIZAK,,
DRG0SFVSD,WO2018098269A2 conjugate 34B,Investigative,,Trastuzumab,Undisclosed,Undisclosed,ANI0FIZAK,,
DRG0SFXNM,WO2014068443A1 ADC52,Investigative,,Trastuzumab,Undisclosed,Undisclosed,ANI0FIZAK,,
DRG0SGELT,WO2021249228A1 ADC-29,Investigative,,Trastuzumab,Undisclosed,Undisclosed,ANI0FIZAK,,
DRG0SGVAG,WO2014068443A1 ADC19,Investigative,,Trastuzumab,Undisclosed,Undisclosed,ANI0FIZAK,,
DRG0SICHY,WO2014068443A1 ADC72,Investigative,,Trastuzumab,Undisclosed,Undisclosed,ANI0FIZAK,,
DRG0SUYBA,WO2014068443A1 ADC24,Investigative,,Trastuzumab,Undisclosed,Undisclosed,ANI0FIZAK,,
DRG0SVQBY,WO2015004400A1 ADC-6,Investigative,,Trastuzumab,Undisclosed,Undisclosed,ANI0FIZAK,,
DRG0SWJFO,Pertuzumab-Compound (XLI),Investigative,,Pertuzumab,Undisclosed,Undisclosed,ANI0XJJLY,,
DRG0SWJPB,WO2020063676A1 ADC-6,Investigative,,Trastuzumab,Undisclosed,Undisclosed,ANI0FIZAK,,
DRG0SXPMM,CN105051032B ADC-I-9,Investigative,,Trastuzumab,Undisclosed,Undisclosed,ANI0FIZAK,,
DRG0SZBPV,WO2014068443A1 ADC68,Investigative,,Trastuzumab,Undisclosed,Undisclosed,ANI0FIZAK,,
DRG0TBZOW,WO2014068443A1 ADC77,Investigative,,Trastuzumab,Undisclosed,Undisclosed,ANI0FIZAK,,
DRG0TCUVF,WO2017089895A1 ADC59,Investigative,,Trastuzumab,Undisclosed,Undisclosed,ANI0FIZAK,,
DRG0THUDP,WO2014068443A1 ADC20,Investigative,,Trastuzumab,Undisclosed,Undisclosed,ANI0FIZAK,,
DRG0TJNER,WO2021249228A1 ADC-36,Investigative,,Trastuzumab,Undisclosed,Undisclosed,ANI0FIZAK,,
DRG0TJWTJ,HER2-ADC-09 (DAR8),Investigative,,Trastuzumab,Undisclosed,Undisclosed,ANI0FIZAK,,
DRG0TLLQO,WO2021249228A1 ADC-16,Investigative,,Trastuzumab,Undisclosed,Undisclosed,ANI0FIZAK,,
DRG0TQAPM,WO2014068443A1 ADC61,Investigative,,Trastuzumab,Undisclosed,Undisclosed,ANI0FIZAK,,
DRG0TSPKV,WO2021249228A1 ADC-3,Investigative,,Trastuzumab,Undisclosed,Undisclosed,ANI0FIZAK,,
DRG0TSWLX,HER2-B Antibody-Compound (XL),Investigative,,Trastuzumab,Undisclosed,Undisclosed,ANI0FIZAK,,
DRG0TTMQP,WO2018098269A2 conjugate 67,Investigative,,Trastuzumab,Undisclosed,Undisclosed,ANI0FIZAK,,
DRG0UBUQU,HER2-B Antibody-Compound (Ie),Investigative,,Trastuzumab,Undisclosed,Undisclosed,ANI0FIZAK,,
DRG0UBYVX,WO2014068443A1 ADC47,Investigative,,Trastuzumab,Undisclosed,Undisclosed,ANI0FIZAK,,
DRG0UDRDW,ADC-III-1,Investigative,,Trastuzumab,Undisclosed,Undisclosed,ANI0FIZAK,,
DRG0UFOWM,WO2020063676A1 ADC-13,Investigative,,Trastuzumab,Undisclosed,Undisclosed,ANI0FIZAK,,
DRG0ULSWS,CN105051032B ADC-I-19,Investigative,,Trastuzumab,Undisclosed,Undisclosed,ANI0FIZAK,,
DRG0UNGSE,WO2014068443A1 ADC75,Investigative,,Trastuzumab,Undisclosed,Undisclosed,ANI0FIZAK,,
DRG0UNPJY,WO2018098269A2 conjugate 25,Investigative,,Trastuzumab,Undisclosed,Undisclosed,ANI0FIZAK,,
DRG0UPJGB,WO2022228495A1 ADC-71,Investigative,,Trastuzumab,Undisclosed,Undisclosed,ANI0FIZAK,,
DRG0UQCPN,WO2020063676A1 ADC-7,Investigative,,Pertuzumab,Undisclosed,Undisclosed,ANI0XJJLY,,
DRG0UQTYC,WO2021249228A1 ADC-30,Investigative,,Trastuzumab,Undisclosed,Undisclosed,ANI0FIZAK,,
DRG0URZCT,WO2014068443A1 ADC73,Investigative,,Trastuzumab,Undisclosed,Undisclosed,ANI0FIZAK,,
DRG0UTGPT,WO2022228495A1 ADC-68,Investigative,,Trastuzumab,Undisclosed,Undisclosed,ANI0FIZAK,,
DRG0UTHSG,WO2014068443A1 ADC5,Investigative,,Trastuzumab,Undisclosed,Undisclosed,ANI0FIZAK,,
DRG0UXJXK,WO2017089895A1 ADC58,Investigative,,Trastuzumab,Undisclosed,Undisclosed,ANI0FIZAK,,
DRG0VAKPM,Her-30.1165,Investigative,,Trastuzumab,Undisclosed,Undisclosed,ANI0FIZAK,,
DRG0VAQUV,WO2020063676A1 ADC-8,Investigative,,Pertuzumab,Undisclosed,Undisclosed,ANI0XJJLY,,
DRG0VCSHE,CN114917361A ADC-68,Investigative,,Trastuzumab,Undisclosed,Undisclosed,ANI0FIZAK,,
DRG0VDTYI,ADC-II-13,Investigative,,Trastuzumab,Undisclosed,Undisclosed,ANI0FIZAK,,
DRG0VGWQY,WO2020063676A1 ADC-11,Investigative,,Trastuzumab,Undisclosed,Undisclosed,ANI0FIZAK,,
DRG0VJIRN,WO2020063676A1 ADC-23,Investigative,,Trastuzumab,Undisclosed,Undisclosed,ANI0FIZAK,,
DRG0VLLRG,CN109641910A ADC-12,Investigative,,Trastuzumab,Undisclosed,Undisclosed,ANI0FIZAK,,
DRG0VLXYJ,WO2014068443A1 ADC51,Investigative,,Trastuzumab,Undisclosed,Undisclosed,ANI0FIZAK,,
DRG0VNRSY,CN105051032B ADC-I-34,Investigative,,Trastuzumab,Undisclosed,Undisclosed,ANI0FIZAK,,
DRG0VPIFG,WO2014068443A1 ADC49,Investigative,,Trastuzumab,Undisclosed,Undisclosed,ANI0FIZAK,,
DRG0VQIBZ,WO2015004400A1 ADC-1,Investigative,,Trastuzumab,Undisclosed,Undisclosed,ANI0FIZAK,,
DRG0VSYAM,WO2022228495A1 ADC-74,Investigative,,Trastuzumab,Undisclosed,Undisclosed,ANI0FIZAK,,
DRG0VUBFB,WO2018098269A2 conjugate 31B,Investigative,,Trastuzumab,Undisclosed,Undisclosed,ANI0FIZAK,,
DRG0VUKCB,Trastuzumab-F-62,Investigative,,Trastuzumab,Undisclosed,Undisclosed,ANI0FIZAK,,
DRG0VURNK,Pertuzumab-Compound (XLII),Investigative,,Pertuzumab,Undisclosed,Undisclosed,ANI0XJJLY,,
DRG0WADXZ,Pertuzumab-Compound (XL),Investigative,,Pertuzumab,Undisclosed,Undisclosed,ANI0XJJLY,,
DRG0WCVRS,WO2014068443A1 ADC30,Investigative,,Trastuzumab,Undisclosed,Undisclosed,ANI0FIZAK,,
DRG0WFALJ,WO2018098269A2 conjugate 52,Investigative,,Trastuzumab,Undisclosed,Undisclosed,ANI0FIZAK,,
DRG0WIZAF,CN114917361A ADC-71,Investigative,,Trastuzumab,Undisclosed,Undisclosed,ANI0FIZAK,,
DRG0WJODE,CN114917361A ADC-7,Investigative,,Trastuzumab,Undisclosed,Undisclosed,ANI0FIZAK,,
DRG0WLSKF,WO2014068443A1 ADC69,Investigative,,Trastuzumab,Undisclosed,Undisclosed,ANI0FIZAK,,
DRG0WPFIJ,HER2-ADC-04 (DAR8),Investigative,,Trastuzumab,Undisclosed,Undisclosed,ANI0FIZAK,,
DRG0WPYLV,WO2021249228A1 ADC-7,Investigative,,Trastuzumab,Undisclosed,Undisclosed,ANI0FIZAK,,
DRG0WQMPK,WO2018098269A2 conjugate 48,Investigative,,Trastuzumab,Undisclosed,Undisclosed,ANI0FIZAK,,
DRG0WREDQ,CN114917361A ADC-74,Investigative,,Trastuzumab,Undisclosed,Undisclosed,ANI0FIZAK,,
DRG0WRPJP,Pertuzumab-ADC-Tb3-2,Investigative,,Pertuzumab,Undisclosed,Undisclosed,ANI0XJJLY,,
DRG0WWFUZ,CN109641910A ADC-14,Investigative,,Trastuzumab,Undisclosed,Undisclosed,ANI0FIZAK,,
DRG0WWMOF,WO2021249228A1 ADC-35,Investigative,,Trastuzumab,Undisclosed,Undisclosed,ANI0FIZAK,,
DRG0WZHKH,CN105051032B ADC-I-38,Investigative,,Trastuzumab,Undisclosed,Undisclosed,ANI0FIZAK,,
DRG0XAXRS,CN105051032B ADC-I-35,Investigative,,Trastuzumab,Undisclosed,Undisclosed,ANI0FIZAK,,
DRG0XBIMR,WO2021249228A1 ADC-17,Investigative,,Trastuzumab,Undisclosed,Undisclosed,ANI0FIZAK,,
DRG0XEVBN,WO2022228495A1 ADC-69,Investigative,,Trastuzumab,Undisclosed,Undisclosed,ANI0FIZAK,,
DRG0XFBLM,Pertuzumab-Compound (Ii),Investigative,,Pertuzumab,Undisclosed,Undisclosed,ANI0XJJLY,,
DRG0XFGOS,WO2021249228A1 ADC-4,Investigative,,Trastuzumab,Undisclosed,Undisclosed,ANI0FIZAK,,
DRG0XGFVZ,WO2021249228A1 ADC-32,Investigative,,Trastuzumab,Undisclosed,Undisclosed,ANI0FIZAK,,
DRG0XGICE,WO2014068443A1 ADC28,Investigative,,Trastuzumab,Undisclosed,Undisclosed,ANI0FIZAK,,
DRG0XGMCK,WO2021249228A1 ADC-54,Investigative,,Trastuzumab,Undisclosed,Undisclosed,ANI0FIZAK,,
DRG0XJICS,WO2014068443A1 ADC26,Investigative,,Trastuzumab,Undisclosed,Undisclosed,ANI0FIZAK,,
DRG0XJRPM,CN109641910A ADC-15,Investigative,,Trastuzumab,Undisclosed,Undisclosed,ANI0FIZAK,,
DRG0XJRPR,WO2014068443A1 ADC82,Investigative,,Trastuzumab,Undisclosed,Undisclosed,ANI0FIZAK,,
DRG0XMOQC,WO2020063676A1 ADC-22,Investigative,,Trastuzumab,Undisclosed,Undisclosed,ANI0FIZAK,,
DRG0XYPUD,CN114917361A ADC-14,Investigative,,Trastuzumab,Undisclosed,Undisclosed,ANI0FIZAK,,
DRG0XYXEK,WO2015004400A1 ADC-3,Investigative,,Trastuzumab,Undisclosed,Undisclosed,ANI0FIZAK,,
DRG0YAUEP,CN105051032B ADC-I-30,Investigative,,Trastuzumab,Undisclosed,Undisclosed,ANI0FIZAK,,
DRG0YCXNA,Trastuzumab-E-11,Investigative,,Trastuzumab,Undisclosed,Undisclosed,ANI0FIZAK,,
DRG0YEENX,CN105051032B ADC-I-28,Investigative,,Trastuzumab,Undisclosed,Undisclosed,ANI0FIZAK,,
DRG0YICCS,ADC-I-1,Investigative,,Trastuzumab,Undisclosed,Undisclosed,ANI0FIZAK,,
DRG0YLMUH,WO2014068443A1 ADC43,Investigative,,Trastuzumab,Undisclosed,Undisclosed,ANI0FIZAK,,
DRG0YNLPF,WO2021249228A1 ADC-56,Investigative,,Trastuzumab,Undisclosed,Undisclosed,ANI0FIZAK,,
DRG0YTDMW,WO2021249228A1 ADC-38,Investigative,,Trastuzumab,Undisclosed,Undisclosed,ANI0FIZAK,,
DRG0YZVFN,WO2021249228A1 ADC-48,Investigative,,Trastuzumab,Undisclosed,Undisclosed,ANI0FIZAK,,
DRG0ZBFPM,WO2021249228A1 ADC-5,Investigative,,Trastuzumab,Undisclosed,Undisclosed,ANI0FIZAK,,
DRG0ZFJEH,CN105051032B ADC-I-25,Investigative,,Trastuzumab,Undisclosed,Undisclosed,ANI0FIZAK,,
DRG0ZJWVA,WO2021249228A1 ADC-19,Investigative,,Trastuzumab,Undisclosed,Undisclosed,ANI0FIZAK,,
DRG0ZKBSF,CN109641910A ADC-3,Investigative,,Trastuzumab,Undisclosed,Undisclosed,ANI0FIZAK,,
DRG0ZMJGJ,WO2014068443A1 ADC42,Investigative,,Trastuzumab,Undisclosed,Undisclosed,ANI0FIZAK,,
DRG0ZMNXI,CN105051032B ADC-I-39,Investigative,,Trastuzumab,Undisclosed,Undisclosed,ANI0FIZAK,,
DRG0ZMOQC,Pertuzumab-Compound (XIX),Investigative,,Pertuzumab,Undisclosed,Undisclosed,ANI0XJJLY,,
DRG0ZPGEE,CN105051032B ADC-I-36,Investigative,,Trastuzumab,Undisclosed,Undisclosed,ANI0FIZAK,,
DRG0ZUXYG,CN105051032B ADC-I-22,Investigative,,Trastuzumab,Undisclosed,Undisclosed,ANI0FIZAK,,
DRG0ZVBNO,WO2021249228A1 ADC-22,Investigative,,Trastuzumab,Undisclosed,Undisclosed,ANI0FIZAK,,
DRG0ZVESS,WO2021249228A1 ADC-41,Investigative,,Trastuzumab,Undisclosed,Undisclosed,ANI0FIZAK,,
DRG0ZXJXZ,CN105051032B ADC-I-32,Investigative,,Trastuzumab,Undisclosed,Undisclosed,ANI0FIZAK,,
DRG0ZZSHQ,WO2020063676A1 ADC-19,Investigative,,Trastuzumab,Undisclosed,Undisclosed,ANI0FIZAK,,
DRG0BFQKX,Margetuximab-ADC-Tb3-5,Investigative,,Margetuximab,Undisclosed,Undisclosed,ANI0GILCW,,
DRG0FKPAI,Margetuximab-ADC-Tb3-2,Investigative,,Margetuximab,Undisclosed,Undisclosed,ANI0GILCW,,
DRG0LIGMW,Margetuximab-ADC-Tb3-10,Investigative,,Margetuximab,Undisclosed,Undisclosed,ANI0GILCW,,
DRG0LOMXS,Margetuximab-ADC-Tb3-7,Investigative,,Margetuximab,Undisclosed,Undisclosed,ANI0GILCW,,
DRG0SJELB,Margetuximab-ADC-Tb3-8,Investigative,,Margetuximab,Undisclosed,Undisclosed,ANI0GILCW,,
DRG0UCRHL,Margetuximab-ADC-Tb3-1,Investigative,,Margetuximab,Undisclosed,Undisclosed,ANI0GILCW,,
DRG0VLLII,Margetuximab-ADC-Tb3-6,Investigative,,Margetuximab,Undisclosed,Undisclosed,ANI0GILCW,,
DRG0VNVCT,Margetuximab-ADC-Tb3-4,Investigative,,Margetuximab,Undisclosed,Undisclosed,ANI0GILCW,,
DRG0ZHOJE,Margetuximab-ADC-Tb3-3,Investigative,,Margetuximab,Undisclosed,Undisclosed,ANI0GILCW,,
DRG0ZYIWU,Margetuximab-ADC-Tb3-9,Investigative,,Margetuximab,Undisclosed,Undisclosed,ANI0GILCW,,
DRG0AHOET,Zanidatamab-ADC-Tb3-1,Investigative,,Zanidatamab,Undisclosed,Undisclosed,ANI0UHCNZ,,
DRG0BBQKW,Zanidatamab-ADC-Tb3-2,Investigative,,Zanidatamab,Undisclosed,Undisclosed,ANI0UHCNZ,,
DRG0DBHRJ,Zanidatamab-ADC-Tb3-6,Investigative,,Zanidatamab,Undisclosed,Undisclosed,ANI0UHCNZ,,
DRG0EWXJG,Zanidatamab-ADC-Tb3-4,Investigative,,Zanidatamab,Undisclosed,Undisclosed,ANI0UHCNZ,,
DRG0FTDZB,Tigatuzumab-ADC-Tb3-9,Investigative,,Tigatuzumab,Undisclosed,Undisclosed,ANI0THUKW,,
DRG0JKDLR,Tigatuzumab-ADC-Tb3-3,Investigative,,Tigatuzumab,Undisclosed,Undisclosed,ANI0THUKW,,
DRG0JXLNG,Tigatuzumab-ADC-Tb3-7,Investigative,,Tigatuzumab,Undisclosed,Undisclosed,ANI0THUKW,,
DRG0KFHCK,Tigatuzumab-ADC-Tb3-5,Investigative,,Tigatuzumab,Undisclosed,Undisclosed,ANI0THUKW,,
DRG0NWCGN,Tigatuzumab-ADC-Tb3-10,Investigative,,Tigatuzumab,Undisclosed,Undisclosed,ANI0THUKW,,
DRG0PGLJA,Zanidatamab-ADC-Tb3-3,Investigative,,Zanidatamab,Undisclosed,Undisclosed,ANI0UHCNZ,,
DRG0PPPSM,Tigatuzumab-ADC-Tb3-2,Investigative,,Tigatuzumab,Undisclosed,Undisclosed,ANI0THUKW,,
DRG0QWWSE,Tigatuzumab-ADC-Tb3-6,Investigative,,Tigatuzumab,Undisclosed,Undisclosed,ANI0THUKW,,
DRG0RMCFX,WO2022228495A1 ADC-72,Investigative,,Patritumab,Undisclosed,Undisclosed,ANI0GBIAA,,
DRG0SKZCM,Zanidatamab-ADC-Tb3-5,Investigative,,Zanidatamab,Undisclosed,Undisclosed,ANI0UHCNZ,,
DRG0VCZLE,Zanidatamab-ADC-Tb3-9,Investigative,,Zanidatamab,Undisclosed,Undisclosed,ANI0UHCNZ,,
DRG0VLKNP,Tigatuzumab-ADC-Tb3-4,Investigative,,Tigatuzumab,Undisclosed,Undisclosed,ANI0THUKW,,
DRG0WFZGF,Zanidatamab-ADC-Tb3-8,Investigative,,Zanidatamab,Undisclosed,Undisclosed,ANI0UHCNZ,,
DRG0XKJAR,Tigatuzumab-ADC-Tb3-8,Investigative,,Tigatuzumab,Undisclosed,Undisclosed,ANI0THUKW,,
DRG0YQDMI,Zanidatamab-ADC-Tb3-10,Investigative,,Zanidatamab,Undisclosed,Undisclosed,ANI0UHCNZ,,
DRG0ZEVSV,Zanidatamab-ADC-Tb3-7,Investigative,,Zanidatamab,Undisclosed,Undisclosed,ANI0UHCNZ,,
DRG0ZKSUY,Tigatuzumab-ADC-Tb3-1,Investigative,,Tigatuzumab,Undisclosed,Undisclosed,ANI0THUKW,,
DRG0ZYLBB,ZW-33,Clinical candidate,,Zanidatamab,Undisclosed,Undisclosed,ANI0UHCNZ,,
DRG0BJHOI,Coprelotamab-ADC-Tb3-4,Investigative,,Coprelotamab,Undisclosed,Undisclosed,ANI0BJQHU,,
DRG0BPKQI,Anbenitamab-ADC-Tb3-3,Investigative,,Anbenitamab,Undisclosed,Undisclosed,ANI0KCYGA,,
DRG0BRHWT,Coprelotamab-ADC-Tb3-8,Investigative,,Coprelotamab,Undisclosed,Undisclosed,ANI0BJQHU,,
DRG0COVHY,Coprelotamab-ADC-Tb3-2,Investigative,,Coprelotamab,Undisclosed,Undisclosed,ANI0BJQHU,,
DRG0ETKKN,Anbenitamab-ADC-Tb3-10,Investigative,,Anbenitamab,Undisclosed,Undisclosed,ANI0KCYGA,,
DRG0FGNNK,Coprelotamab-ADC-Tb3-3,Investigative,,Coprelotamab,Undisclosed,Undisclosed,ANI0BJQHU,,
DRG0HWIWN,Anbenitamab-ADC-Tb3-2,Investigative,,Anbenitamab,Undisclosed,Undisclosed,ANI0KCYGA,,
DRG0JLRED,Anbenitamab-ADC-Tb3-4,Investigative,,Anbenitamab,Undisclosed,Undisclosed,ANI0KCYGA,,
DRG0JWDPO,Anbenitamab-ADC-Tb3-9,Investigative,,Anbenitamab,Undisclosed,Undisclosed,ANI0KCYGA,,
DRG0KYLTN,Anbenitamab-ADC-Tb3-7,Investigative,,Anbenitamab,Undisclosed,Undisclosed,ANI0KCYGA,,
DRG0LFFBU,Coprelotamab-ADC-Tb3-9,Investigative,,Coprelotamab,Undisclosed,Undisclosed,ANI0BJQHU,,
DRG0MQIKL,Anbenitamab-ADC-Tb3-8,Investigative,,Anbenitamab,Undisclosed,Undisclosed,ANI0KCYGA,,
DRG0OGSMJ,Anbenitamab-ADC-Tb3-5,Investigative,,Anbenitamab,Undisclosed,Undisclosed,ANI0KCYGA,,
DRG0OSVKY,Coprelotamab-ADC-Tb3-1,Investigative,,Coprelotamab,Undisclosed,Undisclosed,ANI0BJQHU,,
DRG0PEADF,Coprelotamab-ADC-Tb3-5,Investigative,,Coprelotamab,Undisclosed,Undisclosed,ANI0BJQHU,,
DRG0ULUCF,Coprelotamab-ADC-Tb3-7,Investigative,,Coprelotamab,Undisclosed,Undisclosed,ANI0BJQHU,,
DRG0UQHRM,Coprelotamab-ADC-Tb3-6,Investigative,,Coprelotamab,Undisclosed,Undisclosed,ANI0BJQHU,,
DRG0XQOUF,Coprelotamab-ADC-Tb3-10,Investigative,,Coprelotamab,Undisclosed,Undisclosed,ANI0BJQHU,,
DRG0ZJCGZ,Anbenitamab-ADC-Tb3-6,Investigative,,Anbenitamab,Undisclosed,Undisclosed,ANI0KCYGA,,
DRG0ZNQIH,Anbenitamab-ADC-Tb3-1,Investigative,,Anbenitamab,Undisclosed,Undisclosed,ANI0KCYGA,,
DRG0BOIFJ,Disitamab-ADC-Tb3-8,Investigative,,Hertuzumab,Undisclosed,Undisclosed,ANI0XSOTX,,
DRG0DFKKC,Disitamab-ADC-Tb3-2,Investigative,,Hertuzumab,Undisclosed,Undisclosed,ANI0XSOTX,,
DRG0FJIXX,Disitamab-ADC-Tb3-7,Investigative,,Hertuzumab,Undisclosed,Undisclosed,ANI0XSOTX,,
DRG0FRPML,Disitamab-ADC-Tb3-1,Investigative,,Hertuzumab,Undisclosed,Undisclosed,ANI0XSOTX,,
DRG0GDUMC,Disitamab-ADC-Tb3-10,Investigative,,Hertuzumab,Undisclosed,Undisclosed,ANI0XSOTX,,
DRG0GZEDW,Disitamab-ADC-Tb3-9,Investigative,,Hertuzumab,Undisclosed,Undisclosed,ANI0XSOTX,,
DRG0HBNLX,Disitamab-ADC-Tb3-4,Investigative,,Hertuzumab,Undisclosed,Undisclosed,ANI0XSOTX,,
DRG0SLQNI,Disitamab-ADC-Tb3-5,Investigative,,Hertuzumab,Undisclosed,Undisclosed,ANI0XSOTX,,
DRG0VIYBJ,Disitamab-ADC-Tb3-3,Investigative,,Hertuzumab,Undisclosed,Undisclosed,ANI0XSOTX,,
DRG0ZDTWK,Disitamab-ADC-Tb3-6,Investigative,,Hertuzumab,Undisclosed,Undisclosed,ANI0XSOTX,,
DRG0MOGWD,Anvatabart pactil,Investigative,,Anvatabart,Undisclosed,Undisclosed,ANI0BWGDO,,
DRG0FFAEY,Gancotamab-ADC-Tb3-3,Investigative,,Gancotamab,Undisclosed,Undisclosed,ANI0GMKWS,,
DRG0JJUOK,Gancotamab-ADC-Tb3-10,Investigative,,Gancotamab,Undisclosed,Undisclosed,ANI0GMKWS,,
DRG0KINLK,Gancotamab-ADC-Tb3-8,Investigative,,Gancotamab,Undisclosed,Undisclosed,ANI0GMKWS,,
DRG0MQUJC,Gancotamab-ADC-Tb3-7,Investigative,,Gancotamab,Undisclosed,Undisclosed,ANI0GMKWS,,
DRG0NFXCW,Gancotamab-ADC-Tb3-5,Investigative,,Gancotamab,Undisclosed,Undisclosed,ANI0GMKWS,,
DRG0NKEKF,Gancotamab-ADC-Tb3-2,Investigative,,Gancotamab,Undisclosed,Undisclosed,ANI0GMKWS,,
DRG0PIMKZ,Gancotamab-ADC-Tb3-4,Investigative,,Gancotamab,Undisclosed,Undisclosed,ANI0GMKWS,,
DRG0TNYPL,Gancotamab-ADC-Tb3-9,Investigative,,Gancotamab,Undisclosed,Undisclosed,ANI0GMKWS,,
DRG0VXFMU,Gancotamab-ADC-Tb3-1,Investigative,,Gancotamab,Undisclosed,Undisclosed,ANI0GMKWS,,
DRG0ZYPYG,Gancotamab-ADC-Tb3-6,Investigative,,Gancotamab,Undisclosed,Undisclosed,ANI0GMKWS,,
DRG0AQELK,WO2015189791A1 ADC-27,Investigative,,Anti-HER2 antibody 20507,Undisclosed,Undisclosed,ANI0YQSBN,,
DRG0BLOPZ,WO2015189791A1 ADC-29,Investigative,,Anti-HER2 antibody 20507,Undisclosed,Undisclosed,ANI0YQSBN,,
DRG0DWPXE,WO2015095301A2 ADC-32,Investigative,,Anti-HER2 antibody 20507,Undisclosed,Undisclosed,ANI0YQSBN,,
DRG0EAMYY,WO2015095301A2 ADC-31,Investigative,,Anti-HER2 antibody 20507,Undisclosed,Undisclosed,ANI0YQSBN,,
DRG0FPZZW,WO2015095301A2 ADC-28,Investigative,,Anti-HER2 antibody 20507,Undisclosed,Undisclosed,ANI0YQSBN,,
DRG0FUNPG,WO2015189791A1 ADC-33,Investigative,,Anti-HER2 antibody 20507,Undisclosed,Undisclosed,ANI0YQSBN,,
DRG0GACEN,WO2015095301A2 ADC-34,Investigative,,Anti-HER2 antibody 20507,Undisclosed,Undisclosed,ANI0YQSBN,,
DRG0HCICC,WO2015095301A2 ADC-37,Investigative,,Anti-HER2 antibody 20507,Undisclosed,Undisclosed,ANI0YQSBN,,
DRG0HSWTM,WO2015189791A1 ADC-63,Investigative,,Anti-HER2 antibody 20507,Undisclosed,Undisclosed,ANI0YQSBN,,
DRG0IHUZW,WO2015189791A1 ADC-31,Investigative,,Anti-HER2 antibody 20507,Undisclosed,Undisclosed,ANI0YQSBN,,
DRG0ISOSG,WO2015189791A1 ADC-36,Investigative,,Anti-HER2 antibody 20507,Undisclosed,Undisclosed,ANI0YQSBN,,
DRG0KEJRV,WO2015189791A1 ADC-28,Investigative,,Anti-HER2 antibody 20507,Undisclosed,Undisclosed,ANI0YQSBN,,
DRG0KFNKK,WO2015095301A2 ADC-33,Investigative,,Anti-HER2 antibody 20507,Undisclosed,Undisclosed,ANI0YQSBN,,
DRG0NPUOE,WO2015095301A2 ADC-36,Investigative,,Anti-HER2 antibody 20507,Undisclosed,Undisclosed,ANI0YQSBN,,
DRG0QJGEC,WO2015189791A1 ADC-32,Investigative,,Anti-HER2 antibody 20507,Undisclosed,Undisclosed,ANI0YQSBN,,
DRG0RIUAE,WO2015189791A1 ADC-64,Investigative,,Anti-HER2 antibody 20507,Undisclosed,Undisclosed,ANI0YQSBN,,
DRG0RUQKB,WO2015189791A1 ADC-30,Investigative,,Anti-HER2 antibody 20507,Undisclosed,Undisclosed,ANI0YQSBN,,
DRG0SCRNW,WO2015095301A2 ADC-35,Investigative,,Anti-HER2 antibody 20507,Undisclosed,Undisclosed,ANI0YQSBN,,
DRG0TNUVU,WO2015189791A1 ADC-34,Investigative,,Anti-HER2 antibody 20507,Undisclosed,Undisclosed,ANI0YQSBN,,
DRG0UBBKP,WO2015095301A2 ADC-29,Investigative,,Anti-HER2 antibody 20507,Undisclosed,Undisclosed,ANI0YQSBN,,
DRG0WTZRK,WO2015189791A1 ADC-40,Investigative,,Anti-HER2 antibody 20507,Undisclosed,Undisclosed,ANI0YQSBN,,
DRG0XGXGB,WO2015189791A1 ADC-61,Investigative,,Anti-HER2 antibody 20507,Undisclosed,Undisclosed,ANI0YQSBN,,
DRG0ZOAND,WO2015189791A1 ADC-35,Investigative,,Anti-HER2 antibody 20507,Undisclosed,Undisclosed,ANI0YQSBN,,
DRG0ZPGGC,WO2015095301A2 ADC-30,Investigative,,Anti-HER2 antibody 20507,Undisclosed,Undisclosed,ANI0YQSBN,,
DRG0ZTMEB,WO2015189791A1 ADC-37,Investigative,,Anti-HER2 antibody 20507,Undisclosed,Undisclosed,ANI0YQSBN,,
DRG0CSEFK,HER2-A Antibody-Compound (XIV),Investigative,,Pertuzumab-S239C,Undisclosed,Undisclosed,ANI0LBVYF,,
DRG0GKZVW,HER2-A Antibody-Compound (XVI),Investigative,,Pertuzumab-S239C,Undisclosed,Undisclosed,ANI0LBVYF,,
DRG0LDTMW,HER2-A Antibody-Compound (XI),Investigative,,Pertuzumab-S239C,Undisclosed,Undisclosed,ANI0LBVYF,,
DRG0LYYQA,Anti-HER-AO-Cys-MC-VC-PABC-PEG8-Dol10,Investigative,,Anti-HER2 mAb WT,Undisclosed,Undisclosed,ANI0KRSRI,,
DRG0LZEZY,Anti-HER-MC-VC-PABC-PEG8-Dol10,Investigative,,Anti-HER2 mAb WT,Undisclosed,Undisclosed,ANI0KRSRI,,
DRG0MLYND,HER2-A Antibody-Compound (XLII),Investigative,,Pertuzumab-S239C,Undisclosed,Undisclosed,ANI0LBVYF,,
DRG0MRZMD,HER2-A Antibody-Compound (XIX),Investigative,,Pertuzumab-S239C,Undisclosed,Undisclosed,ANI0LBVYF,,
DRG0NOZPJ,HER2-A Antibody-Compound (XVIII),Investigative,,Pertuzumab-S239C,Undisclosed,Undisclosed,ANI0LBVYF,,
DRG0PCPMB,HER2-A Antibody-Compound (Ii),Investigative,,Pertuzumab-S239C,Undisclosed,Undisclosed,ANI0LBVYF,,
DRG0TDPBH,HER2-A Antibody-Compound (XLIII),Investigative,,Pertuzumab-S239C,Undisclosed,Undisclosed,ANI0LBVYF,,
DRG0TZOCX,HER2-A Antibody-Compound (XLI),Investigative,,Pertuzumab-S239C,Undisclosed,Undisclosed,ANI0LBVYF,,
DRG0UITPA,HER2-A Antibody-Compound (XL),Investigative,,Pertuzumab-S239C,Undisclosed,Undisclosed,ANI0LBVYF,,
DRG0WEICA,Pertuzumab-S239C-Compound (XV),Investigative,,Pertuzumab-S239C,Undisclosed,Undisclosed,ANI0LBVYF,,
DRG0YDDJV,HER2-A Antibody-Compound (Ie),Investigative,,Pertuzumab-S239C,Undisclosed,Undisclosed,ANI0LBVYF,,
DRG0ZFKIM,HER2-A Antibody-Compound (X),Investigative,,Pertuzumab-S239C,Undisclosed,Undisclosed,ANI0LBVYF,,
DRG0AEPKZ,LC A032D/HC A106E,Investigative,,BA-130-03-07,Undisclosed,Undisclosed,ANI0XLCBG,,
DRG0AGZVA,ADC2202,Investigative,,Anti-HER2 mAb,Undisclosed,Undisclosed,ANI0YQQFV,,
DRG0BATFV,CN110997010A ADC-1,Investigative,,Anti-HER2 mAb,Undisclosed,Undisclosed,ANI0YQQFV,,
DRG0BGEQL,WO2014159981A2 ADC-HER2-48,Investigative,,Thio hu anti-HER2 4D5-8 HC A118C,Undisclosed,Undisclosed,ANI0TTLKG,,
DRG0BRYOM,WO2017214024A1 ADC-103,Investigative,,Thio hu anti-Her2 7C2 LC K149C,Undisclosed,Undisclosed,ANI0GBHZC,,
DRG0BWYAY,Anti-HER2 ADC 13-7,Investigative,,Anti-HER2 mAb,Undisclosed,Undisclosed,ANI0YQQFV,,
DRG0BZEMH,JAB-BX400,Clinical candidate,,Undisclosed,STING agonist,Undisclosed,,PAY0ONJLH,
DRG0CFXMS,Anti-HER2 ADC 17-2,Investigative,,Anti-HER2 mAb,Undisclosed,Undisclosed,ANI0YQQFV,,
DRG0CGZLD,HER2-C Antibody-Compound (XI),Investigative,,HER2-C antibody,Undisclosed,Undisclosed,ANI0CHLCI,,
DRG0CQDYS,CN110997010A ADC-7,Investigative,,Anti-HER2 mAb,Undisclosed,Undisclosed,ANI0YQQFV,,
DRG0CTNNX,Anti-HER2 ADC 2-7,Investigative,,Anti-HER2 mAb,Undisclosed,Undisclosed,ANI0YQQFV,,
DRG0DRQMO,WO2014159981A2 ADC-130,Investigative,,Thio hu anti-HER2 4D5-8 HC A118C,Undisclosed,Undisclosed,ANI0TTLKG,,
DRG0DSMCS,Anti-HER2 ADC 6-2,Investigative,,Anti-HER2 mAb,Undisclosed,Undisclosed,ANI0YQQFV,,
DRG0DWCTO,WO2014159981A2 ADC-HER2-22,Investigative,,Thio hu anti-HER2 4D5-8 HC A118C,Undisclosed,Undisclosed,ANI0TTLKG,,
DRG0DYMUQ,WO2017059289A1 ADC-108,Investigative,,Thio anti-HER2 hu7C2 LC K149C,Undisclosed,Undisclosed,ANI0ENCWD,,
DRG0EFQMU,HER2-C Antibody-Compound (XVI),Investigative,,HER2-C antibody,Undisclosed,Undisclosed,ANI0CHLCI,,
DRG0ENCPW,WO2017059289A1 ADC-109,Investigative,,Thio anti-HER2 hu7C2 LC K149C,Undisclosed,Undisclosed,ANI0ENCWD,,
DRG0EZLOV,LC A032D/HC S119E,Investigative,,BA-130-03-08,Undisclosed,Undisclosed,ANI0PMEEA,,
DRG0FVFXY,WO2017059289A1 ADC-101,Investigative,,Thio anti-HER2 hu7C2 LC K149C,Undisclosed,Undisclosed,ANI0ENCWD,,
DRG0GDYZL,HER2-C Antibody-Compound (XIV),Investigative,,HER2-C antibody,Undisclosed,Undisclosed,ANI0CHLCI,,
DRG0GFEIK,DAN-311,Clinical candidate,,Undisclosed,Camptothecin,Undisclosed,,PAY0WUZLC,
DRG0GGXXQ,HER2-C Antibody-Compound (Ie),Investigative,,HER2-C antibody,Undisclosed,Undisclosed,ANI0CHLCI,,
DRG0GUSXO,WO2017214024A1 ADC-106,Investigative,,Thio hu anti-Her2 7C2 HC A140C,Undisclosed,Undisclosed,ANI0YWMXN,,
DRG0HKWYH,CN110997010A ADC-2,Investigative,,Anti-HER2 mAb,Undisclosed,Undisclosed,ANI0YQQFV,,
DRG0HVWAB,Anti-HER2 ADC 16-5,Investigative,,Anti-HER2 mAb,Undisclosed,Undisclosed,ANI0YQQFV,,
DRG0IBIQP,HER2-C Antibody-Compound (XLIII),Investigative,,HER2-C antibody,Undisclosed,Undisclosed,ANI0CHLCI,,
DRG0IEJPP,LC A032D/HC Y052K,Investigative,,BA-130-03-02,Undisclosed,Undisclosed,ANI0KYKHI,,
DRG0IGMTO,Dualtargeting lidamycin ADC,Investigative,,Undisclosed,Lidamycin,Undisclosed,,PAY0UXSPW,
DRG0JQBRK,Anti-HER2 ADC 12-3.2,Investigative,,Anti-HER2 mAb,Undisclosed,Undisclosed,ANI0YQQFV,,
DRG0JRSRA,Anti-HER2 ADC 3-4,Investigative,,Anti-HER2 mAb,Undisclosed,Undisclosed,ANI0YQQFV,,
DRG0KDHWF,Anti-HER2 ADC 11-5,Investigative,,Anti-HER2 mAb,Undisclosed,Undisclosed,ANI0YQQFV,,
DRG0KZSEM,HER2-C Antibody-Compound (XLI),Investigative,,HER2-C antibody,Undisclosed,Undisclosed,ANI0CHLCI,,
DRG0LCMYM,Anti-HER2 ADC 4-3,Investigative,,Anti-HER2 mAb,Undisclosed,Undisclosed,ANI0YQQFV,,
DRG0LJABH,WO2017059289A1 ADC-104,Investigative,,Thio anti-HER2 hu7C2 LC K149C,Undisclosed,Undisclosed,ANI0ENCWD,,
DRG0LYGOE,HER2-C Antibody-Compound (XIX),Investigative,,HER2-C antibody,Undisclosed,Undisclosed,ANI0CHLCI,,
DRG0MCDXO,LC A032D/HC,Investigative,,BA-130-00-01,Undisclosed,Undisclosed,ANI0QCJMY,,
DRG0MFIVD,CN110997010A ADC-6,Investigative,,Anti-HER2 mAb,Undisclosed,Undisclosed,ANI0YQQFV,,
DRG0MUHPX,Anti-HER2 ADC 10-1,Investigative,,Anti-HER2 mAb,Undisclosed,Undisclosed,ANI0YQQFV,,
DRG0MUNRP,WO2017059289A1 ADC-102,Investigative,,Thio anti-HER2 hu7C2 LC K149C,Undisclosed,Undisclosed,ANI0ENCWD,,
DRG0NAHRE,WO2017059289A1 ADC-205,Investigative,,Thio anti-HER2 hu7C2 LC K149C,Undisclosed,Undisclosed,ANI0ENCWD,,
DRG0NDYLF,Anti-HER2 ADC 7-1,Investigative,,Anti-HER2 mAb,Undisclosed,Undisclosed,ANI0YQQFV,,
DRG0NJANR,HER2-C Antibody-Compound (XVIII),Investigative,,HER2-C antibody,Undisclosed,Undisclosed,ANI0CHLCI,,
DRG0NVSFJ,Anti-HER2 ADC 19-5,Investigative,,Anti-HER2 mAb,Undisclosed,Undisclosed,ANI0YQQFV,,
DRG0OIFPC,CN110997010A ADC-5,Investigative,,Anti-HER2 mAb,Undisclosed,Undisclosed,ANI0YQQFV,,
DRG0OIPZJ,WO2017059289A1 ADC-117,Investigative,,Thio anti-HER2 hu7C2 HC L177C,Undisclosed,Undisclosed,ANI0YNFKP,,
DRG0OJXPO,Humanized Anti-HER2 Mab-Maytansine Conjugate,Clinical candidate,,Undisclosed,Mertansine DM1,Undisclosed,,PAY0JCIBW,
DRG0OKDXS,Anti-HER2 ADC 18-3,Investigative,,Anti-HER2 mAb,Undisclosed,Undisclosed,ANI0YQQFV,,
DRG0PAYBZ,CN110997010A ADC-8,Investigative,,Anti-HER2 mAb,Undisclosed,Undisclosed,ANI0YQQFV,,
DRG0PEBPP,LC A032D/HC G056K,Investigative,,BA-130-03-05,Undisclosed,Undisclosed,ANI0VJEMD,,
DRG0PJPNC,APLP2/HER2 antibody-drug conjugate,Clinical candidate,,Undisclosed,Mertansine DM1,Undisclosed,,PAY0JCIBW,
DRG0PZQFH,WO2017059289A1 ADC-119,Investigative,,Thio anti-HER2 hu7C2 HC Y376C,Undisclosed,Undisclosed,ANI0TJZMJ,,
DRG0QLLMR,LC A032D/HC T058D,Investigative,,BA-130-03-06,Undisclosed,Undisclosed,ANI0RONYF,,
DRG0QVYBW,Anti-HER2 ADC 12-3.1,Investigative,,Anti-HER2 mAb,Undisclosed,Undisclosed,ANI0YQQFV,,
DRG0RHZJX,HER2-C Antibody-Compound (XL),Investigative,,HER2-C antibody,Undisclosed,Undisclosed,ANI0CHLCI,,
DRG0SQGKO,Anti-HER2 ADC 9-4,Investigative,,Anti-HER2 mAb,Undisclosed,Undisclosed,ANI0YQQFV,,
DRG0SXDDS,Anti-HER2 ADC 14-5,Investigative,,Anti-HER2 mAb,Undisclosed,Undisclosed,ANI0YQQFV,,
DRG0TNWPO,Anti-HER2 ADC 8-5,Investigative,,Anti-HER2 mAb,Undisclosed,Undisclosed,ANI0YQQFV,,
DRG0UHIWZ,HER2-C Antibody-Compound (XLII),Investigative,,HER2-C antibody,Undisclosed,Undisclosed,ANI0CHLCI,,
DRG0ULCNA,Anti-HER2 ADC 21-5,Investigative,,Anti-HER2 mAb,Undisclosed,Undisclosed,ANI0YQQFV,,
DRG0VJFED,WO2022228495A1 ADC-73,Investigative,,H01L02,Undisclosed,Undisclosed,ANI0STNTK,,
DRG0VNPMZ,HER2-C Antibody-Compound (XV),Investigative,,HER2-C antibody,Undisclosed,Undisclosed,ANI0CHLCI,,
DRG0VQGFS,Anti-HER2 ADC 5-3,Investigative,,Anti-HER2 mAb,Undisclosed,Undisclosed,ANI0YQQFV,,
DRG0VXLFN,WO2017059289A1 ADC-113,Investigative,,Thio anti-HER2 hu7C2 LC K149C HC L177C,Undisclosed,Undisclosed,ANI0RBUVD,,
DRG0VXWJI,WO2014159981A2 ADC-211,Investigative,,Thio hu anti-HER2 4D5-8 HC A118C,Undisclosed,Undisclosed,ANI0TTLKG,,
DRG0WBVUM,HER2-C Antibody-Compound (Ii),Investigative,,HER2-C antibody,Undisclosed,Undisclosed,ANI0CHLCI,,
DRG0WCXGS,HER2-C Antibody-Compound (X),Investigative,,HER2-C antibody,Undisclosed,Undisclosed,ANI0CHLCI,,
DRG0WCXUN,WO2017059289A1 ADC-203,Investigative,,Thio anti-HER2 hu7C2 LC K149C,Undisclosed,Undisclosed,ANI0ENCWD,,
DRG0WUPMP,Anti-HER2 ADC 20-5,Investigative,,Anti-HER2 mAb,Undisclosed,Undisclosed,ANI0YQQFV,,
DRG0XCQTC,WO2017059289A1 ADC-106,Investigative,,Thio anti-HER2 hu7C2 LC K149C,Undisclosed,Undisclosed,ANI0ENCWD,,
DRG0XFAJZ,CN110997010A ADC-3,Investigative,,Anti-HER2 mAb,Undisclosed,Undisclosed,ANI0YQQFV,,
DRG0YCYYZ,CN110997010A ADC-4,Investigative,,Anti-HER2 mAb,Undisclosed,Undisclosed,ANI0YQQFV,,
DRG0YDHHD,WO2017059289A1 ADC-114,Investigative,,Thio anti-HER2 hu7C2 LC K149C HC L177C HC Y376C,Undisclosed,Undisclosed,ANI0UCVBM,,
DRG0YTNKP,WO2017059289A1 ADC-201,Investigative,,Thio anti-HER2 hu7C2 LC K149C,Undisclosed,Undisclosed,ANI0ENCWD,,
DRG0ZQISA,CTAT-ADC,Clinical candidate,,Undisclosed,Mertansine DM1,Undisclosed,,PAY0JCIBW,
DRG0ZXNCB,Anti-HER2 ADC 15-5,Investigative,,Anti-HER2 mAb,Undisclosed,Undisclosed,ANI0YQQFV,,
DRG0AALGD,YB1-ADC-HER2,Clinical candidate,,Undisclosed,Undisclosed,Undisclosed,,,
DRG0AJOYN,WO2015189791A1 ADC-65,Investigative,,Undisclosed,Undisclosed,Undisclosed,,,
DRG0BRHCV,KM254-ADC,Clinical candidate,,Undisclosed,Undisclosed,Undisclosed,,,
DRG0BSTWP,AbGn-110,Clinical candidate,,Undisclosed,Undisclosed,Undisclosed,,,
DRG0BZKVE,WO2015189791A1 ADC-11,Investigative,,Undisclosed,Undisclosed,Undisclosed,,,
DRG0CGRUW,CN105828840B ADC-114,Investigative,,Undisclosed,Undisclosed,Undisclosed,,,
DRG0CVDZL,WO2015189791A1 ADC-18,Investigative,,Undisclosed,Undisclosed,Undisclosed,,,
DRG0DHUJI,WO2015189791A1 ADC-9,Investigative,,Undisclosed,Undisclosed,Undisclosed,,,
DRG0DLVFR,Second Generation HER2-Directed Antibody-Drug conjugate,Clinical candidate,,Undisclosed,Undisclosed,Undisclosed,,,
DRG0DMPII,WO2015189791A1 ADC-26,Investigative,,Undisclosed,Undisclosed,Undisclosed,,,
DRG0DQCYK,WO2015189791A1 ADC-55,Investigative,,Undisclosed,Undisclosed,Undisclosed,,,
DRG0DWWZN,WO2015189791A1 ADC-47,Investigative,,Undisclosed,Undisclosed,Undisclosed,,,
DRG0DYBPX,WO2015095301A2 ADC-13,Investigative,,Undisclosed,Undisclosed,Undisclosed,,,
DRG0DYVPL,ANT-043,Clinical candidate,,Undisclosed,Undisclosed,Undisclosed,,,
DRG0EEPZC,CN105828840B ADC-103,Investigative,,Undisclosed,Undisclosed,Undisclosed,,,
DRG0EIPBM,CN105828840B ADC-102,Investigative,,Undisclosed,Undisclosed,Undisclosed,,,
DRG0ENGYM,WO2015095301A2 ADC-14,Investigative,,Undisclosed,Undisclosed,Undisclosed,,,
DRG0EUOEP,WO2015189791A1 ADC-15,Investigative,,Undisclosed,Undisclosed,Undisclosed,,,
DRG0FFHDQ,WO2015189791A1 ADC-21,Investigative,,Undisclosed,Undisclosed,Undisclosed,,,
DRG0FIDOK,WO2015189791A1 ADC-58,Investigative,,Undisclosed,Undisclosed,Undisclosed,,,
DRG0FLIOW,WO2015189791A1 ADC-16,Investigative,,Undisclosed,Undisclosed,Undisclosed,,,
DRG0FOWAM,WO2015189791A1 ADC-53,Investigative,,Undisclosed,Undisclosed,Undisclosed,,,
DRG0FTOKL,WO2015189791A1 ADC-4,Investigative,,Undisclosed,Undisclosed,Undisclosed,,,
DRG0FZESQ,ZW-9,Investigative,,Undisclosed,Undisclosed,Undisclosed,,,
DRG0GJOME,WO2015095301A2 ADC-7,Investigative,,Undisclosed,Undisclosed,Undisclosed,,,
DRG0GKFEB,Anti-HER2 antibody drug conjugate (NBE-Therapeutics),Clinical candidate,,Undisclosed,Undisclosed,Undisclosed,,,
DRG0GRSVD,WO2015095301A2 ADC-11,Investigative,,Undisclosed,Undisclosed,Undisclosed,,,
DRG0GTTFT,WO2015095301A2 ADC-10,Investigative,,Undisclosed,Undisclosed,Undisclosed,,,
DRG0HHKHY,CN105828840B ADC-119,Investigative,,Undisclosed,Undisclosed,Undisclosed,,,
DRG0HPYMH,WO2015095301A2 ADC-20,Investigative,,Undisclosed,Undisclosed,Undisclosed,,,
DRG0IDLHD,WO2015189791A1 ADC-1,Investigative,,Undisclosed,Undisclosed,Undisclosed,,,
DRG0IGWYA,CN105828840B ADC-121,Investigative,,Undisclosed,Undisclosed,Undisclosed,,,
DRG0IUSGV,WO2015095301A2 ADC-16,Investigative,,Undisclosed,Undisclosed,Undisclosed,,,
DRG0IWKSC,WO2015189791A1 ADC-3,Investigative,,Undisclosed,Undisclosed,Undisclosed,,,
DRG0JCJDS,CN105828840B ADC-117,Investigative,,Undisclosed,Undisclosed,Undisclosed,,,
DRG0JGMEO,WO2015095301A2 ADC-2,Investigative,,Undisclosed,Undisclosed,Undisclosed,,,
DRG0JKQWZ,WO2015189791A1 ADC-50,Investigative,,Undisclosed,Undisclosed,Undisclosed,,,
DRG0JODMZ,WO2015189791A1 ADC-6,Investigative,,Undisclosed,Undisclosed,Undisclosed,,,
DRG0JPSZZ,WO2015189791A1 ADC-45,Investigative,,Undisclosed,Undisclosed,Undisclosed,,,
DRG0JQASF,WO2015189791A1 ADC-12,Investigative,,Undisclosed,Undisclosed,Undisclosed,,,
DRG0JTDYJ,WO2015189791A1 ADC-46,Investigative,,Undisclosed,Undisclosed,Undisclosed,,,
DRG0KDGQA,WO2015095301A2 ADC-5,Investigative,,Undisclosed,Undisclosed,Undisclosed,,,
DRG0KFOJF,CN105828840B ADC-106,Investigative,,Undisclosed,Undisclosed,Undisclosed,,,
DRG0KGUAY,WO2015189791A1 ADC-48,Investigative,,Undisclosed,Undisclosed,Undisclosed,,,
DRG0KKEHM,WO2015189791A1 ADC-43,Investigative,,Undisclosed,Undisclosed,Undisclosed,,,
DRG0KNAKC,QBK249-G,Clinical candidate,,Undisclosed,Undisclosed,Undisclosed,,,
DRG0KWGDK,WO2015095301A2 ADC-8,Investigative,,Undisclosed,Undisclosed,Undisclosed,,,
DRG0KZLIB,WO2015189791A1 ADC-38,Investigative,,Undisclosed,Undisclosed,Undisclosed,,,
DRG0LBJDF,WO2015095301A2 ADC-23,Investigative,,Undisclosed,Undisclosed,Undisclosed,,,
DRG0LCOHU,WO2015095301A2 ADC-1,Investigative,,Undisclosed,Undisclosed,Undisclosed,,,
DRG0MCHDZ,WO2015189791A1 ADC-25,Investigative,,Undisclosed,Undisclosed,Undisclosed,,,
DRG0NMQQV,WO2015189791A1 ADC-41,Investigative,,Undisclosed,Undisclosed,Undisclosed,,,
DRG0NSVHE,CN105828840B ADC-107,Investigative,,Undisclosed,Undisclosed,Undisclosed,,,
DRG0OBLYM,WO2015095301A2 ADC-18,Investigative,,Undisclosed,Undisclosed,Undisclosed,,,
DRG0OIYYA,WO2015189791A1 ADC-20,Investigative,,Undisclosed,Undisclosed,Undisclosed,,,
DRG0OOVQT,WO2015095301A2 ADC-21,Investigative,,Undisclosed,Undisclosed,Undisclosed,,,
DRG0OPRBX,WO2015189791A1 ADC-49,Investigative,,Undisclosed,Undisclosed,Undisclosed,,,
DRG0OUPXW,WO2015095301A2 ADC-26,Investigative,,Undisclosed,Undisclosed,Undisclosed,,,
DRG0PBJPK,WO2015189791A1 ADC-42,Investigative,,Undisclosed,Undisclosed,Undisclosed,,,
DRG0PCETW,WO2015189791A1 ADC-7,Investigative,,Undisclosed,Undisclosed,Undisclosed,,,
DRG0POSTG,WO2015095301A2 ADC-3,Investigative,,Undisclosed,Undisclosed,Undisclosed,,,
DRG0PQPCR,WO2015189791A1 ADC-52,Investigative,,Undisclosed,Undisclosed,Undisclosed,,,
DRG0PQXVW,WO2015189791A1 ADC-59,Investigative,,Undisclosed,Undisclosed,Undisclosed,,,
DRG0PTNFG,CN105828840B ADC-118,Investigative,,Undisclosed,Undisclosed,Undisclosed,,,
DRG0PXHNJ,WO2015189791A1 ADC-24,Investigative,,Undisclosed,Undisclosed,Undisclosed,,,
DRG0QBLTH,WO2015095301A2 ADC-22,Investigative,,Undisclosed,Undisclosed,Undisclosed,,,
DRG0QMJZH,WO2015189791A1 ADC-8,Investigative,,Undisclosed,Undisclosed,Undisclosed,,,
DRG0QUZLE,CN105828840B ADC-113,Investigative,,Undisclosed,Undisclosed,Undisclosed,,,
DRG0RFSBO,WO2015095301A2 ADC-24,Investigative,,Undisclosed,Undisclosed,Undisclosed,,,
DRG0RIXLN,CN105828840B ADC-112,Investigative,,Undisclosed,Undisclosed,Undisclosed,,,
DRG0RJDSP,WO2015189791A1 ADC-22,Investigative,,Undisclosed,Undisclosed,Undisclosed,,,
DRG0RXCWS,Biparatopic HER2/HER2 antibody drug conjugate,Clinical candidate,,Undisclosed,Undisclosed,Undisclosed,,,
DRG0SFBSS,WO2015095301A2 ADC-25,Investigative,,Undisclosed,Undisclosed,Undisclosed,,,
DRG0SNXHV,WO2015189791A1 ADC-39,Investigative,,Undisclosed,Undisclosed,Undisclosed,,,
DRG0SOVWQ,WO2015189791A1 ADC-5,Investigative,,Undisclosed,Undisclosed,Undisclosed,,,
DRG0TNNXH,WO2015189791A1 ADC-60,Investigative,,Undisclosed,Undisclosed,Undisclosed,,,
DRG0TTCXD,CN105828840B ADC-123,Investigative,,Undisclosed,Undisclosed,Undisclosed,,,
DRG0TUPEB,WO2015189791A1 ADC-57,Investigative,,Undisclosed,Undisclosed,Undisclosed,,,
DRG0TWDFG,CN105828840B ADC-109,Investigative,,Undisclosed,Undisclosed,Undisclosed,,,
DRG0UIZFH,XB3-001,Clinical candidate,,Undisclosed,Undisclosed,Undisclosed,,,
DRG0UPDAI,TE-1112,Investigative,,Undisclosed,Undisclosed,Undisclosed,,,
DRG0UTTEH,WO2015189791A1 ADC-13,Investigative,,Undisclosed,Undisclosed,Undisclosed,,,
DRG0VFAOB,WO2015189791A1 ADC-62,Investigative,,Undisclosed,Undisclosed,Undisclosed,,,
DRG0VYQDL,WO2015095301A2 ADC-12,Investigative,,Undisclosed,Undisclosed,Undisclosed,,,
DRG0WAEHY,Anti-HER2 antibody-drug conjugate (XDCExplorer),Clinical candidate,,Undisclosed,Undisclosed,Undisclosed,,,
DRG0WCXOF,WO2015189791A1 ADC-54,Investigative,,Undisclosed,Undisclosed,Undisclosed,,,
DRG0WCYBW,WO2015189791A1 ADC-51,Investigative,,Undisclosed,Undisclosed,Undisclosed,,,
DRG0WFWTC,WO2015095301A2 ADC-9,Investigative,,Undisclosed,Undisclosed,Undisclosed,,,
DRG0WKCBG,CN105828840B ADC-105,Investigative,,Undisclosed,Undisclosed,Undisclosed,,,
DRG0WKXNG,WO2015095301A2 ADC-15,Investigative,,Undisclosed,Undisclosed,Undisclosed,,,
DRG0WMJGE,WO2015189791A1 ADC-14,Investigative,,Undisclosed,Undisclosed,Undisclosed,,,
DRG0WOOOT,WO2015189791A1 ADC-19,Investigative,,Undisclosed,Undisclosed,Undisclosed,,,
DRG0WSAVF,Chloromethylbenz-Indoline Dimer Antibody Drug conjugate,Clinical candidate,,Undisclosed,Undisclosed,Undisclosed,,,
DRG0WWHRS,WO2015189791A1 ADC-44,Investigative,,Undisclosed,Undisclosed,Undisclosed,,,
DRG0XBFNT,WO2015095301A2 ADC-6,Investigative,,Undisclosed,Undisclosed,Undisclosed,,,
DRG0XKVYV,Antibody drug conjugate targeting HER2 (IntoCell),Investigative,,Undisclosed,Undisclosed,Undisclosed,,,
DRG0XKXGA,Anti-HER2-4AP ADC,Clinical candidate,,Undisclosed,Undisclosed,Undisclosed,,,
DRG0XLUQX,WO2015095301A2 ADC-19,Investigative,,Undisclosed,Undisclosed,Undisclosed,,,
DRG0XOZZH,Anti-HER2 antibody-drug conjugate (Mersana Therapeutics/Genentech),Clinical candidate,,Undisclosed,Undisclosed,Undisclosed,,,
DRG0YAUUF,WO2015095301A2 ADC-17,Investigative,,Undisclosed,Undisclosed,Undisclosed,,,
DRG0YKCQL,WO2015189791A1 ADC-56,Investigative,,Undisclosed,Undisclosed,Undisclosed,,,
DRG0YNPZE,WO2015189791A1 ADC-23,Investigative,,Undisclosed,Undisclosed,Undisclosed,,,
DRG0YSIDA,Xl-250,Clinical candidate,,Undisclosed,Undisclosed,Undisclosed,,,
DRG0YVSCH,Mabion-HER2 ADC,Investigative,,Undisclosed,Undisclosed,Undisclosed,,,
DRG0YZTPT,WO2015189791A1 ADC-17,Investigative,,Undisclosed,Undisclosed,Undisclosed,,,
DRG0ZDYMJ,WO2015189791A1 ADC-2,Investigative,,Undisclosed,Undisclosed,Undisclosed,,,
DRG0ZGWBV,JY201,Clinical candidate,,Undisclosed,Undisclosed,Undisclosed,,,
DRG0ZHKFP,WO2015095301A2 ADC-4,Investigative,,Undisclosed,Undisclosed,Undisclosed,,,
DRG0ZNCIU,WO2015189791A1 ADC-10,Investigative,,Undisclosed,Undisclosed,Undisclosed,,,
DRG0ZQZFH,WO2015095301A2 ADC-27,Investigative,,Undisclosed,Undisclosed,Undisclosed,,,
DRG0ZUONR,TE-1218,Investigative,,Undisclosed,Undisclosed,Undisclosed,,,
DRG0CUBBS,Antibody-drug conjugate (Scripps),Investigative(Terminated),,Undisclosed,Undisclosed,Undisclosed,,,
DRG0TWRCD,BL-M17D1,Phase 1,Oesophageal cancer,Anti-HER2 antibody,WA-00,Undisclosed,ANTI0SFUKH,PAY0BMKRM,
DRG0HVXED,ORM-5029,Phase 1 (discontinued),Breast cancer,Pertuzumab,SMol006,Mc-Val-Cit-PABC,ANI0XJJLY,PAY0ERORN,LIN0SQEDQ
DRG0ADQVC,CN106714844B ADC-103,Investigative,,4D5 HC A118C,PNU-159682,CN106714844B-ADC-103-linker,ANTI0BSGIY,PAY0WKBCR,LIN0ZZAHM
DRG0APQZA,WO2024105206A1 30e-1015 1,Investigative,,TPP-1015,Undisclosed,Undisclosed,ANTI0YNNGT,,
DRG0AUYJN,mAb1-STB-MMAE,Investigative,,mAb1,Undisclosed,Undisclosed,ANTI0ACOIW,,
DRG0AVEDM,Trastuzumab-Qtag2-MMAE,Investigative,,Trastuzumab-Qtag2,Monomethyl auristatin E,PEG4-VC-PAB,ANTI0EAINX,PAY0FSXOW,LIN0HIRLL
DRG0AXQEA,WO2024140447A1 ADC 26,Investigative,,IP140B,WO2024140447A1 ADC 1 Payload,WO2024140447A1 ADC 25 Linker,ANTI0RYOCW,PAY0WXLZN,LIN0JQDIV
DRG0AXRJZ,AU2022395626A1 ADC-H1H4-P2,Investigative,,Trastuzumab-K249&K320,Monomethyl auristatin E,H-Tet-Glucuronide,ANTI0HHWBI,PAY0FSXOW,LIN0QBBON
DRG0BBJIS,CN106714844B ADC-107,Investigative,,7C2 HC A118C,PNU-159682,Undisclosed,ANTI0WFHVJ,PAY0WKBCR,
DRG0BCMBJ,CN114605367B A-III-21,Investigative,,Mi140,Undisclosed,Undisclosed,ANTI0WBNAJ,,
DRG0BDPHR,CN114605367B A-II-13C,Investigative,,Mi140,A-II-13C Payload,6-Maleimidocaproic acid,ANTI0WBNAJ,PAY0UNJBQ,LIN0DSBFC
DRG0BFIZT,MAb1-DAR6-HEPES-40mM,Investigative,,mAb1,Undisclosed,Undisclosed,ANTI0ACOIW,,
DRG0BHGJO,Rit-v1a-145-PF22,Investigative,,bis-azido-trastuzumab trast-v1a,Undisclosed,Undisclosed,ANTI0OAKMH,,
DRG0BIJNJ,CN106714844B ADC-101,Investigative,,4D5 HC A118C,PNU-159682,CN106714844B-ADC-101-linker,ANTI0BSGIY,PAY0WKBCR,LIN0NUDAA
DRG0BJETC,LC301-4-1 (6),Investigative,,Ab0001-LCCTL-HC,Dxd-1,LA301-4-1 linker,ANTI0RTXHT,PAY0FDNPA,LIN0IQKNH
DRG0BLUGO,SYS6045,Phase 1/2,Colorectal cancer,Anti-HER2 antibody,TOP1 inhibitor,Undisclosed,ANTI0SFUKH,PAY0TNTMU,
DRG0BMTKO,Trast-v1a-145-PF03,Investigative,,BCN-trastuzumab tras-v1a-145,Undisclosed,Undisclosed,ANTI0LEGRZ,,
DRG0BNWWV,MAb1-DAR6-HEPES-80mM,Investigative,,mAb1,Undisclosed,Undisclosed,ANTI0ACOIW,,
DRG0BOGAY,CN106714844B ADC-132,Investigative,,4D5 LC S121C,PNU-159682,Undisclosed,ANTI0CCTVB,PAY0WKBCR,
DRG0BPONN,CN114605367B IV-12,Investigative,,Mi140,A-III-12 Payload,6-Maleimidocaproic acid,ANTI0WBNAJ,PAY0ZPAHH,LIN0DSBFC
DRG0BQUXZ,CN106714844B ADC-128,Investigative,,4D5 HC A140C,PNU-159682,Undisclosed,ANTI0OUVHZ,PAY0WKBCR,
DRG0BTFLZ,AU2022395626A1 ADC-H4-P1,Investigative,,Trastuzumab-K320,Monomethyl auristatin E,H-Tet-PEG9-Val-Ala-PAB,ANTI0EOLWW,PAY0FSXOW,LIN0NOOEE
DRG0BWQTN,mAb1-DXd+MMAE,Investigative,,mAb1,Undisclosed,Undisclosed,ANTI0ACOIW,,
DRG0BYDLR,mAb1-Extecan,Investigative,,mAb1,Exatecan,Mc-Gly-Gly-Phe-Gly,ANTI0ACOIW,PAY0LEIGJ,LIN0ECMCR
DRG0BZGET,mAb1-Bimaleimide-MMAE,Investigative,,mAb1,Undisclosed,Undisclosed,ANTI0ACOIW,,
DRG0CANOW,US11365263B2 ADC#2,Investigative,,Trastuzumab-H16-K222R-Hg1,US11365263B2 ADC#2 payload,US11365263B2 ADC#3 linker,ANTI0WYYKR,PAY0LYPRX,LIN0UYMFV
DRG0CCIVG,CN114605367B IV-21,Investigative,,Mi140,Undisclosed,Undisclosed,ANTI0WBNAJ,,
DRG0CDBUM,KR1020250011922A ADC-S424 masked,Investigative,,Tratuzumab (P41C),Undisclosed,Undisclosed,ANTI0YJCXM,,
DRG0CEYRK,KR1020250011922A ADC-S425 demasked,Investigative,,Tratuzumab (P41C),Undisclosed,Undisclosed,ANTI0YJCXM,,
DRG0CHBMK,WO2024140449A1 ADC2,Investigative,,IP140B,WO2024140449A1+ADC1+payload,Mc-Val-Cit,ANTI0RYOCW,PAY0GBCSS,LIN0UVPJN
DRG0CISHR,Trast-v1b- (PF07)2,Investigative,,Trast-v1b,Undisclosed,Undisclosed,ANTI0PLQOO,,
DRG0CKKTK,Ab-AL-LP7,Investigative,,mAb1,Pro-DHT,COT-PEG4-branch-PEG2-EvcPAB,ANTI0ACOIW,PAY0DKPFR,LIN0KYFFH
DRG0CLKNR,mAb1-DBM-MMAF,Investigative,,mAb1,Undisclosed,Undisclosed,ANTI0ACOIW,,
DRG0CMYRC,CN118436801A PAC 3,Investigative,,Thio Hu anti-Her2 7C2 LC:K149C,Undisclosed,Mc-Val-Cit-PABC,ANTI0ECNVK,,LIN0SQEDQ
DRG0CNDOP,Trast-v1a-PF23,Investigative,,bis-azido-trastuzumab trast-v1a,Undisclosed,Undisclosed,ANTI0OAKMH,,
DRG0CPPAB,"WO2024140450A1 7-[N- (IP140B-mc-Gly-Gly-Phe-Gly-ha-Ac), N- (S)-methoxyisopropyl]aminomethyl-10,11-methylenedioxycamptothecin",Investigative,,IP140B,Undisclosed,Undisclosed,ANTI0RYOCW,,
DRG0CRRUL,Trast-v8-XL06-PF09,Investigative,,Trast-v8-XL06,Undisclosed,Undisclosed,ANTI0MLFBV,,
DRG0CSNJO,WO2024140447A1 ADC 16,Investigative,,IP140B,WO2024140447A1 ADC 13 Payload,WO2024140447A1 ADC 15 Linker,ANTI0RYOCW,PAY0WNUJC,LIN0GAPFO
DRG0CUCTN,mAb1-DAR6-10mg·mI-1,Investigative,,mAb1,Undisclosed,Undisclosed,ANTI0ACOIW,,
DRG0CUFBM,EP4090377A1 EP4090377A1 213,Investigative,,Trastuzumab- (azide)2,Undisclosed,Undisclosed,ANTI0CZGRZ,,
DRG0CWLXM,IN202417103839A ADC-1,Investigative,,mAb-1,Undisclosed,Undisclosed,ANTI0VJLBB,,
DRG0CXIBX,Her2-PT-H7C-K222R- hGl-LP19,Investigative,,Her2-PT-H7C-K222R-hGl,Undisclosed,Undisclosed,ANTI0EELPA,,
DRG0CYXIH,BB02E-MMAE,Investigative,,BB02E,Monomethyl auristatin E,Mc-Val-Cit-PABC,ANTI0EWLGR,PAY0FSXOW,LIN0SQEDQ
DRG0CZOHV,CN114569739A ADC-8 (23C2 Her2-2),Investigative,,23C2 Her2-2,Undisclosed,Undisclosed,ANTI0DYMYS,,
DRG0DAVXW,mAb1-MMAE+GGFG-DXd,Investigative,,mAb1,Undisclosed,Undisclosed,ANTI0ACOIW,,
DRG0DBBQW,WO2024140449A1 ADC8,Investigative,,IP140B,WO2024140449A1+ADC5+payload,WO2024140449A1+ADC7+Linker,ANTI0RYOCW,PAY0TJLOZ,LIN0GAPRB
DRG0DDMHO,CN114605367B A-II-24-C,Investigative,,Mi140,A-II-24-C Payload,6-Maleimidocaproic acid,ANTI0WBNAJ,PAY0FQGDT,LIN0DSBFC
DRG0DDUMC,Tras (C2)-Cp,Investigative,,Trastuzumab (C2),Cryptophycin-uD[Dap (Me)],Mc-Val-Cit-PABC,ANTI0KJKBV,PAY0QYSVZ,LIN0SQEDQ
DRG0DEFXY,Trast-v6-XL03-PF15,Investigative,,Trast-v6-XL03,Undisclosed,Undisclosed,ANTI0ZLGPY,,
DRG0DFDDS,Trast-v5b-XL01-PF02,Investigative,,Trast-v5b-XL01,Undisclosed,Undisclosed,ANTI0NRYFW,,
DRG0DGJDN,Trast-v6- (XL05)2,Investigative,,Trastuzumab S239C mutant Trast-v6,Undisclosed,Maleimide linker,ANTI0HIQKO,,LIN0ZFZAH
DRG0DGVGY,CN118436801A PAC 5,Investigative,,Thio Her2 7C2 HC:A140C,Undisclosed,Mc-Val-Cit-PABC,ANTI0YJSKK,,LIN0SQEDQ
DRG0DHAEB,Her2-PT-A114C-hGl- LP2,Investigative,,Her2-PT-A114C-hGl,Undisclosed,Undisclosed,ANTI0YZYDS,,
DRG0DHFMQ,mAb1-DXd+MMAE+MMAF,Investigative,,mAb1,Undisclosed,Undisclosed,ANTI0ACOIW,,
DRG0DJYMH,B2-MMAE,Investigative,,B2,Monomethyl auristatin E,Mc-Val-Cit-PABC,ANTI0UOHYU,PAY0FSXOW,LIN0SQEDQ
DRG0DLHGY,38501590 Anti-HER2 ARC-FDC (1),Investigative,,Trastuzumab-Fab-cd38,Monomethyl auristatin F,2'-Cl-araNAD linker,ANTI0IUIWR,PAY0QLDVX,LIN0EPUJJ
DRG0DMESA,KR1020250011922A ADC-S426 masked,Investigative,,Tratuzumab (P41C),Undisclosed,Undisclosed,ANTI0YJCXM,,
DRG0DMHOK,mAb1-MMAF,Investigative,,mAb1,Monomethyl auristatin F,Mc-Val-Cit-PABC,ANTI0ACOIW,PAY0QLDVX,LIN0SQEDQ
DRG0DPGTA,Trast-v7-XL01-PF02,Investigative,,Trast-v7-XL01,Undisclosed,Undisclosed,ANTI0CHVRS,,
DRG0DYUJJ,CN114605367B A-III-14,Investigative,,Mi140,A-III-14 Payload,6-Maleimidocaproic acid,ANTI0WBNAJ,PAY0AMBTR,LIN0DSBFC
DRG0EBLME,TCO-trastuzumab trast-v1a-XL11,Investigative,,Trastuzumab Trast-v1a,Undisclosed,Undisclosed,ANTI0MHHNM,,
DRG0EFTMY,WO2024140447A1 ADC 14,Investigative,,IP140B,WO2024140447A1 ADC 13 Payload,WO2024140447A1 ADC 13 Linker,ANTI0RYOCW,PAY0WNUJC,LIN0EJQJD
DRG0EKSFQ,AU2022395626A1 ADC-H1L3-P2,Investigative,,Trastuzumab-K249&K169,Monomethyl auristatin E,H-Tet-Glucuronide,ANTI0ODBCU,PAY0FSXOW,LIN0QBBON
DRG0ENDAS,Trast-v8-XL06-PF02,Investigative,,Trast-v8-XL06,Undisclosed,Undisclosed,ANTI0MLFBV,,
DRG0ENKVY,CN114605367B A-II-12C,Investigative,,Mi140,A-II-12C Payload,6-Maleimidocaproic acid,ANTI0WBNAJ,PAY0GJHHM,LIN0DSBFC
DRG0ENXOU,AU2022395626A1 ADC-L2-P2,Investigative,,Trastuzumab-A111,Monomethyl auristatin E,H-Tet-Glucuronide,ANTI0PJJLS,PAY0FSXOW,LIN0QBBON
DRG0ENXUE,AU2022395626A1 ADC-H3-P1,Investigative,,Trastuzumab-K291,Monomethyl auristatin E,H-Tet-PEG9-Val-Ala-PAB,ANTI0ZUTBT,PAY0FSXOW,LIN0NOOEE
DRG0EOCAN,Ab-AL-LP41,Investigative,,mAb1,DHT,COT-PEG4-VK-PABC,ANTI0ACOIW,PAY0POFAD,LIN0JZFVN
DRG0EOEMS,WO2024105206A1 30e-1015 2,Investigative,,TPP-1015,22i-5657 Payload,22i-5657 Linker,ANTI0YNNGT,PAY0DLZMZ,LIN0EYRRS
DRG0EQFZT,mAb1-DAR6-pH 6.8,Investigative,,mAb1,Undisclosed,Undisclosed,ANTI0ACOIW,,
DRG0ESVKN,EP4090377A1 EP4090377A1 217,Investigative,,Trastuzumab- (azide)2,Undisclosed,Linker145,ANTI0CZGRZ,,LIN0QEHZQ
DRG0EXANR,WO2024140447A1 ADC 2,Investigative,,IP140B,WO2024140447A1 ADC 1 Payload,WO2024140447A1 ADC 1 Linker,ANTI0RYOCW,PAY0WXLZN,LIN0UFBFB
DRG0FAGQU,AU2022395626A1 ADC-L3-P2,Investigative,,Trastuzumab-K169,Monomethyl auristatin E,H-Tet-Glucuronide,ANTI0VRKRC,PAY0FSXOW,LIN0QBBON
DRG0FAWWE,AU2022395626A1 ADC-H7-P2,Investigative,,Trastuzumab-G42,Monomethyl auristatin E,H-Tet-Glucuronide,ANTI0WZSAK,PAY0FSXOW,LIN0QBBON
DRG0FBSKN,mAb1-DAR6-MES,Investigative,,mAb1,Undisclosed,Undisclosed,ANTI0ACOIW,,
DRG0FCGZW,CN114605367B A-II-14C,Investigative,,Mi140,A-II-14C Payload,6-Maleimidocaproic acid,ANTI0WBNAJ,PAY0AVDLH,LIN0DSBFC
DRG0FERCO,CN114605367B IV-14,Investigative,,Mi140,A-III-14 Payload,6-Maleimidocaproic acid,ANTI0WBNAJ,PAY0AMBTR,LIN0DSBFC
DRG0FEXWB,CN114605367B A-II-22-C,Investigative,,Mi140,A-II-22-C Payload,6-Maleimidocaproic acid,ANTI0WBNAJ,PAY0FBCOQ,LIN0DSBFC
DRG0FIZPP,CN114569739A ADC-3 (23C2 Her2-2),Investigative,,23C2 Her2-2,Undisclosed,Undisclosed,ANTI0DYMYS,,
DRG0FKQLO,AU2022395626A1 ADC-H8-P3,Investigative,,Trastuzumab-A121,Undisclosed,Undisclosed,ANTI0TEZCY,,
DRG0FOPBU,mAb1-mc-vc-PAB-MMAE,Investigative,,mAb1,Monomethyl auristatin E,Mc-Val-Cit-PABC,ANTI0ACOIW,PAY0FSXOW,LIN0SQEDQ
DRG0FPVYA,FM2b-K-D2,Investigative,,FM2b-K,Monomethyl auristatin E,Mc-Val-Cit-PABC,ANTI0NTCWL,PAY0FSXOW,LIN0SQEDQ
DRG0FSEGW,CN114605367B A-II-23-C,Investigative,,Mi140,A-II-23-C Payload,6-Maleimidocaproic acid,ANTI0WBNAJ,PAY0FNUUP,LIN0DSBFC
DRG0FUOEY,Trast-v6- (PF16)2,Investigative,,Trast-v6,Undisclosed,Undisclosed,ANTI0PREFP,,
DRG0FUUZG,mAb1-Extecan+MMAE,Investigative,,mAb1,Undisclosed,Undisclosed,ANTI0ACOIW,,
DRG0FVDCI,Her2-PT-LCQ05- K222R-hGl-LP19,Investigative,,Her2-PT-LCQ05- K222R-hGl,Undisclosed,Undisclosed,ANTI0PZLYL,,
DRG0FYIRM,38501590 Anti-HER2 ARC-FDC (2),Investigative,,Trastuzumab-Fab-cd38,Monomethyl auristatin F,2'-Cl-araNAD linker,ANTI0IUIWR,PAY0QLDVX,LIN0EPUJJ
DRG0FZAAP,KR1020250011922A ADC-S105 masked,Investigative,,Tratuzumab (P41C),Undisclosed,Undisclosed,ANTI0YJCXM,,
DRG0FZUUN,BB04E-MMAE,Investigative,,BB04E,Monomethyl auristatin E,Mc-Val-Cit-PABC,ANTI0VDLQZ,PAY0FSXOW,LIN0SQEDQ
DRG0GAHKU,Trast-v1a-145-PF27,Investigative,,bis-azido-trastuzumab trast-v1a,Undisclosed,Undisclosed,ANTI0OAKMH,,
DRG0GAYXR,mAb1-MMAE+DXd,Investigative,,mAb1,Undisclosed,Undisclosed,ANTI0ACOIW,,
DRG0GBRNU,WO2024118785A3 Lot2,Investigative,,mAb1,Undisclosed,Undisclosed,ANTI0ACOIW,,
DRG0GCXCV,"WO2024140450A1 7-[N- (IP140B-Ac-PEG2-Gly-Gly-Leu-Gly-ha-Ac), N- (S)-methylisopropyl]aminoethyl-10,11-methylenedi-10,11-ethenyl-10,11-dihydroxycamptothecin",Investigative,,IP140B,Undisclosed,Undisclosed,ANTI0RYOCW,,
DRG0GFTHX,LC302-1-1 (4),Investigative,,Ab0001-LCCTL-HC,Dxd-1,LA302-1-1 linker,ANTI0RTXHT,PAY0FDNPA,LIN0BRGHF
DRG0GNWVI,Trast-v5b-XL01-PF09,Investigative,,Trast-v5b-XL01,Undisclosed,Undisclosed,ANTI0NRYFW,,
DRG0GPCLC,(RC48-vc-MMAE),Investigative,,RC48,Monomethyl auristatin E,Mc-Val-Ala-PABC,ANTI0ISXSF,PAY0FSXOW,LIN0OXUQL
DRG0GQHCR,CN114569739A 23C2 Her2-2-DXD,Investigative,,23C2 Her2-2,Undisclosed,Undisclosed,ANTI0DYMYS,,
DRG0GRBEV,US11365263B2 ADC#3,Investigative,,Trastuzumab-H16-K222R-Hg1,US11365263B2 ADC#3 payload,US11365263B2 ADC#3 linker,ANTI0WYYKR,PAY0IFSNJ,LIN0UYMFV
DRG0GTJUW,mAb1-DAR6-PB,Investigative,,mAb1,Undisclosed,Undisclosed,ANTI0ACOIW,,
DRG0GTYLW,Enfertuzumab-compound 1105,Investigative,,Enfertuzumab,Undisclosed,Undisclosed,ANTI0ICZKC,,
DRG0GVVSG,"WO2024140450A1 7-[N- (HS627-Ac-PEG2-Gly-Lys-PABC), N- (S)-methylisopropyl]aminoethyl-10,11-methylenedi-10,11-ethenylhydragranin 4.6",Investigative,,IP140B,Undisclosed,Undisclosed,ANTI0RYOCW,,
DRG0GVVUH,LC302-4-4 (8),Investigative,,Ab0001-LCCTL-HC,Dxd-1,LA302-3-4 linker,ANTI0RTXHT,PAY0FDNPA,LIN0XQBIR
DRG0GWKQT,MAb1-DAR6-HEPES-20mM,Investigative,,mAb1,Undisclosed,Undisclosed,ANTI0ACOIW,,
DRG0GXGXB,GenSci139,Phase 1,Unspecific solid tumor,Anti-EGFR/HER2 bsAb,GSC5181,A cleavable linker,ANTI0JMKNZ,PAY0PFRFC,LIN0JKBHU
DRG0GZIJH,WO2024140447A1 ADC 10,Investigative,,IP140B,WO2024140447A1 ADC 1 Payload,WO2024140447A1 ADC 9 Linker,ANTI0RYOCW,PAY0WXLZN,LIN0FKVQC
DRG0HEIIP,TWI852077B-J13,Investigative,,Anti-Her2Fab,Undisclosed,Undisclosed,ANTI0BPYLO,,
DRG0HEJRJ,LC302-4-1 (8),Investigative,,Ab0001-LCCTL-HC,Dxd-1,LA302-3-1 linker,ANTI0RTXHT,PAY0FDNPA,LIN0DVZJP
DRG0HEKIL,Ab-LP44,Investigative,,mAb1,DHT,NH2-PEG4-vcPABC,ANTI0ACOIW,PAY0POFAD,LIN0QWMLF
DRG0HEMJD,WO2024118785A3 Lot20,Investigative,,mAb1,Undisclosed,Undisclosed,ANTI0ACOIW,,
DRG0HGDMD,EP4489789A1 7.16.4_msIgG2a Conjugate 4,Investigative,,7.16.4_msIgG2a,Undisclosed,Undisclosed,ANTI0QFTPN,,
DRG0HHYRH,mAb1-MMAF+MMAE,Investigative,,mAb1,Undisclosed,Undisclosed,ANTI0ACOIW,,
DRG0HIVBD,mAb1-DAR6-pH 8.0,Investigative,,mAb1,Undisclosed,Undisclosed,ANTI0ACOIW,,
DRG0HKAZU,LC302-1-1 (2),Investigative,,Ab0001-LCCTL-HC,Dxd-1,LA302-1-1 linker,ANTI0RTXHT,PAY0FDNPA,LIN0BRGHF
DRG0HLHSB,EP4183421A1 23C2 Her2-2-DDDXD,Investigative,,23C2 Her2-2,Exatecan,EP4183421A1+Trastuzumab-DDDXD+Linker,ANTI0DYMYS,PAY0LEIGJ,LIN0YRXGL
DRG0HMUDV,Her2-PT-H16-K222R- hGl-LP19,Investigative,,Her2-PT-H16-K222R-hG1,Undisclosed,Undisclosed,ANTI0TBJIE,,
DRG0HNCLN,B2C4-MMAE,Investigative,,B2C4,Monomethyl auristatin E,Mc-Val-Cit-PABC,ANTI0FWHIW,PAY0FSXOW,LIN0SQEDQ
DRG0HNLNM,WO2024140927A1-ADC-A (DAR4),Investigative,,mAb-A,Monomethyl auristatin E,Mc-Val-Cit-PABC,ANTI0KTZJJ,PAY0FSXOW,LIN0SQEDQ
DRG0HNTSW,Her2-PT-H16-K222R- hG1-LP6,Investigative,,Her2-PT-H16-K222R-hG1,Undisclosed,Undisclosed,ANTI0TBJIE,,
DRG0HOUOQ,HER2 × HER3 BsADC,Investigative,,23V,Monomethyl auristatin E,Mc-Val-Cit-PABC,ANTI0LXTIB,PAY0FSXOW,LIN0SQEDQ
DRG0HTBTE,Trastuzumab-BUPY-TAMRA,Investigative,,Trastuzumab-BUPY,TAMRA,N3-PEG3,ANTI0HPHUK,PAY0LPXSU,LIN0KTFCR
DRG0HUFME,mAb1-DAR6-HEPES,Investigative,,mAb1,Undisclosed,Undisclosed,ANTI0ACOIW,,
DRG0HWCSR,WO2024140447A1 ADC 6,Investigative,,IP140B,WO2024140447A1 ADC 1 Payload,WO2024140447A1 ADC 4 Linker,ANTI0RYOCW,PAY0WXLZN,LIN0OTZJB
DRG0HXWZV,Trast-v6-XL12,Investigative,,Trastuzumab-S239C mutant Trast-v6,Undisclosed,Undisclosed,ANTI0SOSDK,,
DRG0HZHPZ,Trast-v1a-145-PF13,Investigative,,BCN-trastuzumab tras-v1a-145,Undisclosed,Undisclosed,ANTI0LEGRZ,,
DRG0IBGGD,AU2022395626A1 ADC-L4-P2,Investigative,,Trastuzumab-G41,Monomethyl auristatin E,H-Tet-Glucuronide,ANTI0OSEGS,PAY0FSXOW,LIN0QBBON
DRG0ICXRP,CN106714844B ADC-138,Investigative,,7C2 LC K149C,PNU-159682,Ethylmaleimide linker,ANTI0HSILQ,PAY0WKBCR,LIN0BKHYU
DRG0IDXMX,LC301-3-1 (4),Investigative,,Ab0001-LCCTL-HC,Dxd-1,LA301-3-1 linker,ANTI0RTXHT,PAY0FDNPA,LIN0OCGZW
DRG0IGQUR,"Anti-HER-AO-Cys-MC-VC-FABC-FEG8- 
DollO",Investigative,,Anti-Her2 WT,DollO,Aminooxy-Cys linker,ANTI0HCWKB,PAY0TUKBS,LIN0KJVEI
DRG0IIZZN,H04L02-Dxd,Investigative,,H04L02,DX-8951 derivative (DXd),Mc-Gly-Gly-Phe-Gly,ANTI0UDVQL,PAY0UXDSB,LIN0ECMCR
DRG0IKPGN,Trast-v1a- (PF14)2,Investigative,,bis-azido-trastuzumab trast-v1a,Undisclosed,Undisclosed,ANTI0OAKMH,,
DRG0IKXKL,Trast-v7-XL01-PF09,Investigative,,Trast-v7-XL01,Undisclosed,Undisclosed,ANTI0CHVRS,,
DRG0IOHEN,Trast-v5b- (XL05)2 2,Investigative,,Trastuzumab-GalNProSSMe Trast-v5a,Undisclosed,Undisclosed,ANTI0VUAZP,,
DRG0IQDQU,CN114605367B A-III-11,Investigative,,Mi140,Undisclosed,Undisclosed,ANTI0WBNAJ,,
DRG0IXPVY,Trast-v2- (PF15)2,Investigative,,Trast-v2,Undisclosed,Undisclosed,ANTI0KWTER,,
DRG0IYQUK,KR1020250011922A ADC-S425 masked,Investigative,,Tratuzumab (P41C),Undisclosed,Undisclosed,ANTI0YJCXM,,
DRG0IZTIF,Trast-v7-XL01,Investigative,,Trastuzumab Trast-v7,Undisclosed,Undisclosed,ANTI0THCTN,,
DRG0IZXUA,Trastuzumab-Qtag2-Alexa 488-cadaverine,Investigative,,Trastuzumab-Qtag2,Alexa 488-cadaverine,Undisclosed,ANTI0EAINX,PAY0BZSHE,
DRG0JBWRH,CN114605367B IV-22,Investigative,,Mi140,A-III-22 Payload,6-Maleimidocaproic acid,ANTI0WBNAJ,PAY0NDVCD,LIN0DSBFC
DRG0JCREP,AU2022395626A1 ADC-H5-P1,Investigative,,Trastuzumab-K343,Monomethyl auristatin E,H-Tet-PEG9-Val-Ala-PAB,ANTI0CZYZR,PAY0FSXOW,LIN0NOOEE
DRG0JDDUX,CN117337196A Compound86,Investigative,,SCAHer2 (1)xSCAHer2,Active metabolite of irinotecan SN38,30kmPEG-Lys (PEG2 - Mal)-2 (Val-Cit-PAB-DEA),ANTI0BNYKE,PAY0ZVBAI,LIN0BPKMV
DRG0JDPTW,Positively Charged ADC,Investigative,,Trastuzumab (Positively Charged),Monomethyl auristatin E,Mc-Val-Cit-PABC,ANTI0WMLQJ,PAY0FSXOW,LIN0SQEDQ
DRG0JGLEH,CN106714844B ADC-136,Investigative,,7C2 LC K149C,PNU-159682,Undisclosed,ANTI0HSILQ,PAY0WKBCR,
DRG0JKEBI,WO2023232144A1ADC37,Investigative,,mouse anti-human HER2 Ab,"WO2025015586A1, ADC35, Payload",Succinimidyl-4-(N-maleimidomethyl)cyclohexane-1-carboxylate (SMCC),ANTI0ZCUPH,PAY0AIAVK,LIN0EBJON
DRG0JLNLV,WO2024140449A1 ADC20,Investigative,,IP140B,WO2024140449A1+ADC19+payload,WO2024140449A1+ADC19+Linker,ANTI0RYOCW,PAY0AGEOO,LIN0UJAOG
DRG0JMKGA,CN114569739A ADC-1 (23C2 Her2-2),Investigative,,23C2 Her2-2,Undisclosed,Undisclosed,ANTI0DYMYS,,
DRG0JNACJ,CN106714844B ADC-111,Investigative,,4D5 HC A118C,PNU-159682,Undisclosed,ANTI0BSGIY,PAY0WKBCR,
DRG0JNHLW,Ab-AL-LP2,Investigative,,mAb1,Pro-DHT,DIBAC-PEG4-vcPAB,ANTI0ACOIW,PAY0DKPFR,LIN0OKZMX
DRG0JNMAT,SIBP-A17,Phase 1,Gastroesophageal junction adenocarcinoma,Anti-HER2 antibody,DXd,Mc-VASGFG,ANTI0SFUKH,PAY0WSZPJ,LIN0WLSXB
DRG0JPJXG,Her2-PT-H16-K222R- hGl-LP13,Investigative,,Her2-PT-H16-K222R-hG1,Undisclosed,Undisclosed,ANTI0TBJIE,,
DRG0JPMHZ,Trast-v6-XL01-PF02,Investigative,,Trast-v6-XL01,Undisclosed,Undisclosed,ANTI0BDQST,,
DRG0JQMLE,WO2023232144A1ADC-2,Investigative,,Anti-HER2 antibody mAb-1,"WO2023232144A1, ADC-2, Payload","WO2023232144A1, ADC-2, linker",ANTI0TTPUM,PAY0FSRJA,LIN0KXYKG
DRG0JSMPJ,WO2024118785A3 Lot5,Investigative,,mAb1,Undisclosed,Undisclosed,ANTI0ACOIW,,
DRG0JUYMY,bsSORT1×HER2-DXd,Investigative,,bsSORT1×HER2,DX-8951 derivative (DXd),Undisclosed,ANTI0LJEZO,PAY0UXDSB,
DRG0JYJHI,LC302-1-4 (4),Investigative,,Ab0001-LCCTL-HC,Dxd-1,LA302-1-4 linker,ANTI0RTXHT,PAY0FDNPA,LIN0WBXGY
DRG0JZRKX,CN114605367B A-II-21-C,Investigative,,Mi140,Undisclosed,Undisclosed,ANTI0WBNAJ,,
DRG0KBRTY,WO2024140927A1-ADC-A (DAR6),Investigative,,mAb-A,Monomethyl auristatin E,Mc-Val-Cit-PABC,ANTI0KTZJJ,PAY0FSXOW,LIN0SQEDQ
DRG0KDJTX,Trast-v3-PF22,Investigative,,Trast-v3,Undisclosed,Undisclosed,ANTI0CZMUG,,
DRG0KHHGF,39860260 2Rs15d-H3KH6-MMAE,Investigative,,2Rs15d,Monomethyl auristatin E,DBCO-PEG4-Val-Cit-PABC,ANTI0COYLN,PAY0FSXOW,LIN0TDJYJ
DRG0KKDRZ,NOV0712-Dxd,Investigative,,NOV0712,DX-8951 derivative (DXd),Mc-Gly-Gly-Phe-Gly,ANTI0SJCID,PAY0UXDSB,LIN0ECMCR
DRG0KLHEM,Trastuzumabk453del-Qtag2-MMAE,Investigative,,Trastuzumabk453del-Qtag2,Monomethyl auristatin E,PEG4-VC-PAB,ANTI0LOCBN,PAY0FSXOW,LIN0HIRLL
DRG0KNLBT,KR1020250011922A ADC-TRA41C,Investigative,,Tratuzumab (P41C),Undisclosed,Undisclosed,ANTI0YJCXM,,
DRG0KPSGW,WO2023232144A1ADC34,Investigative,,mouse anti-human HER2 Ab,"WO2025015586A1, ADC34, Payload",Mc-Val-Cit-PABC,ANTI0ZCUPH,PAY0RXSLX,LIN0SQEDQ
DRG0KQROQ,CN114569739A ADC-4 (23C2 Her2-2),Investigative,,23C2 Her2-2,Undisclosed,Undisclosed,ANTI0DYMYS,,
DRG0KWPXB,Tras (C4)-Cp,Investigative,,Trastuzumab (C4),Cryptophycin-uD[Dap (Me)],Mc-Val-Cit-PABC,ANTI0TDHRR,PAY0QYSVZ,LIN0SQEDQ
DRG0KWZQL,Trast-v6-XL01-PF19 1,Investigative,,Trast-v6-XL01,Undisclosed,Undisclosed,ANTI0BDQST,,
DRG0KZBAU,LC302-2-4 (4) 4,Investigative,,Ab0001-LCCTL-HC,Dxd-1,LA302-2-4 linker,ANTI0RTXHT,PAY0FDNPA,LIN0PTQBN
DRG0KZHAW,CN114605367B A-III-13,Investigative,,Mi140,A-III-13 Payload,6-Maleimidocaproic acid,ANTI0WBNAJ,PAY0KOSFV,LIN0DSBFC
DRG0LARAQ,Trast-v6-XL03,Investigative,,Trastuzumab S239C mutant Trast-v6,Undisclosed,C-lock-azide linker,ANTI0HIQKO,,LIN0CESLA
DRG0LEVEK,mAb1-DAR6-12°C/3.25 TCEP,Investigative,,mAb1,Undisclosed,Undisclosed,ANTI0ACOIW,,
DRG0LHHBE,KR1020250011922A ADC-S425 MMP2 treated,Investigative,,Tratuzumab (P41C),Undisclosed,Undisclosed,ANTI0YJCXM,,
DRG0LHZPP,mAb1-DAR6-1mg·mL-1,Investigative,,mAb1,Undisclosed,Undisclosed,ANTI0ACOIW,,
DRG0LOICH,CN106714844B ADC-109,Investigative,,7C2 LC K149C,PNU-159682,CN106714844B-ADC-109-linker,ANTI0HSILQ,PAY0WKBCR,LIN0ODYSH
DRG0LOZFV,37341172 13f,Investigative,,Trastuzumab-Qtag2,NAMPT inhibitor 1b,Undisclosed,ANTI0EAINX,PAY0DELQT,
DRG0LPEFR,S4 Trastuzumab glycovariants ADC,Investigative,,S4 Trastuzumab glycovariants,Monomethyl auristatin E,DBCO-PEG4-Val-Cit,ANTI0DYEAN,PAY0FSXOW,LIN0LHYLQ
DRG0LPSXF,Trast-v6-PF28,Investigative,,Trast-v6,Undisclosed,Undisclosed,ANTI0PREFP,,
DRG0LQACF,37341172 13d,Investigative,,Trastuzumab-Qtag2,NAMPT inhibitor 1b,Undisclosed,ANTI0EAINX,PAY0DELQT,
DRG0LSBCE,Ptz-SA vedotin,Investigative,,Ptz-SA,Monomethyl auristatin E,Mc-Val-Cit-PABC,ANTI0PCOFL,PAY0FSXOW,LIN0SQEDQ
DRG0LSFEN,WO2024105206A1 32e-1015 2,Investigative,,TPP-1015,Mdo-cpt,32p-Avelu Linker,ANTI0YNNGT,PAY0DQMOU,LIN0CHJJP
DRG0LVDKM,CN106714844B ADC-140,Investigative,,7C2 HC K118C,PNU-159682,Ethylmaleimide linker,ANTI0YMVKE,PAY0WKBCR,LIN0BKHYU
DRG0LVJTM,H02L02-Dxd,Investigative,,H02L02,DX-8951 derivative (DXd),Mc-Gly-Gly-Phe-Gly,ANTI0OMJZP,PAY0UXDSB,LIN0ECMCR
DRG0LVMPA,Trast-v3- (PF07)2,Investigative,,Trast-v3,Undisclosed,Undisclosed,ANTI0CZMUG,,
DRG0LWQOS,mAb1-DAR6-pH 7.4,Investigative,,mAb1,Undisclosed,Undisclosed,ANTI0ACOIW,,
DRG0MARWM,KR1020250011922A ADC-TRA41C MMP2-treated,Investigative,,Tratuzumab (P41C),Undisclosed,Undisclosed,ANTI0YJCXM,,
DRG0MBAFU,Ab-LP3A,Investigative,,mAb1,Pro-DHT,NH2-PEG4-EvcPAB,ANTI0ACOIW,PAY0DKPFR,LIN0BYJTM
DRG0MBZFV,EP4090377A1 EP4090377A1 210,Investigative,,Trastuzumab (6-N3-GalNAc)2,Undisclosed,Undisclosed,ANTI0WGZPU,,
DRG0MFHNE,Trast-v1a- (PF20)2,Investigative,,bis-azido-trastuzumab trast-v1a,Undisclosed,Undisclosed,ANTI0OAKMH,,
DRG0MFJAE,WO2023232144A1ADC-1,Investigative,,Anti-HER2 antibody mAb-1,"WO2023232144A1, ADC-1, Payload","WO2023232144A1, ADC-1, linker",ANTI0TTPUM,PAY0AIIRC,LIN0UZNKK
DRG0MHFAP,mAb1-MMAE,Investigative,,mAb1,Monomethyl auristatin E,Mc-Val-Cit-PABC,ANTI0ACOIW,PAY0FSXOW,LIN0SQEDQ
DRG0MINAA,Her2-PT-H16-K222R- hGl-LP49,Investigative,,Her2-PT-H16-K222R-hG1,Undisclosed,Undisclosed,ANTI0TBJIE,,
DRG0MJJVW,WO2024140447A1 ADC 18,Investigative,,IP140B,WO2024140447A1 ADC 13 Payload,WO2024140447A1 ADC 17 Linker,ANTI0RYOCW,PAY0WNUJC,LIN0DGZCC
DRG0MKJHZ,LC302-1-4 (2),Investigative,,Ab0001-LCCTL-HC,Dxd-1,LA302-1-4 linker,ANTI0RTXHT,PAY0FDNPA,LIN0WBXGY
DRG0MNUOC,mAb1-DAR6-12°C/3.75 TCEP,Investigative,,mAb1,Undisclosed,Undisclosed,ANTI0ACOIW,,
DRG0MRAKC,mAb1-Tween 20,Investigative,,mAb1,Undisclosed,Undisclosed,ANTI0ACOIW,,
DRG0MSRZN,Trast-v1a-PF22,Investigative,,bis-azido-trastuzumab trast-v1a,Undisclosed,Undisclosed,ANTI0OAKMH,,
DRG0MTHYT,WO2024118785A3 Lot7,Investigative,,mAb1,Undisclosed,Undisclosed,ANTI0ACOIW,,
DRG0MUTID,CN106714844B ADC-116,Investigative,,7C2 LC K149C,PNU-159682,Undisclosed,ANTI0HSILQ,PAY0WKBCR,
DRG0MWCTI,Enfertuzumab-compound 1574,Investigative,,Enfertuzumab,Undisclosed,Undisclosed,ANTI0ICZKC,,
DRG0MZBUF,Her2-PT-H16-K222R- hG1-LP1,Investigative,,Her2-PT-H16-K222R-hG1,Undisclosed,Undisclosed,ANTI0TBJIE,,
DRG0NBXCA,Trast-v1a-XL11-204,Investigative,,TCO-trastuzumab trast-v1a-XL11,Undisclosed,Undisclosed,ANTI0RPDYR,,
DRG0NDOFW,CN117159739A ADC1,Investigative,,IP140B,Undisclosed,Undisclosed,ANTI0RYOCW,,
DRG0NDPIN,mAb1-Trehalose,Investigative,,mAb1,Undisclosed,Undisclosed,ANTI0ACOIW,,
DRG0NHCSZ,IN202417103839A ADC-2,Investigative,,mAb-2,Undisclosed,Undisclosed,ANTI0JZCWP,,
DRG0NHKAO,CN106714844B ADC-135,Investigative,,7C2 LC K149C,PNU-159682,CN106714844B-ADC-135-linker,ANTI0HSILQ,PAY0WKBCR,LIN0KPPZE
DRG0NKHMC,WO2024140449A1 ADC22,Investigative,,IP140B,WO2024140449A1+ADC5+payload,WO2024140449A1+ADC5+Linker,ANTI0RYOCW,PAY0TJLOZ,LIN0MWLNP
DRG0NKJZJ,CN114605367B IV-23,Investigative,,Mi140,A-III-23 Payload,6-Maleimidocaproic acid,ANTI0WBNAJ,PAY0DDKCY,LIN0DSBFC
DRG0NNHXB,Tras-VC-MMAE,Investigative,,Tras-N3,Monomethyl auristatin E,Mc-Val-Cit-PABC,ANTI0EDAKG,PAY0FSXOW,LIN0SQEDQ
DRG0NRUGI,Palivizumab_msIgG2a Conjugate 3,Investigative,,Palivizumab_msIgG2a,Undisclosed,Undisclosed,ANTI0GRBTY,,
DRG0NSQLO,AU2022395626A1 ADC-H1L4-P2,Investigative,,Trastuzumab-K249&G41,Monomethyl auristatin E,H-Tet-Glucuronide,ANTI0AYRYR,PAY0FSXOW,LIN0QBBON
DRG0NTERH,WO2023232144A1ADC35,Investigative,,mouse anti-human HER2 Ab,"WO2025015586A1, ADC35, Payload",Mc-Val-Cit-PABC,ANTI0ZCUPH,PAY0AIAVK,LIN0SQEDQ
DRG0NTWRT,Fab-SN38,Investigative,,Anti-HER2 Fab,Active metabolite of irinotecan SN38,LPETGGG-PEG3-Azide BCN-AVC,ANTI0SKRVW,PAY0ZVBAI,LIN0ZYTUY
DRG0NTYCW,CN114605367B A-III-22,Investigative,,Mi140,A-III-22 Payload,6-Maleimidocaproic acid,ANTI0WBNAJ,PAY0NDVCD,LIN0DSBFC
DRG0NUQWI,CN114605367B A-III-24,Investigative,,Mi140,A-III-24 Payload,6-Maleimidocaproic acid,ANTI0WBNAJ,PAY0GRBEA,LIN0DSBFC
DRG0NYXED,Trast-v6-XL01-PF19 2,Investigative,,Trast-v7-XL01,Undisclosed,Undisclosed,ANTI0CHVRS,,
DRG0NZIOH,AU2022395626A1 ADC-H1-P1,Investigative,,Trastuzumab-K249,Monomethyl auristatin E,H-Tet-PEG9-Val-Ala-PAB,ANTI0FQCVS,PAY0FSXOW,LIN0NOOEE
DRG0OBQDE,"WO2024140450A1 7-[N- (IP140B-Ac-PEGz-Gly-Gly-Lys-Gly-ha-Ac), N- (S)-methylisopropyl]aminoethyl-10,11-methylenedi-10,11-ethenylhyerocytosine",Investigative,,IP140B,Undisclosed,Undisclosed,ANTI0RYOCW,,
DRG0ODRLL,Trast-v6- (XL05-PF02)2,Investigative,,Trast-v6- (XL05)2,Undisclosed,Undisclosed,ANTI0HLELS,,
DRG0OEVEO,LC301-2-1 (4),Investigative,,Ab0001-LCCTL-HC,Dxd-1,LA301-1-1 linker,ANTI0RTXHT,PAY0FDNPA,LIN0IJDBU
DRG0OGVKB,AU2022395626A1 ADC-H6L4-P2,Investigative,,Trastuzumab-P41&G41,Monomethyl auristatin E,H-Tet-Glucuronide,ANTI0UANRS,PAY0FSXOW,LIN0QBBON
DRG0OHBIR,Enfertuzumab-compound 1103,Investigative,,Enfertuzumab,Undisclosed,Undisclosed,ANTI0ICZKC,,
DRG0OIHBR,ZHER2-Gly3-VC-PAB-MMAE,Investigative,,ZHER2,Monomethyl auristatin E,Gly3-VC-PAB,ANTI0TYSMR,PAY0FSXOW,LIN0GOLMA
DRG0OJIKS,WO2024140927A1-ADC-E (DAR2),Investigative,,mAb-A,Doxorubicin,Succinimidyl-4-(N-maleimidomethyl)cyclohexane-1-carboxylate (SMCC),ANTI0KTZJJ,PAY0DYTCC,LIN0EBJON
DRG0OKFUA,Trast-v6-XL01,Investigative,,Trastuzumab-S239C mutant Trast-v6,Undisclosed,Undisclosed,ANTI0SOSDK,,
DRG0ONMOI,Enfertuzumab-compound 1199,Investigative,,Enfertuzumab,Undisclosed,Undisclosed,ANTI0ICZKC,,
DRG0OPCZO,CN114569739A ADC-5 (23C2 Her2-2),Investigative,,23C2 Her2-2,Undisclosed,Undisclosed,ANTI0DYMYS,,
DRG0ORFIL,WO2024118785A3 Lot21,Investigative,,mAb1,Undisclosed,Undisclosed,ANTI0ACOIW,,
DRG0ORRHM,mAb1-DAR6-20mg·mL-1,Investigative,,mAb1,Undisclosed,Undisclosed,ANTI0ACOIW,,
DRG0OVOOR,Trast-v5b-XL02-PF15,Investigative,,Trast-v5b-XL02,Undisclosed,Undisclosed,ANTI0EJRXO,,
DRG0OXUTQ,WO2023232144A1ADC36,Investigative,,mouse anti-human HER2 Ab,"WO2025015586A1, ADC34, Payload",Succinimidyl-4-(N-maleimidomethyl)cyclohexane-1-carboxylate (SMCC),ANTI0ZCUPH,PAY0RXSLX,LIN0EBJON
DRG0PCDTC,H- (C)-#10,Investigative,,Anti-Her2 114 (H- (A114C)) and 183 (H- (kK183C)) mAb,Undisclosed,Undisclosed,ANTI0DZHCU,,
DRG0PGTSA,S6 Trastuzumab glycovariants ADC,Investigative,,S6 Trastuzumab glycovariants,Monomethyl auristatin E,DBCO-PEG4-Val-Cit,ANTI0XZXOI,PAY0FSXOW,LIN0LHYLQ
DRG0PGXXV,CN114569739A ADC-7 (23C2 Her2-2),Investigative,,23C2 Her2-2,Undisclosed,Undisclosed,ANTI0DYMYS,,
DRG0PHOEP,WO2024118785A3 Lot43,Investigative,,mAb1,Undisclosed,Undisclosed,ANTI0ACOIW,,
DRG0PHYRI,CD33-11A1-v1417 (C)-#39,Investigative,,Anti-Her2 114 (H- (A114C)) and 183 (H- (kK183C)) mAb,CD33-11A1-v1417 (C)-#39 Payload,CD33-11A1-v1417 (C)-#39 Linker,ANTI0DZHCU,PAY0CVJDO,LIN0GLEQA
DRG0PKUSI,IN202417103839A ADC-4,Investigative,,mAb-2,Undisclosed,Undisclosed,ANTI0JZCWP,,
DRG0PMGTT,WO2024118785A3 Lot48,Investigative,,mAb1,Undisclosed,Undisclosed,ANTI0ACOIW,,
DRG0POVSD,CN114605367B A-III-23,Investigative,,Mi140,A-III-23 Payload,6-Maleimidocaproic acid,ANTI0WBNAJ,PAY0DDKCY,LIN0DSBFC
DRG0PRAQK,mAb1-DAR6-5mg·mL-1,Investigative,,mAb1,Undisclosed,Undisclosed,ANTI0ACOIW,,
DRG0PRUXI,EP4090377A1 EP4090377A1 214,Investigative,,Trastuzumab- (azide)2,Undisclosed,Undisclosed,ANTI0CZGRZ,,
DRG0PSVJW,Trast-v3- (201)2,Investigative,,Trast-v3,Undisclosed,Undisclosed,ANTI0CZMUG,,
DRG0PTEQO,WO2024118785A3 Lot3,Investigative,,mAb1,Undisclosed,Undisclosed,ANTI0ACOIW,,
DRG0PVOMO,Enfertuzumab-compound 1100,Investigative,,Enfertuzumab,Undisclosed,Undisclosed,ANTI0ICZKC,,
DRG0PYDVX,CN106714844B ADC-134,Investigative,,7C2 LC K149C,PNU-159682,CN106714844B-ADC-134-linker,ANTI0HSILQ,PAY0WKBCR,LIN0IOCIO
DRG0PYIUR,Trast-v1b- (PF15)2,Investigative,,Trast-v1b,Undisclosed,Undisclosed,ANTI0PLQOO,,
DRG0QCBIX,KR1020250011922A ADC-S105 demasked,Investigative,,Tratuzumab (P41C),Undisclosed,Undisclosed,ANTI0YJCXM,,
DRG0QCNZH,EP4090377A1 EP4090377A1 215,Investigative,,Trastuzumab- (azide)2,Undisclosed,Undisclosed,ANTI0CZGRZ,,
DRG0QCTDD,Trast-v6-XL12-PF02,Investigative,,Trast-v6-XL12,Undisclosed,Undisclosed,ANTI0GSDKZ,,
DRG0QDYAO,Trast-v1a- (PF10)2,Investigative,,bis-azido-trastuzumab trast-v1a,Undisclosed,Undisclosed,ANTI0OAKMH,,
DRG0QENEI,Ab-LP5A,Investigative,,mAb1,DHT,NH2-PEG4-EvcPAB-NHCH2,ANTI0ACOIW,PAY0POFAD,LIN0DCONU
DRG0QFDEX,Tras-v1a-145-PF19,Investigative,,BCN-trastuzumab tras-v1a-145,Undisclosed,Undisclosed,ANTI0LEGRZ,,
DRG0QGIIC,KR1020250011922A ADC-S423 demasked,Investigative,,Tratuzumab (P41C),Undisclosed,Undisclosed,ANTI0YJCXM,,
DRG0QGQRS,WO2024140447A1 ADC 22,Investigative,,IP140B,WO2024140447A1 ADC 13 Payload,WO2024140447A1 ADC 21 Linker,ANTI0RYOCW,PAY0WNUJC,LIN0QVKCZ
DRG0QKRCR,"LOL1-anti-HER2 Ab (L234A, L235A, L328C)",Investigative,,"LOL1-HER2 (L234A, L235A, L328C)",Monomethyl auristatin E,Mc-Val-Cit-PABC,ANTI0DCCON,PAY0FSXOW,LIN0SQEDQ
DRG0QMABH,WO2024140927A1-ADC-E (DAR6),Investigative,,mAb-A,Doxorubicin,Succinimidyl-4-(N-maleimidomethyl)cyclohexane-1-carboxylate (SMCC),ANTI0KTZJJ,PAY0DYTCC,LIN0EBJON
DRG0QMFFB,CN106714844B ADC-130,Investigative,,4D5 LC V205C,PNU-159682,Undisclosed,ANTI0CMTIS,PAY0WKBCR,
DRG0QPUKY,mAb1-DAR6-2.5mg·mL-1,Investigative,,mAb1,Undisclosed,Undisclosed,ANTI0ACOIW,,
DRG0QRTRS,Trast-v6-XL02,Investigative,,Trastuzumab S239C mutant Trast-v6,Undisclosed,Undisclosed,ANTI0HIQKO,,
DRG0QSVFD,Trast-v1a- (PF15)2,Investigative,,bis-azido-trastuzumab trast-v1a,Undisclosed,Undisclosed,ANTI0OAKMH,,
DRG0QTNOR,Tras (C8)-MMAE,Investigative,,Trastuzumab (C8),Monomethyl auristatin E,Mc-Val-Cit-PABC,ANTI0MVFXX,PAY0FSXOW,LIN0SQEDQ
DRG0QUJBE,CN106714844B ADC-119,Investigative,,4D5 HC A118C,PNU-159682,CN106714844B-ADC-119-linker,ANTI0BSGIY,PAY0WKBCR,LIN0MPNQL
DRG0QUVYZ,TWI852077B-J6,Investigative,,Anti-Her2Fab',Monomethyl auristatin E,TWI852077B-C1-linker,ANTI0UQLXX,PAY0FSXOW,LIN0PEGJN
DRG0QWTZW,Trast-v1a-145-PF12,Investigative,,BCN-trastuzumab tras-v1a-145,Undisclosed,Undisclosed,ANTI0LEGRZ,,
DRG0QXWQT,KR1020250011922A ADC-S108,Investigative,,Tratuzumab (P41C),Undisclosed,Undisclosed,ANTI0YJCXM,,
DRG0QXZRQ,WO2024140447A1 ADC 12,Investigative,,IP140B,WO2024140447A1 ADC 1 Payload,WO2024140447A1 ADC 11 Linker,ANTI0RYOCW,PAY0WXLZN,LIN0ZWWZI
DRG0QZREA,WO2022099762A1 ADCa,Investigative,,M30-H1-L4P,Camptothecin,WO2022099762A1 10,ANTI0LNAUW,PAY0WUZLC,LIN0DPUYU
DRG0RBDEP,Trast-v6-XL01-PF09,Investigative,,Trast-v6-XL01,Undisclosed,Undisclosed,ANTI0BDQST,,
DRG0RDVIM,KR1020250011922A ADC-S423 masked,Investigative,,Tratuzumab (P41C),Undisclosed,Undisclosed,ANTI0YJCXM,,
DRG0RFQVR,H02L03-Dxd,Investigative,,H02L03,DX-8951 derivative (DXd),Mc-Gly-Gly-Phe-Gly,ANTI0KZJLD,PAY0UXDSB,LIN0ECMCR
DRG0RHYDS,mAb1-DAR6-22°C/3.00 TCEP,Investigative,,mAb1,Undisclosed,Undisclosed,ANTI0ACOIW,,
DRG0RJIEQ,CN106714844B ADC-129,Investigative,,4D5 LC A149C,PNU-159682,Undisclosed,ANTI0FCMXL,PAY0WKBCR,
DRG0RJRQD,mAb1-DAR6-15mg·mL-1,Investigative,,mAb1,Undisclosed,Undisclosed,ANTI0ACOIW,,
DRG0RLKIH,LC302-3-4 (6),Investigative,,Ab0001-LCCTL-HC,Dxd-1,LA302-3-4 linker,ANTI0RTXHT,PAY0FDNPA,LIN0XQBIR
DRG0ROKOP,Trast-v1a-145-PF21,Investigative,,BCN-trastuzumab tras-v1a-145,Undisclosed,Undisclosed,ANTI0LEGRZ,,
DRG0RONLH,CN114605367B IV-11,Investigative,,Mi140,Undisclosed,Undisclosed,ANTI0WBNAJ,,
DRG0RUWVJ,KR1020250011922A ADC-S110,Investigative,,Tratuzumab (P41C),Undisclosed,Undisclosed,ANTI0YJCXM,,
DRG0RWWTH,BCN-PEG12-IL15Ralpha-IL15,Investigative,,GGG-IL15Ralpha-IL15-208,Undisclosed,Undisclosed,ANTI0WKJWX,,
DRG0RXLPN,mAb1-DAR6-16°C/3.25 TCEP,Investigative,,mAb1,Undisclosed,Undisclosed,ANTI0ACOIW,,
DRG0RYDLU,CN106714844B ADC-112,Investigative,,4D5 HC A118C,PNU-159682,Undisclosed,ANTI0BSGIY,PAY0WKBCR,
DRG0SDIXO,AU2022395626A1 ADC-H2-P1,Investigative,,Trastuzumab-K251,Monomethyl auristatin E,H-Tet-PEG9-Val-Ala-PAB,ANTI0YYWAH,PAY0FSXOW,LIN0NOOEE
DRG0SFFAI,WO2024118785A3 Lot10,Investigative,,mAb1,Undisclosed,Undisclosed,ANTI0ACOIW,,
DRG0SGLOV,AU2022395626A1 ADC-L1-P2,Investigative,,Trastuzumab-A51,Monomethyl auristatin E,H-Tet-Glucuronide,ANTI0IVPVV,PAY0FSXOW,LIN0QBBON
DRG0SHDGU,BB-205,Investigative,,Bispecific anti-c-Met/EGFR antibody,Monomethyl auristatin E,Mc-Val-Cit-PABC,ANTI0JOZFL,PAY0FSXOW,LIN0SQEDQ
DRG0SHFQD,LC302-3-1 (6),Investigative,,Ab0001-LCCTL-HC,Dxd-1,LA302-3-1 linker,ANTI0RTXHT,PAY0FDNPA,LIN0DVZJP
DRG0SJIGE,WO2024140447A1 ADC 4,Investigative,,IP140B,WO2024140447A1 ADC 1 Payload,Undisclosed,ANTI0RYOCW,PAY0WXLZN,
DRG0SKOXF,BB03E-MMAE,Investigative,,BB03E,Monomethyl auristatin E,Mc-Val-Cit-PABC,ANTI0KHHRW,PAY0FSXOW,LIN0SQEDQ
DRG0SLLSI,CN114605367B A-III-12,Investigative,,Mi140,A-III-12 Payload,6-Maleimidocaproic acid,ANTI0WBNAJ,PAY0ZPAHH,LIN0DSBFC
DRG0SMRTC,Trast-v3-PF27,Investigative,,Trast-v3,Undisclosed,Undisclosed,ANTI0CZMUG,,
DRG0SNDKV,Trast-v1a- (PF11)2,Investigative,,bis-azido-trastuzumab trast-v1a,Undisclosed,Undisclosed,ANTI0OAKMH,,
DRG0SNJDC,GlyADC-H1-P2,Investigative,,Trastuzumab-K249,Monomethyl auristatin E,H-Tet-Glucuronide,ANTI0FQCVS,PAY0FSXOW,LIN0QBBON
DRG0SNMKG,AU2022395626A1 ADC-H1-P2,Investigative,,Trastuzumab-K249,Monomethyl auristatin E,H-Tet-Glucuronide,ANTI0FQCVS,PAY0FSXOW,LIN0QBBON
DRG0SORIW,Trast-v5b- (PF16)2,Investigative,,Trast-v5a,Undisclosed,Undisclosed,ANTI0ZRAAK,,
DRG0SPHHK,AU2022395626A1 ADC-L5-P2,Investigative,,Trastuzumab-P59,Monomethyl auristatin E,H-Tet-Glucuronide,ANTI0ZGEEC,PAY0FSXOW,LIN0QBBON
DRG0SPHUL,Trast-v5b- (XL05-PF09)2,Investigative,,Trast-v5b- (XL05)2,Undisclosed,Undisclosed,ANTI0CZHXQ,,
DRG0SPSXB,AU2022395626A1 ADC-H6-P2,Investigative,,Trastuzumab-P41,Monomethyl auristatin E,H-Tet-Glucuronide,ANTI0WJVQQ,PAY0FSXOW,LIN0QBBON
DRG0SPXOD,WO2024105205A1 11e-1015a,Investigative,,1015a,KSPI6-1,Undisclosed,ANTI0PAOER,PAY0IJPXQ,
DRG0SQRCQ,WO2024140927A1-ADC-D (DAR2),Investigative,,mAb-A,Active metabolite of irinotecan SN38,CL2A,ANTI0KTZJJ,PAY0ZVBAI,LIN0ZGCUP
DRG0SVBPC,Tra-CAST-MMAE,Investigative,,Tra-CAST,Monomethyl auristatin E,Styrylboronic acid-Val-Cit-PAB,ANTI0LQGRT,PAY0FSXOW,LIN0KBGIK
DRG0SWKDL,Trastuzumab-Qtag2-DM1,Investigative,,Trastuzumab-Qtag2,Mertansine DM1,PEG4-SMCC,ANTI0EAINX,PAY0JCIBW,LIN0GUFGB
DRG0SWYJJ,WO2024140449A1 ADC16,Investigative,,IP140B,WO2024140449A1+ADC13+payload,WO2024140449A1+ADC13+Linker,ANTI0RYOCW,PAY0FKBCN,LIN0KRGMX
DRG0SYNNQ,mAb1-DAR6-pH 7.0,Investigative,,mAb1,Undisclosed,Undisclosed,ANTI0ACOIW,,
DRG0SYTMB,hSD5-vedotin,Investigative,,hSD5,Monomethyl auristatin E,Mc-Val-Cit-PABC,ANTI0WRRNW,PAY0FSXOW,LIN0SQEDQ
DRG0TARDK,Her2-PT-A114C-hGl-LP48,Investigative,,Her2-PT-A114C-hGl,Undisclosed,Undisclosed,ANTI0YZYDS,,
DRG0TARJW,WO2024140449A1 ADC18,Investigative,,IP140B,WO2024140449A1+ADC17+payload,WO2024140449A1+ADC17+Linker,ANTI0RYOCW,PAY0SBZEY,LIN0BQSTH
DRG0TBHLN,Trast-v5b-XL01-PF19,Investigative,,Trast-v5b-XL01,Undisclosed,Undisclosed,ANTI0NRYFW,,
DRG0TCGNO,Ab-BL-LP7,Investigative,,mAb1,Pro-DHT,COT-PEG4-branch-PEG2-EvcPAB,ANTI0ACOIW,PAY0DKPFR,LIN0KYFFH
DRG0TCXCY,CN114569739A ADC-2 (23C2 Her2-2),Investigative,,23C2 Her2-2,Undisclosed,Undisclosed,ANTI0DYMYS,,
DRG0TEHIX,Trast-v5b-XL02,Investigative,,Trastuzumab GalNProSSMe Trast-v5a,Undisclosed,Undisclosed,ANTI0UDNLV,,
DRG0TEISQ,mAb1-DAR6-4°C/10.00 TCEP,Investigative,,mAb1,Undisclosed,Undisclosed,ANTI0ACOIW,,
DRG0TEQEH,TWI852077B-J8,Investigative,,Anti-Her2Fab,Undisclosed,Undisclosed,ANTI0BPYLO,,
DRG0TFEID,mAb1-DAR6-4°C/14.00 TCEP,Investigative,,mAb1,Undisclosed,Undisclosed,ANTI0ACOIW,,
DRG0TFZYW,S1 Trastuzumab glycovariants ADC,Investigative,,S1 Trastuzumab glycovariants,Monomethyl auristatin E,DBCO-PEG4-Val-Cit,ANTI0QBOLF,PAY0FSXOW,LIN0LHYLQ
DRG0THLSN,AntiHER-AO-Cys-MC-VC-FABC-MMAE,Investigative,,Anti-Her2 WT,Monomethyl auristatin E,Aminooxy-Cys linker,ANTI0HCWKB,PAY0FSXOW,LIN0KJVEI
DRG0TIUUG,Tras-v1a-PF29,Investigative,,bis-azido-trastuzumab tras-v1a,Undisclosed,Undisclosed,ANTI0DGHTD,,
DRG0TMBER,WO2024140927A1-ADC-A (DAR2),Investigative,,mAb-A,Monomethyl auristatin E,Mc-Val-Cit-PABC,ANTI0KTZJJ,PAY0FSXOW,LIN0SQEDQ
DRG0TNKNU,Trast-v5b-XL01,Investigative,,Trastuzumab-GalNProSSMe Trast-v5a,Undisclosed,Undisclosed,ANTI0VUAZP,,
DRG0TOQGN,"WO2024140450A1 7-[N- (IP140B-Ac-PEG2-Val-Ala-PABC), N-methoxyethyl]aminoethyl-10,11-methylenedi-6,7-dihydroxystilbene",Investigative,,IP140B,Undisclosed,Undisclosed,ANTI0RYOCW,,
DRG0TOZUV,H1H21234N-N297Q-LP1,Investigative,,Anti-MSR1,US12209180B2 P2,Anti-Her2-AL1- LP1 LINKER,ANTI0TTWQU,PAY0HAUVI,LIN0NCHKU
DRG0TQYZB,Cys-mutant trastuzumab-biotin,Investigative,,Cys-mutant trastuzumab,Biotin,Undisclosed,ANTI0UBKLD,PAY0IKYMI,
DRG0TRBEG,Trz-HC:p67-MMAE,Investigative,,Trz-HC:p67,Monomethyl auristatin E,Undisclosed,ANTI0XKUPF,PAY0FSXOW,
DRG0TRFTU,Trast-v1a-145-PF17,Investigative,,BCN-trastuzumab tras-v1a-145,Undisclosed,Undisclosed,ANTI0LEGRZ,,
DRG0TUACF,WO2022099762A1 ADCb,Investigative,,M30-H1-L4P,Camptothecin,Mc-Gly-Gly-Phe-Gly,ANTI0LNAUW,PAY0WUZLC,LIN0ECMCR
DRG0TVHSC,AU2022395626A1 ADC-H4L4-P2,Investigative,,Trastuzumab-K320&G41,Monomethyl auristatin E,H-Tet-Glucuronide,ANTI0QFFKA,PAY0FSXOW,LIN0QBBON
DRG0TWLWR,IP140B ADC2,Investigative,,IP140B,Undisclosed,Undisclosed,ANTI0RYOCW,,
DRG0UBKKE,LC301-5-1 (8),Investigative,,Ab0001-LCCTL-HC,Dxd-1,LA301-5-1 linker,ANTI0RTXHT,PAY0FDNPA,LIN0BRQUS
DRG0UBVAQ,WO2024140447A1 ADC 8,Investigative,,IP140B,WO2024140447A1 ADC 1 Payload,WO2024140447A1 ADC 7 Linker,ANTI0RYOCW,PAY0WXLZN,LIN0BVQRE
DRG0UCFTG,KR1020250011922A ADC-S105,Investigative,,Tratuzumab (P41C),Undisclosed,Undisclosed,ANTI0YJCXM,,
DRG0UERUA,CN106714844B ADC-108,Investigative,,7C2 LC K149C,PNU-159682,Undisclosed,ANTI0HSILQ,PAY0WKBCR,
DRG0UFUBG,AU2022395626A1 ADC-H1H5-P2,Investigative,,Trastuzumab-K249&K343,Monomethyl auristatin E,H-Tet-Glucuronide,ANTI0ICXCZ,PAY0FSXOW,LIN0QBBON
DRG0UKHMD,WO2024140447A1 ADC 24,Investigative,,IP140B,WO2024140447A1 ADC 13 Payload,WO2024140447A1 ADC 23 Linker,ANTI0RYOCW,PAY0WNUJC,LIN0XEMRU
DRG0UMJHM,T (kK183C+K290C)-VC0101 ADC,Investigative,,T (kK183C+K290C),Auristatin 0101,Mc-Val-Cit-PABC,ANTI0VPMPO,PAY0WDZAK,LIN0SQEDQ
DRG0UMPNA,EP4090377A1 EP4090377A1 212,Investigative,,Trastuzumab- (azide)2,Undisclosed,Undisclosed,ANTI0CZGRZ,,
DRG0UOZCO,Trast-v6- (XL05-PF19)2,Investigative,,Trast-v6,Undisclosed,Undisclosed,ANTI0PREFP,,
DRG0UPSWI,CN106714844B ADC-131,Investigative,,4D5 HC A118C,PNU-159682,Undisclosed,ANTI0BSGIY,PAY0WKBCR,
DRG0UQFLI,KR1020250011922A ADC-S111,Investigative,,Tratuzumab (P41C),Undisclosed,Undisclosed,ANTI0YJCXM,,
DRG0UQVSX,IN202417103839A ADC-5,Investigative,,mAb-2,Undisclosed,Undisclosed,ANTI0JZCWP,,
DRG0URECJ,CN114605367B IV-13,Investigative,,Mi140,A-III-13 Payload,6-Maleimidocaproic acid,ANTI0WBNAJ,PAY0KOSFV,LIN0DSBFC
DRG0USMTP,mAb1-DAR6-16°C/3.00 TCEP,Investigative,,mAb1,Undisclosed,Undisclosed,ANTI0ACOIW,,
DRG0USOBA,BB03E-A-MMAE,Investigative,,BB03E-A,Monomethyl auristatin E,Mc-Val-Cit-PABC,ANTI0CNOUW,PAY0FSXOW,LIN0SQEDQ
DRG0UYEDB,FM2b-S-D2,Investigative,,FM2b-S,Monomethyl auristatin E,Mc-Val-Cit-PABC,ANTI0FSFOD,PAY0FSXOW,LIN0SQEDQ
DRG0UYICZ,WO2024118785A3 Lot14,Investigative,,mAb1,Undisclosed,Undisclosed,ANTI0ACOIW,,
DRG0UYIZL,Enfertuzumab-compound 1106,Investigative,,Enfertuzumab,Undisclosed,Undisclosed,ANTI0ICZKC,,
DRG0VCSJP,mAb1-DAR6-Tris,Investigative,,mAb1,Undisclosed,Undisclosed,ANTI0ACOIW,,
DRG0VDBPD,mAb1-MMAE+MMAF,Investigative,,mAb1,Undisclosed,Undisclosed,ANTI0ACOIW,,
DRG0VLCVX,LC301-1-1 (4),Investigative,,Ab0001-LCCTL-HC,Dxd-1,LA301-1-1 linker,ANTI0RTXHT,PAY0FDNPA,LIN0IJDBU
DRG0VOPHD,Trz-LC:p67-MMAE,Investigative,,Trz-LC:p67,Monomethyl auristatin E,Undisclosed,ANTI0ADFQO,PAY0FSXOW,
DRG0VPAQB,mAb1-DAR6-4°C/12.00 TCEP,Investigative,,mAb1,Undisclosed,Undisclosed,ANTI0ACOIW,,
DRG0VRIXS,KR1020250011922A ADC-S109,Investigative,,Tratuzumab (P41C),Undisclosed,Undisclosed,ANTI0YJCXM,,
DRG0VRYWP,WO2024118785A3 Lot52,Investigative,,mAb1,Undisclosed,Undisclosed,ANTI0ACOIW,,
DRG0VSSRW,IP140B ADC1,Investigative,,IP140B,Undisclosed,Undisclosed,ANTI0RYOCW,,
DRG0VUGIO,WO2024140447A1 ADC 20,Investigative,,IP140B,WO2024140447A1 ADC 13 Payload,WO2024140447A1 ADC 3 Linker,ANTI0RYOCW,PAY0WNUJC,LIN0YLSQQ
DRG0VURTN,CN106714844B ADC-137,Investigative,,7C2 LC K149C,PNU-159682,Ethylmaleimide linker,ANTI0HSILQ,PAY0WKBCR,LIN0BKHYU
DRG0VVAKG,WO2024118785A3 Lot18,Investigative,,mAb1,Undisclosed,Undisclosed,ANTI0ACOIW,,
DRG0VVXPO,CN117159739A ADC5,Investigative,,IP140B,Undisclosed,Undisclosed,ANTI0RYOCW,,
DRG0VYNGR,GlyADC-H4-P2,Investigative,,Trastuzumab-K320,Monomethyl auristatin E,H-Tet-Glucuronide,ANTI0EOLWW,PAY0FSXOW,LIN0QBBON
DRG0VZJUM,MAb1-DAR6-HEPES-60mM,Investigative,,mAb1,Undisclosed,Undisclosed,ANTI0ACOIW,,
DRG0WBBDZ,WO2024140449A1 ADC6,Investigative,,IP140B,WO2024140449A1+ADC5+payload,WO2024140449A1+ADC5+Linker,ANTI0RYOCW,PAY0TJLOZ,LIN0MWLNP
DRG0WBVJF,CN114569739A ADC-6 (23C2 Her2-2),Investigative,,23C2 Her2-2,Undisclosed,Undisclosed,ANTI0DYMYS,,
DRG0WCUEA,WO2024140449A1 ADC4,Investigative,,IP140B,WO2024140449A1+ADC1+payload,WO2024140449A1+ADC3+Linker,ANTI0RYOCW,PAY0GBCSS,LIN0XQVAO
DRG0WEPYK,Mb (4)-m- (b-PEG12)-VC-MMAE,Investigative,,Minibody (4 cys),Monomethyl auristatin E,IgG (8)-m- (b-PEG12)-VC-MMAE,ANTI0ZVBAM,PAY0FSXOW,LIN0XFAOS
DRG0WGTOS,"WO2024140450A1 7-[N- (1P140B-Ac-PEG2-Val-Ala-PABC), N- (S)-methylisopropyl]aminoethyl-10,11-methylenedioxycamptothecin",Investigative,,IP140B,Undisclosed,Undisclosed,ANTI0RYOCW,,
DRG0WJDLA,IN202417103839A ADC-3,Investigative,,mAb-2,Undisclosed,Undisclosed,ANTI0JZCWP,,
DRG0WKKZC,Trastuzumab-BUPY-DM1,Investigative,,Trastuzumab-BUPY,Mertansine DM1,N3-SMCC,ANTI0HPHUK,PAY0JCIBW,LIN0PQMLL
DRG0WMIKO,HMPL-A251,Phase 1/2,Unspecific solid tumor,HMA000352,HM5041609,A cleavable linker,ANTI0VGCAO,PAY0VVGDF,LIN0JKBHU
DRG0WMUUO,bsCTRL×HER2-DXd,Investigative,,bsCTRL×HER2,DX-8951 derivative (DXd),Undisclosed,ANTI0UFGXS,PAY0UXDSB,
DRG0WPEZX,mAb1-DAR6-MOPSO,Investigative,,mAb1,Undisclosed,Undisclosed,ANTI0ACOIW,,
DRG0WPFUE,KR1020250011922A ADC-S424 demasked,Investigative,,Tratuzumab (P41C),Undisclosed,Undisclosed,ANTI0YJCXM,,
DRG0WRZKQ,Trast-v5b- (XL05-PF02)2,Investigative,,Trast-v5b-XL05,Undisclosed,Undisclosed,ANTI0GTWWM,,
DRG0WWNNE,ZA202500114A-ADC-2,Investigative,,ZA202500114A-mAb-1,Undisclosed,Undisclosed,ANTI0ZUUZQ,,
DRG0WXVXO,mAb1-DAR6-22°C/2.85 TCEP,Investigative,,mAb1,Undisclosed,Undisclosed,ANTI0ACOIW,,
DRG0XAWXT,WO2024140449A1 ADC10,Investigative,,IP140B,WO2024140449A1+ADC5+payload,WO2024140449A1+ADC9+Linker,ANTI0RYOCW,PAY0TJLOZ,LIN0JCGGZ
DRG0XBOXP,Degly-ISOmAb-1-mc-vc-PAB-MMAE,Investigative,,degly-ISOmAb,Monomethyl auristatin E,Mc-Val-Cit-PABC,ANTI0BTLMU,PAY0FSXOW,LIN0SQEDQ
DRG0XCDUM,LC302-2-1 (4),Investigative,,Ab0001-LCCTL-HC,Dxd-1,LA302-2-1 linker,ANTI0RTXHT,PAY0FDNPA,LIN0YSUXG
DRG0XDKVU,mAb1-Benzyl Alcohol,Investigative,,mAb1,Undisclosed,Undisclosed,ANTI0ACOIW,,
DRG0XELEL,Enfertuzumab-compound 1102,Investigative,,Enfertuzumab,Undisclosed,Undisclosed,ANTI0ICZKC,,
DRG0XKXCF,Trast-v1a-145-PF09,Investigative,,BCN-trastuzumab tras-v1a-145,Undisclosed,Undisclosed,ANTI0LEGRZ,,
DRG0XMNXM,IP140B ADC3,Investigative,,IP140B,Undisclosed,Undisclosed,ANTI0RYOCW,,
DRG0XNVBD,mAb1-DXd,Investigative,,mAb1,DX-8951 derivative (DXd),Mc-Gly-Gly-Phe-Gly,ANTI0ACOIW,PAY0UXDSB,LIN0ECMCR
DRG0XOESK,anti-HER2 Ab (L328C)-vcMMAE,Investigative,,HER2 (L328C),Monomethyl auristatin E,Mc-Val-Cit-PABC,ANTI0PYKFP,PAY0FSXOW,LIN0SQEDQ
DRG0XPBZD,Trast-v3- (PF15)2,Investigative,,Trast-v3,Undisclosed,Undisclosed,ANTI0CZMUG,,
DRG0XQRSO,AU2022395626A1 ADC-H4-P2,Investigative,,Trastuzumab-K320,Monomethyl auristatin E,H-Tet-Glucuronide,ANTI0EOLWW,PAY0FSXOW,LIN0QBBON
DRG0XQRVQ,ZA202500114A-ADC-1,Investigative,,ZA202500114A-mAb-1,Monomethyl auristatin E,Undisclosed,ANTI0ZUUZQ,PAY0FSXOW,
DRG0XRKVG,Tras (C8)-Cp,Investigative,,Trastuzumab (C8),Cryptophycin-uD[Dap (Me)],Mc-Val-Cit-PABC,ANTI0MVFXX,PAY0QYSVZ,LIN0SQEDQ
DRG0XSJFT,Anti-HER-MC-VC-FABC-FEG8-DollO,Investigative,,Anti-Her2 WT,DollO,Aminooxy-Cys linker,ANTI0HCWKB,PAY0TUKBS,LIN0KJVEI
DRG0XVNEV,CN114605367B A-II-11C,Investigative,,Mi140,Undisclosed,Undisclosed,ANTI0WBNAJ,,
DRG0XWFUR,BB05E-MMAE,Investigative,,BB05E,Monomethyl auristatin E,Mc-Val-Cit-PABC,ANTI0GTGFJ,PAY0FSXOW,LIN0SQEDQ
DRG0XXGYA,CN117337196A Compound88,Investigative,,SCAHer2 (1)xSCAHer (2),Active metabolite of irinotecan SN38,30kmPEG-Lys (PEG2 - Mal)-3 (Val-Cit-PAB-DEA),ANTI0ZCKZJ,PAY0ZVBAI,LIN0RXDPE
DRG0YBREP,AU2022395626A1 ADC-H4L3-P2,Investigative,,Trastuzumab-K320&K169,Monomethyl auristatin E,H-Tet-Glucuronide,ANTI0IAIUE,PAY0FSXOW,LIN0QBBON
DRG0YCIKT,"WO2024140450A1 7-[N- (IP140B-Ac-PEG2-Gly-Gly-Leu-Gly-ha-Ac), N-methoxyethyl]aminoethyl-10,11-methylenedi-6,7-ethenidinocamptothecin",Investigative,,IP140B,Undisclosed,Undisclosed,ANTI0RYOCW,,
DRG0YCZNA,KR1020250011922A ADC-S424 MMP2 treated,Investigative,,Tratuzumab (P41C),Undisclosed,Undisclosed,ANTI0YJCXM,,
DRG0YDOLX,Ab-AL-LP3,Investigative,,mAb1,Pro-DHT,DIBAC-PEG4-EvcPAB linker,ANTI0ACOIW,PAY0DKPFR,LIN0GIVCX
DRG0YFYRU,mAb17-DM21,Investigative,,mAb1,Undisclosed,Undisclosed,ANTI0ACOIW,,
DRG0YLNZH,Trast-v6- (XL05-PF09)2,Investigative,,Trast-v6- (XL05)2,Undisclosed,Undisclosed,ANTI0HLELS,,
DRG0YOCOY,CN117159739A ADC2,Investigative,,IP140B,Undisclosed,Undisclosed,ANTI0RYOCW,,
DRG0YOWIK,KR1020250011922A ADC-S426 MMP2-treated,Investigative,,Tratuzumab (P41C),Undisclosed,Undisclosed,ANTI0YJCXM,,
DRG0YPWYT,Trast-v5b- (XL05)2 1,Investigative,,Trast-v5b-XL05,Undisclosed,Undisclosed,ANTI0GTWWM,,
DRG0YQFCA,Trast-v6-XL02-PF15,Investigative,,Trast-v6-XL02,Undisclosed,Undisclosed,ANTI0GXEON,,
DRG0YQVSF,EP4090377A1 EP4090377A1 211,Investigative,,Trastuzumab- (azide)2,Undisclosed,Linker105,ANTI0CZGRZ,,LIN0GNIRY
DRG0YRMFW,LC301-2-1 (2),Investigative,,Ab0001-LCCTL-HC,Dxd-1,LA301-1-1 linker,ANTI0RTXHT,PAY0FDNPA,LIN0IJDBU
DRG0YROFF,WO2024140927A1-ADC-D (DAR6),Investigative,,mAb-A,Active metabolite of irinotecan SN38,CL2A,ANTI0KTZJJ,PAY0ZVBAI,LIN0ZGCUP
DRG0YSLKL,IN202417103839A ADC-6,Investigative,,mAb-3,Undisclosed,Undisclosed,ANTI0YHYNV,,
DRG0YVVKW,Degly-mAb1-1-mc-vc-PAB-MMAE,Investigative,,degly-mAb1,Monomethyl auristatin E,Mc-Val-Cit-PABC,ANTI0GZVJR,PAY0FSXOW,LIN0SQEDQ
DRG0YVYQS,Trast-v5b-PF28,Investigative,,Trast-v5a,Undisclosed,Undisclosed,ANTI0ZRAAK,,
DRG0YXKJX,"Trast-v9- (PF19)2,",Investigative,,Trast-v9,Undisclosed,Undisclosed,ANTI0ONLKN,,
DRG0YZTQP,CN114605367B IV-24,Investigative,,Mi140,A-III-24 Payload,6-Maleimidocaproic acid,ANTI0WBNAJ,PAY0GRBEA,LIN0DSBFC
DRG0ZANDD,EP4183421A1 23C2 Her2-2-DXD,Investigative,,23C2 Her2-2,Exatecan,EP4183421A1+Trastuzumab-DXD+Linker,ANTI0DYMYS,PAY0LEIGJ,LIN0ABARV
DRG0ZAVHM,WO2024105206A1 32e-1015 1,Investigative,,TPP-1015,Undisclosed,Undisclosed,ANTI0YNNGT,,
DRG0ZBLUT,CN106714844B ADC-114,Investigative,,7C2 HC A118C,PNU-159682,Undisclosed,ANTI0WFHVJ,PAY0WKBCR,
DRG0ZBRLA,WO2024140449A1 ADC12,Investigative,,IP140B,WO2024140449A1+ADC5+payload,WO2024140449A1+ADC9+Linker,ANTI0RYOCW,PAY0TJLOZ,LIN0JCGGZ
DRG0ZLFZJ,Enfertuzumab-compound 1101,Investigative,,Enfertuzumab,Undisclosed,Undisclosed,ANTI0ICZKC,,
DRG0ZLWZQ,FM2b-Y-D2,Investigative,,FM2b-Y,Monomethyl auristatin E,Mc-Val-Cit-PABC,ANTI0BYLMS,PAY0FSXOW,LIN0SQEDQ
DRG0ZMAAA,WO2024140449A1 ADC14,Investigative,,IP140B,WO2024140449A1+ADC13+payload,WO2024140449A1+ADC13+Linker,ANTI0RYOCW,PAY0FKBCN,LIN0KRGMX
DRG0ZNLCB,EP4090377A1 EP4090377A1 216,Investigative,,Trastuzumab- (azide)2,Undisclosed,Undisclosed,ANTI0CZGRZ,,
DRG0ZOUEI,Ab-LP33,Investigative,,mAb1,Pro-DHT,Mc-PEG4-EvcPAB,ANTI0ACOIW,PAY0DKPFR,LIN0WWZEY
DRG0ZRQYJ,Trast-v1a- (PF07)2,Investigative,,bis-azido-trastuzumab trast-v1a,Undisclosed,Undisclosed,ANTI0OAKMH,,
DRG0ZTCHE,Anti-HER-MC-VC-FABC-MMAE,Investigative,,Anti-Her2 WT,Monomethyl auristatin E,Aminooxy-Cys linker,ANTI0HCWKB,PAY0FSXOW,LIN0KJVEI
DRG0ZVPON,ZHER2-Gly3-VC-PAB-MMAF,Investigative,,ZHER2,Monomethyl auristatin F,Gly3-VC-PAB,ANTI0TYSMR,PAY0QLDVX,LIN0GOLMA
DRG0ZWJCL,FM2b-F-D2,Investigative,,FM2b-F,Monomethyl auristatin E,Mc-Val-Cit-PABC,ANTI0SAKUO,PAY0FSXOW,LIN0SQEDQ
DRG0ZWLFW,LC301-1-1 (2),Investigative,,Ab0001-LCCTL-HC,Dxd-1,LA301-1-1 linker,ANTI0RTXHT,PAY0FDNPA,LIN0IJDBU
DRG0ABCLL,37217025 ADC-1,Investigative,,Trastuzumab,TLR7/8 agonist 1,MT-VC-PABC,ANI0FIZAK,PAY0GVFBO,LIN0PYRYS
DRG0ABUAY,LT4212552T ADC19,Investigative,,Trastuzumab,LT4212552T ADC37 payload,LT4212552T-ADC-19-LINKER,ANI0FIZAK,PAY0THLVA,LIN0UMMNJ
DRG0ABUUO,WO2024230301A1 ADC-14,Investigative,,Trastuzumab,Undisclosed,Undisclosed,ANI0FIZAK,,
DRG0ACJHA,EP4487874A1-16,Investigative,,Trastuzumab,EP4487874A1-16payload,EP4487874A1-10linker,ANI0FIZAK,PAY0XQLJT,LIN0PZUGM
DRG0ADHYH,CN113943310A ADC-2,Investigative,,Trastuzumab,D-D10 payload,"CN113943310A, ADC-1, Linker",ANI0FIZAK,PAY0SRSRJ,LIN0VCYSS
DRG0ADIFD,LC-V205C-2,Investigative,,Trastuzumab,Monomethyl auristatin E,Undisclosed,ANI0FIZAK,PAY0FSXOW,
DRG0ADQHC,IGAC-100,Investigative,,Trastuzumab,IG-L-79 Payload,IG-L-77 linker,ANI0FIZAK,PAY0XQXEX,LIN0QWZUD
DRG0ADZAH,WO2024169913A1 ADC01-08-4,Investigative,,Trastuzumab,B19,(Linker-03)SMCC-TAZ-PEG-VC-PAB,ANI0FIZAK,PAY0WQPKG,LIN0JJWVU
DRG0AECEN,TWI870307BAntibody-drug conjugate (16),Investigative,,Trastuzumab,TWI870307BAntibody-drug conjugate (12)Payload,Mc-Gly-Gly-Phe-Gly,ANI0FIZAK,PAY0KBTTL,LIN0ECMCR
DRG0AECHC,39410752 ADC (7),Investigative,,Trastuzumab,Exatecan,Mal-Exo-EEVC,ANI0FIZAK,PAY0LEIGJ,LIN0CKKUQ
DRG0AFDOY,39410752 ADC (3),Investigative,,Trastuzumab,Pyrene,Mc-Val-Cit-PABC,ANI0FIZAK,PAY0QVXIZ,LIN0SQEDQ
DRG0AFMTE,AU2023308528A1 ADC1,Investigative,,Trastuzumab,PBD aromatic-amide derivative,6-Maleimidocaproic acid,ANI0FIZAK,PAY0OOISA,LIN0DSBFC
DRG0AFVCC,WO2023232144A1ADC30,Investigative,,Trastuzumab,"WO2025015586A1, ADC25, Payload",Succinimidyl-4-(N-maleimidomethyl)cyclohexane-1-carboxylate (SMCC),ANI0FIZAK,PAY0SLCNJ,LIN0EBJON
DRG0AGZPF,HK40112172A Antibody-drug conjugate (17),Investigative,,Trastuzumab,HK40112172A+Antibody-drug conjugate (17)+payload,HK40112172A+Antibody-drug conjugate (17)+Linker,ANI0FIZAK,PAY0REJUA,LIN0KASZL
DRG0AHKSU,EP4227309A4 ADC-4,Investigative,,Trastuzumab,Undisclosed,Undisclosed,ANI0FIZAK,,
DRG0AHZWH,37492000 ADC 7d (24h),Investigative,,Trastuzumab,Monomethyl auristatin E,TetraDVP based linker 2d,ANI0FIZAK,PAY0FSXOW,LIN0GSVMG
DRG0AIFEG,TWI870307BAntibody-drug conjugate (29),Investigative,,Trastuzumab,TWI870307BAntibody-drug conjugate (26)Payload,TWI870307BAntibody-drug conjugate (26)Linker,ANI0FIZAK,PAY0RIHYV,LIN0RKJOP
DRG0AIPVT,TWI857167B IC-80,Investigative,,Trastuzumab,TWI857167B-IC-79-PAYLOAD,Aminobenzazepine-linker Formula II-3,ANI0FIZAK,PAY0AOSHE,LIN0MDQYJ
DRG0AJCHM,TWI857167B IC-37,Investigative,,Trastuzumab,TWI857167B-IC-37-PAYLOAD,Undisclosed,ANI0FIZAK,PAY0SGEER,
DRG0AJPYG,39410752 ADC (10),Investigative,,Trastuzumab,Monomethyl auristatin E,Mc-Val-Cit-PABC,ANI0FIZAK,PAY0FSXOW,LIN0SQEDQ
DRG0AJTWS,WO2024169913A1 ADC01-01-4,Investigative,,Trastuzumab,B19,Mc-Val-Cit-PABC,ANI0FIZAK,PAY0WQPKG,LIN0SQEDQ
DRG0AKOJP,AU2020291014A1 IC-75,Investigative,,Trastuzumab,AU2020291014A1-Payload-74,Undisclosed,ANI0FIZAK,PAY0KIBSS,
DRG0ALETP,AU2023226367A1-14,Investigative,,Trastuzumab,Eribulin,RU20241285-8-linker,ANI0FIZAK,PAY0JAEKD,LIN0RVDVM
DRG0ANDFO,TWI857167B IC-95,Investigative,,Trastuzumab,TWI857167B-IC-86-PAYLOAD,Undisclosed,ANI0FIZAK,PAY0QKXWV,
DRG0ANHVV,TZ-dSA3-4,Investigative,,Trastuzumab,diABZI STING agonist 3,Undisclosed,ANI0FIZAK,PAY0WDWDM,
DRG0ANYOH,CN113874046B ADC-7,Investigative,,Trastuzumab,Monomethyl auristatin E,CN113874046B-ADC-7-LINKER,ANI0FIZAK,PAY0FSXOW,LIN0SDTZA
DRG0AOTYF,TWI870307BAntibody-drug conjugate (19),Investigative,,Trastuzumab,TWI870307BAntibody-drug conjugate (12)Payload,HK40112172A+Antibody-drug conjugate (19)+Linker,ANI0FIZAK,PAY0KBTTL,LIN0SQXPH
DRG0AOUAR,EP4227309A4 ADC-10,Investigative,,Trastuzumab,Undisclosed,Undisclosed,ANI0FIZAK,,
DRG0AOUKV,38354417 T-DL7,Investigative,,Trastuzumab,DX-8951 derivative (DXd),MT-GGFG-AM,ANI0FIZAK,PAY0UXDSB,LIN0VGFMG
DRG0APFJH,37828728 ADC 5,Investigative,,Trastuzumab,Exatecan,P5 (PEG24)-VC-PAB,ANI0FIZAK,PAY0LEIGJ,LIN0ZXXPD
DRG0APGXY,EP4227309A4 ADC-17,Investigative,,Trastuzumab,Undisclosed,Undisclosed,ANI0FIZAK,,
DRG0APHCJ,CN113943310A ADC-1,Investigative,,Trastuzumab,D-D9 payload,"CN113943310A, ADC-1, Linker",ANI0FIZAK,PAY0OSRNJ,LIN0VCYSS
DRG0APIQO,CN113943310A ADC-7,Investigative,,Trastuzumab,D-D11 payload,"CN113943310A, ADC-1, Linker",ANI0FIZAK,PAY0ZJJLY,LIN0VCYSS
DRG0APKNA,Trastuzumab-DXD (CN114569739A),Investigative,,Trastuzumab,Undisclosed,Undisclosed,ANI0FIZAK,,
DRG0APWWF,AU2023226367A1-5,Investigative,,Trastuzumab,RU20241285-5-payload,RU20241285-1-linker,ANI0FIZAK,PAY0JJZMV,LIN0CZQEF
DRG0AQIXZ,HER2-16,Investigative,,Trastuzumab,CPTS-1,Mc-Val-Cit-PABC,ANI0FIZAK,PAY0TRFQG,LIN0SQEDQ
DRG0AQNMQ,TWI857167B IC-63,Investigative,,Trastuzumab,TWI857167B-IC-63-PAYLOAD,Aminobenzazepine-linker Formula II-72,ANI0FIZAK,PAY0AYJKR,LIN0PWBVA
DRG0ARJTG,IN202417100055A Reference Example A15,Investigative,,Trastuzumab,Undisclosed,Undisclosed,ANI0FIZAK,,
DRG0ASGWN,WO2024222841A1 ADC43-4,Investigative,,Trastuzumab,(R)B19,OXDc-VA-PAB (PEG),ANI0FIZAK,PAY0HDAPU,LIN0XOHOG
DRG0ASXLQ,TWI870307BAntibody-drug conjugate (40),Investigative,,Trastuzumab,TWI870307BAntibody-drug conjugate (39)Payload,TWI870307BAntibody-drug conjugate (39)Linker,ANI0FIZAK,PAY0APSKA,LIN0LZFPV
DRG0ATAAD,AU2017363246B2 Conjugate68,Investigative,,Trastuzumab,AU2017363246B2+Conjugate68+Payload,AU2017363246B2+Conjugate68+Linker,ANI0FIZAK,PAY0VZRWA,LIN0FGGXI
DRG0AVMXZ,HER2-26,Investigative,,Trastuzumab,Tolllike receptor 7/8 agonist 18,Undisclosed,ANI0FIZAK,PAY0GNKYH,
DRG0AVOPB,TWI857167B IC-40,Investigative,,Trastuzumab,TWI857167B-IC-39-PAYLOAD,Aminobenzazepine-linker Formula II-72,ANI0FIZAK,PAY0WHWAV,LIN0PWBVA
DRG0AVVOE,HK40112172A Antibody-drug conjugate (3),Investigative,,Trastuzumab,HK40112172A+Antibody-drug conjugate (3)+payload,Mc-Gly-Gly-Phe-Gly,ANI0FIZAK,PAY0YMCCM,LIN0ECMCR
DRG0AWISJ,37307297 ADC 4,Investigative,,Trastuzumab,FD-1,Undisclosed,ANI0FIZAK,PAY0AGJNY,
DRG0AWNPN,WO2024230301A1 ADC-19,Investigative,,Trastuzumab,Undisclosed,Undisclosed,ANI0FIZAK,,
DRG0AXKQF,EP4487874A1-22,Investigative,,Trastuzumab,Topo1 inhibitor A,EP4487874A1-22linker,ANI0FIZAK,PAY0AXTTO,LIN0EVTYB
DRG0AXREU,CN113943310A ADC-17,Investigative,,Trastuzumab,"WO2025015586A1, ADC35, Payload","CN113943310A, ADC-12, Linker",ANI0FIZAK,PAY0AIAVK,LIN0REOIZ
DRG0AXSAQ,IGAC-21,Investigative,,Trastuzumab,IG-L-10 Payload,MP-Ala-Ala-PAB,ANI0FIZAK,PAY0UMRYP,LIN0SIBWN
DRG0AYEIF,HK40112172A Antibody-drug conjugate (30),Investigative,,Trastuzumab,LT4212552T ADC49 payload,Mc-Gly-Gly-Phe-Gly,ANI0FIZAK,PAY0YMULZ,LIN0ECMCR
DRG0AYFKC,Per-2C,Investigative,,Pertuzumab,Undisclosed,Undisclosed,ANI0XJJLY,,
DRG0AZBRG,37492000 ADC 6d (4h),Investigative,,Trastuzumab,Monomethyl auristatin E,TetraDVP based linker 1d,ANI0FIZAK,PAY0FSXOW,LIN0USDTJ
DRG0AZQCU,US20220226492A1 Immunoconjugate I,Investigative,,Trastuzumab,Undisclosed,Undisclosed,ANI0FIZAK,,
DRG0AZZDG,AU2017363246B2 Conjugate34A,Investigative,,Trastuzumab,AU2017363246B2+Conjugate34+Payload,AU2017363246B2+Conjugate34+Linker,ANI0FIZAK,PAY0RKELH,LIN0ZXNIE
DRG0BAHDI,Anti-Trop2- (Q295-mcValCitPABC-A6)- (mcMMAF),Investigative,,Trastuzumab,Monomethyl auristatin F,Undisclosed,ANI0FIZAK,PAY0QLDVX,
DRG0BARZO,Trastuzumab-Example 1,Investigative,,Trastuzumab,CN119343152A 1C1-Example1 Payload,CN119343152A 1C1-Example1 Linker,ANI0FIZAK,PAY0XOZCF,LIN0KTFSF
DRG0BAWYX,AU2023279443A1 Example A14,Investigative,,Trastuzumab,Eribulin,RU20241285-9-linker,ANI0FIZAK,PAY0JAEKD,LIN0LOHLV
DRG0BBCSC,Trastuzumab-ZY-889,Investigative,,Trastuzumab,Undisclosed,Undisclosed,ANI0FIZAK,,
DRG0BCCEQ,CN116782954A ADC4a-DAR4,Investigative,,Trastuzumab,Undisclosed,Undisclosed,ANI0FIZAK,,
DRG0BCGIH,CN113943310A ADC-4,Investigative,,Trastuzumab,D-D4 payload,"CN113943310A, ADC-1, Linker",ANI0FIZAK,PAY0LIPZQ,LIN0VCYSS
DRG0BCIPZ,CN115594732A I-LD016,Investigative,,Trastuzumab,Undisclosed,Undisclosed,ANI0FIZAK,,
DRG0BCTTS,TWI857167B IC-29,Investigative,,Trastuzumab,TWI857167B IC-67 payload,TWI857167B-IC-29-LINKER,ANI0FIZAK,PAY0EQMXU,LIN0GNBUU
DRG0BCTWD,WO2019126691A1 Conjugate No.57,Investigative,,Trastuzumab,Conjugate No.57 Payload,Conjugate No.57 Linker,ANI0FIZAK,PAY0FYHWB,LIN0ZLJDX
DRG0BDIKX,AU2020291014A1 IC-19,Investigative,,Trastuzumab,AU2020291014A1-Payload-27,Aminobenzazepine-linker Formula II-27,ANI0FIZAK,PAY0QVZMF,LIN0PDINH
DRG0BDLOB,Trastuzumab-Example 4,Investigative,,Trastuzumab,CN119343152A 1C1-Example1 Payload; CN119343152A 1C1-Example4 Payload,CN119343152A 1C1-Example4 Linker,ANI0FIZAK,PAY0VBNMC,LIN0CCVXL
DRG0BDNHA,HK40112172A Antibody-drug conjugate (49),Investigative,,Trastuzumab,LT4212552T ADC49 payload,Mc-Gly-Gly-Phe-Gly,ANI0FIZAK,PAY0YMULZ,LIN0ECMCR
DRG0BEIAB,IGAC-48,Investigative,,Trastuzumab,IG-L-23 Payload,IG-L-3 linker,ANI0FIZAK,PAY0ASEOC,LIN0KDPCU
DRG0BENYX,US20240245795A1 Antibody Conjugate 3,Investigative,,Trastuzumab,Undisclosed,Undisclosed,ANI0FIZAK,,
DRG0BEQQL,CN110974975B C-01,Investigative,,Trastuzumab,Exatecan,Coumpound7,ANI0FIZAK,PAY0LEIGJ,LIN0SOPRF
DRG0BFCRC,TZ-dSA3-8,Investigative,,Trastuzumab,diABZI STING agonist 3,Undisclosed,ANI0FIZAK,PAY0WDWDM,
DRG0BGZEK,AU2023226367A1-11,Investigative,,Trastuzumab,DX-8951 derivative (DXd),RU20241285-10-linker,ANI0FIZAK,PAY0UXDSB,LIN0RYTZS
DRG0BHKME,WO2023047090A1-MMAE ADC,Investigative,,Trastuzumab,Monomethyl auristatin E,Undisclosed,ANI0FIZAK,PAY0FSXOW,
DRG0BHQCY,TWI857167B IC-52,Investigative,,Trastuzumab,TWI857167B-IC-52-PAYLOAD,Aminobenzazepine-linker Formula II-72,ANI0FIZAK,PAY0RYRQY,LIN0PWBVA
DRG0BHQLX,TWI870307BAntibody-drug conjugate (6),Investigative,,Trastuzumab,LT4212552T ADC10 payload,TWI870307BAntibody-drug conjugate (6)Linker,ANI0FIZAK,PAY0MPNDV,LIN0UMUVI
DRG0BIHCU,TWI857167B IC-54,Investigative,,Trastuzumab,TWI857167B-IC-54-PAYLOAD,Aminobenzazepine-linker Formula II-72,ANI0FIZAK,PAY0KTXTO,LIN0PWBVA
DRG0BJTTH,WO2024222841A1 ADC42-4,Investigative,,Trastuzumab,B19,OXDc-VA-PAB (PEG),ANI0FIZAK,PAY0WQPKG,LIN0XOHOG
DRG0BJYDB,LC-V205C-4,Investigative,,Trastuzumab,Monomethyl auristatin E,Undisclosed,ANI0FIZAK,PAY0FSXOW,
DRG0BLXRF,36924655 ADC 31,Investigative,,Trastuzumab,Monomethyl auristatin E,Undisclosed,ANI0FIZAK,PAY0FSXOW,
DRG0BMELF,LT4212552T ADC46,Investigative,,Trastuzumab,LT4212552T ADC49 payload,Mc-Gly-Gly-Phe-Gly,ANI0FIZAK,PAY0YMULZ,LIN0ECMCR
DRG0BMFTW,TWI857167B IC-79,Investigative,,Trastuzumab,TWI857167B-IC-78-PAYLOAD,Aminobenzazepine-linker Formula II-3,ANI0FIZAK,PAY0LYJAQ,LIN0MDQYJ
DRG0BMIWU,TWI857167B IC-6,Investigative,,Trastuzumab,TWI857167B-IC-6-PAYLOAD,Aminobenzazepine-linker Formula II-3,ANI0FIZAK,PAY0UXJHR,LIN0MDQYJ
DRG0BNGHR,WO2019126691A1 Conjugate No.71,Investigative,,Trastuzumab,Conjugate No.57 Payload,Conjugate No.71 Linker,ANI0FIZAK,PAY0FYHWB,LIN0WENVS
DRG0BNLAB,IGAC-96,Investigative,,Trastuzumab,CC-885,IG-L-73 linker,ANI0FIZAK,PAY0OWPRN,LIN0MWKRX
DRG0BOIVW,HK40112172A  Antibody-drug conjugate (15),Investigative,,Trastuzumab,LT4212552T ADC13 payload,Mc-Gly-Gly-Phe-Gly,ANI0FIZAK,PAY0SSVIQ,LIN0ECMCR
DRG0BOZLL,AU2017363246B2 Conjugate31A,Investigative,,Trastuzumab,AU2017363246B2+Conjugate31+Payload,AU2017363246B2+Conjugate31+Linker,ANI0FIZAK,PAY0EBVJC,LIN0AUCGW
DRG0BPSCK,AB185-ADL5-D11,Investigative,,Trastuzumab,D11 payload,Mc-Val-Cit-PAB (Qamine) linker,ANI0FIZAK,PAY0VXGOA,LIN0UJZNU
DRG0BQFSK,TWI857167B IC-10,Investigative,,Trastuzumab,TWI857167B-IC-10-PAYLOAD,TWI857167B-IC-1-LINKER,ANI0FIZAK,PAY0RSWLD,LIN0DQCFL
DRG0BQOOU,Tras-16a,Investigative,,Trastuzumab,14a 39321689,Mc-Gly-Gly-Phe-Gly,ANI0FIZAK,PAY0FVCWT,LIN0ECMCR
DRG0BRBOI,CN118873678A ADC-10,Investigative,,Trastuzumab,Undisclosed,Undisclosed,ANI0FIZAK,,
DRG0BRDVR,US12144865B2 2e,Investigative,,Trastuzumab,Undisclosed,Undisclosed,ANI0FIZAK,,
DRG0BRKWV,IN202417100055A Reference Example 2,Investigative,,Trastuzumab,Undisclosed,Undisclosed,ANI0FIZAK,,
DRG0BSDAT,US20250018051A1 IaⅦ,Investigative,,Trastuzumab,US20250018038A1+IaV+payload,Mc-Val-Ala-PABC,ANI0FIZAK,PAY0ERBVW,LIN0OXUQL
DRG0BSHBL,HER2-ADC-014,Investigative,,Trastuzumab,DL017-payload; DL003-payload,DL017-Linker; DL003-Linker,ANI0FIZAK,PAY0EDCAQ,LIN0XZDDQ
DRG0BTPAK,US20220226492A1 Immunoconjugate R1,Investigative,,Trastuzumab,Undisclosed,Undisclosed,ANI0FIZAK,,
DRG0BTRJJ,US12144865B2 40e,Investigative,,Trastuzumab,Undisclosed,Undisclosed,ANI0FIZAK,,
DRG0BUKQB,EP4090377A1 EP4090377A1 221,Investigative,,Trastuzumab,Undisclosed,Undisclosed,ANI0FIZAK,,
DRG0BUKTX,39410752 ADC (6),Investigative,,Trastuzumab,Monomethyl auristatin E,Mal-Exo-EEVC,ANI0FIZAK,PAY0FSXOW,LIN0CKKUQ
DRG0BUUEJ,TWI857167B IC-1,Investigative,,Trastuzumab,TWI857167B-IC-1-PAYLOAD,TWI857167B-IC-1-LINKER,ANI0FIZAK,PAY0HZILY,LIN0DQCFL
DRG0BVCLI,AU2023226367A1-23,Investigative,,Trastuzumab,RU20241285-23-payload,RU20241285-23-linker,ANI0FIZAK,PAY0PHHQL,LIN0LBUAD
DRG0BVSIX,IGAC-42,Investigative,,Trastuzumab,IG-L-18 Payload,IG-L-20 linker,ANI0FIZAK,PAY0XXBTA,LIN0WYKVR
DRG0BWRCR,LT4212552T ADC29,Investigative,,Trastuzumab,LT4212552T ADC49 payload,Mc-Gly-Gly-Phe-Gly,ANI0FIZAK,PAY0YMULZ,LIN0ECMCR
DRG0BWXRQ,WO2019126691A1 Conjugate No.46,Investigative,,Trastuzumab,Conjugate No.46 Payload,Conjugate No.46 Linker,ANI0FIZAK,PAY0IKZYY,LIN0VSQEM
DRG0BYEZZ,Trastuzumab-C-9,Investigative,,Trastuzumab,Undisclosed,KR1020250002133A Trastuzumab-C-9 Linker,ANI0FIZAK,,LIN0SMAZQ
DRG0BZEQE,CN113874046B ADC-5,Investigative,,Trastuzumab,CN113874046B-ADC-5-PAYLOAD,CN113874046B-ADC-5-LINKER,ANI0FIZAK,PAY0PONTS,LIN0PTDRJ
DRG0BZQJX,WO2024230301A1 ADC1a-DAR4,Investigative,,Trastuzumab,Undisclosed,Undisclosed,ANI0FIZAK,,
DRG0CATQH,TWI857167B IC-19,Investigative,,Trastuzumab,TWI857167B-IC-19-PAYLOAD,Aminobenzazepine-linker Formula II-3,ANI0FIZAK,PAY0EEAAI,LIN0MDQYJ
DRG0CBICE,CN114569739A ADC-2 (trastuzumab),Investigative,,Trastuzumab,Undisclosed,Undisclosed,ANI0FIZAK,,
DRG0CBLJK,TWI857167B IC-87,Investigative,,Trastuzumab,TWI857167B-IC-86-PAYLOAD,TWI857167B-IC-85-LINKER,ANI0FIZAK,PAY0QKXWV,LIN0NKRLZ
DRG0CBSUQ,36924655 ADC 7,Investigative,,Trastuzumab,Monomethyl auristatin E,Undisclosed,ANI0FIZAK,PAY0FSXOW,
DRG0CCENZ,CN114569739A ADC-1 (trastuzumab),Investigative,,Trastuzumab,Undisclosed,Undisclosed,ANI0FIZAK,,
DRG0CCICH,AU2020291014A1 IC-77,Investigative,,Trastuzumab,AU2020291014A1-Payload-35,Aminobenzazepine-linker Formula II-75,ANI0FIZAK,PAY0RBKOC,LIN0ZMSIA
DRG0CCOVW,Trastuzumab-MMAU (DAR4),Investigative,,Trastuzumab,Glucuronyl-monomethyl-auristatin E (MMAU),Val-Ser (beta-Glc) cleavable linker,ANI0FIZAK,PAY0ZJMHY,LIN0ODAGL
DRG0CDBRB,TZ-dSA3-12,Investigative,,Trastuzumab,diABZI STING agonist 3,Undisclosed,ANI0FIZAK,PAY0WDWDM,
DRG0CDOXW,39410752 ADC (4),Investigative,,Trastuzumab,Pyrene,Mc-EVC-PAB,ANI0FIZAK,PAY0QVXIZ,LIN0ETHBR
DRG0CDQNY,AU2020291014A1 IC-44,Investigative,,Trastuzumab,Undisclosed,Undisclosed,ANI0FIZAK,,
DRG0CDYFQ,37486969 ADC 46,Investigative,,Trastuzumab,STING Agonist  15,Undisclosed,ANI0FIZAK,PAY0BTODV,
DRG0CEEHT,HER2-ADC-001,Investigative,,Trastuzumab,DL001-payload; DL003-payload,DL001-Linker; DL003-Linker,ANI0FIZAK,PAY0DCVFG,LIN0BHGYV
DRG0CFCYH,EP4227309A4 ADC-7,Investigative,,Trastuzumab,Undisclosed,Undisclosed,ANI0FIZAK,,
DRG0CFMOA,EP4487874A1-3,Investigative,,Trastuzumab,Undisclosed,EP4487874A1-3linker,ANI0FIZAK,,LIN0CKTYQ
DRG0CGNUI,Trastuzumab- (VC-PABC-MMAE)2,Investigative,,Trastuzumab,Monomethyl auristatin E,Undisclosed,ANI0FIZAK,PAY0FSXOW,
DRG0CIBDJ,AU2023279443A1 Example A4,Investigative,,Trastuzumab,U-003,Undisclosed,ANI0FIZAK,PAY0MKGRB,
DRG0CILAQ,KR102754055B1 ADCProductionexampleNo.6,Investigative,,Trastuzumab,ADCProductionexampleNo.6Payload,ADCProductionexampleNo.6Linker,ANI0FIZAK,PAY0TOHCA,LIN0RKKFZ
DRG0CIYTG,WO2024222841A1 ADC42,Investigative,,Trastuzumab,B19,OXDc-VA-PAB (PEG),ANI0FIZAK,PAY0WQPKG,LIN0XOHOG
DRG0CJMGN,WO2024230301A1 ADC-6,Investigative,,Trastuzumab,Undisclosed,Undisclosed,ANI0FIZAK,,
DRG0CJTGY,AU2020291014A1 IC-29,Investigative,,Trastuzumab,AU2020291014A1-Payload-40,Undisclosed,ANI0FIZAK,PAY0OLNGZ,
DRG0CKBTD,TWI857167B IC-67,Investigative,,Trastuzumab,TWI857167B IC-67 payload,Aminobenzazepine-linker Formula II-72,ANI0FIZAK,PAY0EQMXU,LIN0PWBVA
DRG0CNPPV,IN202417100055A Reference Example 4,Investigative,,Trastuzumab,Undisclosed,Undisclosed,ANI0FIZAK,,
DRG0COMJI,HK40112172A Antibody-drug conjugate (6),Investigative,,Trastuzumab,LT4212552T ADC10 payload,HK40112172A+Antibody-drug conjugate (6)+Linker,ANI0FIZAK,PAY0MPNDV,LIN0LRJIF
DRG0CPYMY,Tras-5C,Investigative,,Trastuzumab,Undisclosed,Undisclosed,ANI0FIZAK,,
DRG0CQMMH,TWI857167B IC-83,Investigative,,Trastuzumab,TWI857167B IC-84 payload,Aminobenzazepine-linker Formula II-3,ANI0FIZAK,PAY0NVODZ,LIN0MDQYJ
DRG0CQSTR,Trastuzumab-MMAU (DAR8),Investigative,,Trastuzumab,Glucuronyl-monomethyl-auristatin E (MMAU),Val-Ser (beta-Glc) cleavable linker,ANI0FIZAK,PAY0ZJMHY,LIN0ODAGL
DRG0CRAUU,CN113943310A ADC-9,Investigative,,Trastuzumab,D-D14 payload,"CN113943310A, ADC-1, Linker",ANI0FIZAK,PAY0VSMWQ,LIN0VCYSS
DRG0CRMBH,TWI870307BAntibody-drug conjugate (18),Investigative,,Trastuzumab,TWI870307BAntibody-drug conjugate (12)Payload,LT4212552T-ADC-5-LINKER,ANI0FIZAK,PAY0KBTTL,LIN0YYCSZ
DRG0CTQMZ,AU2020291014A1 IC-33,Investigative,,Trastuzumab,Undisclosed,Undisclosed,ANI0FIZAK,,
DRG0CTZYX,IN202417100055A Reference Example A5,Investigative,,Trastuzumab,Undisclosed,Undisclosed,ANI0FIZAK,,
DRG0CUAVL,AB185-ADL5-D10,Investigative,,Trastuzumab,D10 payload,Mc-Val-Cit-PAB (Qamine) linker,ANI0FIZAK,PAY0WTFSJ,LIN0UJZNU
DRG0CUHYU,36924655 ADC 8,Investigative,,Trastuzumab,Monomethyl auristatin E,Undisclosed,ANI0FIZAK,PAY0FSXOW,
DRG0CVPXQ,KR102754055B1 ADCProductionexampleNo.8,Investigative,,Trastuzumab,ADCProductionexampleNo.8Payload,ADCProductionexampleNo.8Linker,ANI0FIZAK,PAY0UBXPF,LIN0NTQOX
DRG0CVQVO,CN115594732A II-LD-017,Investigative,,Trastuzumab,Undisclosed,Undisclosed,ANI0FIZAK,,
DRG0CXOUU,JP7560255B2 ControlADC45,Investigative,,Trastuzumab,Undisclosed,Undisclosed,ANI0FIZAK,,
DRG0CXYRB,36924655 ADC 15,Investigative,,Trastuzumab,Monomethyl auristatin E,Undisclosed,ANI0FIZAK,PAY0FSXOW,
DRG0CXZWL,CN118873678A ADC-8,Investigative,,Trastuzumab,Undisclosed,Undisclosed,ANI0FIZAK,,
DRG0CYSJW,AU2020291014A1 IC-4,Investigative,,Trastuzumab,AU2020291014A1-Payload-2,Aminobenzazepine-linker Formula II-5,ANI0FIZAK,PAY0NTXJX,LIN0SHCUT
DRG0CYXOB,37486969 ADC 38,Investigative,,Trastuzumab,STING Agonist  6,Undisclosed,ANI0FIZAK,PAY0VZVUD,
DRG0CYYOJ,TWI857167B IC-76,Investigative,,Trastuzumab,TWI857167B-IC-75-PAYLOAD,Aminobenzazepine-linker Formula II-3,ANI0FIZAK,PAY0DQSBS,LIN0MDQYJ
DRG0DAGVP,EP4487874A1-20,Investigative,,Trastuzumab,Undisclosed,EP4487874A1-20linker,ANI0FIZAK,,LIN0QELJC
DRG0DAVTA,WO2024230301A1 ADC-2,Investigative,,Trastuzumab,Undisclosed,Undisclosed,ANI0FIZAK,,
DRG0DBCZX,US12144865B2 44e,Investigative,,Trastuzumab,Undisclosed,Undisclosed,ANI0FIZAK,,
DRG0DBXDA,Trastuzumab-GDP-D-P2/P4-P2-GGFG-Dxd,Investigative,,Trastuzumab,DX-8951 derivative (DXd),CN119326907A Trastuzumab-GDP-D-P2/P4-P2-GGFG-Dxd Linker,ANI0FIZAK,PAY0UXDSB,LIN0TFQQP
DRG0DDXQJ,IN202417100055A Reference Example A3b,Investigative,,Trastuzumab,Undisclosed,Undisclosed,ANI0FIZAK,,
DRG0DEGBA,AU2023226367A1-15,Investigative,,Trastuzumab,RU20241285-15-payload,RU20241285-15-linker,ANI0FIZAK,PAY0KTDUX,LIN0ZEAOW
DRG0DFLPS,US20220226492A1 Immunoconjugate H,Investigative,,Trastuzumab,Undisclosed,Undisclosed,ANI0FIZAK,,
DRG0DGQVA,AB185-ADL1-D8,Investigative,,Trastuzumab,D8 payload,Mc-Val-Cit-PABC,ANI0FIZAK,PAY0IXBLN,LIN0SQEDQ
DRG0DGRZQ,IGAC-99,Investigative,,Trastuzumab,IG-L-76 Payload,IG-L-76 linker,ANI0FIZAK,PAY0ZZOMV,LIN0DYDTQ
DRG0DHEAI,37307297 ADC 6,Investigative,,Trastuzumab,FD-1,Undisclosed,ANI0FIZAK,PAY0AGJNY,
DRG0DHGQI,WO2019126691A1 Conjugate No.94,Investigative,,Trastuzumab,Conjugate No.94 Payload,Conjugate No.94 Linker,ANI0FIZAK,PAY0INIAW,LIN0QRNFV
DRG0DIOTU,AU2020291014A1 IC-56,Investigative,,Trastuzumab,Undisclosed,Undisclosed,ANI0FIZAK,,
DRG0DJFLI,T-Ed9,Investigative,,Trastuzumab,Ed9,Mc-Gly-Gly-Phe-Gly,ANI0FIZAK,PAY0IJDGO,LIN0ECMCR
DRG0DJJML,IN202417100055A Reference Example A14,Investigative,,Trastuzumab,Undisclosed,Undisclosed,ANI0FIZAK,,
DRG0DJMHK,HC-A140C-1b,Investigative,,Trastuzumab,Monomethyl auristatin E,Undisclosed,ANI0FIZAK,PAY0FSXOW,
DRG0DKPEI,Trastuzumab-Compound 30,Investigative,,Trastuzumab,Exatecan,Mal-amido-PEG8-acid,ANI0FIZAK,PAY0LEIGJ,LIN0KRUKR
DRG0DKZVY,HC-A140C-4,Investigative,,Trastuzumab,Monomethyl auristatin E,Undisclosed,ANI0FIZAK,PAY0FSXOW,
DRG0DLIEM,IGAC-77,Investigative,,Trastuzumab,IG-L-40 Payload,IG-L-40 linker,ANI0FIZAK,PAY0GENBO,LIN0RQPLS
DRG0DLJWZ,AU2023279443A1 Example A10,Investigative,,Trastuzumab,Ac-Exatecan,"AU2023279443A1, Example A10, Linker",ANI0FIZAK,PAY0GCLLM,LIN0CWEYP
DRG0DLSHL,TWI857167B IC-3,Investigative,,Trastuzumab,TWI857167B-IC-3-PAYLOAD,Aminobenzazepine-linker Formula II-3,ANI0FIZAK,PAY0YERZQ,LIN0MDQYJ
DRG0DLSWO,TWI857167B IC-64,Investigative,,Trastuzumab,TWI857167B IC-74 payload,Aminobenzazepine-linker Formula II-72,ANI0FIZAK,PAY0CFWKE,LIN0PWBVA
DRG0DLVDC,LT4212552T ADC12,Investigative,,Trastuzumab,LT4212552T-ADC-12-PAYLOAD,Mc-Gly-Gly-Phe-Gly,ANI0FIZAK,PAY0SCDIC,LIN0ECMCR
DRG0DMGRD,TWI857167B IC-44,Investigative,,Trastuzumab,TWI857167B-IC-44-PAYLOAD,Aminobenzazepine-linker Formula II-3,ANI0FIZAK,PAY0RYSIU,LIN0MDQYJ
DRG0DMISW,CN115515644A ADC-3-b,Investigative,,Trastuzumab,CN115515644A ADC-1-a Payload,CN115515644A ADC-3-a Linker,ANI0FIZAK,PAY0OUOKN,LIN0EHJSW
DRG0DODVR,CN114306633A A-1,Investigative,,Pertuzumab,Monomethyl auristatin E,CN114306633A-A-1-linker,ANI0XJJLY,PAY0FSXOW,LIN0VVSAN
DRG0DOGFC,KR102754055B1 ADCProductionexampleNo.16,Investigative,,Trastuzumab,ADCProductionexampleNo.16Payload,ADCProductionexampleNo.16Linker,ANI0FIZAK,PAY0FLQUN,LIN0KQPHW
DRG0DOWMY,WO2024230301A1 ADC-8,Investigative,,Trastuzumab,Undisclosed,Undisclosed,ANI0FIZAK,,
DRG0DQEDT,HER2-ADC-015,Investigative,,Trastuzumab,DL017-payload; DL003-payload,DL017-Linker; DL003-Linker,ANI0FIZAK,PAY0EDCAQ,LIN0XZDDQ
DRG0DQFOT,CN117750982A ADC65,Investigative,,Trastuzumab,CN117750982A ADC62 Payload,CN117750982A ADC61 Linker,ANI0FIZAK,PAY0CNYYV,LIN0XDNGE
DRG0DRUFZ,HK40112172A  Antibody-drug conjugate (8),Investigative,,Trastuzumab,LT4212552T ADC10 payload,HK40112172A+Antibody-drug conjugate (7)+Linker,ANI0FIZAK,PAY0MPNDV,LIN0BGOTS
DRG0DSSZL,36924655 ADC 13,Investigative,,Trastuzumab,Monomethyl auristatin E,Undisclosed,ANI0FIZAK,PAY0FSXOW,
DRG0DTDAY,CN115594732A II-LD-019,Investigative,,Trastuzumab,Undisclosed,Undisclosed,ANI0FIZAK,,
DRG0DTDSW,HK40112172A Antibody-drug conjugate (39),Investigative,,Trastuzumab,HK40112172A+Antibody-drug conjugate (39)+payload,HK40112172A+Antibody-drug conjugate (39)+Linker,ANI0FIZAK,PAY0GFNVW,LIN0ZRXBA
DRG0DTMIS,37307297 ADC 14,Investigative,,Trastuzumab,FD-3,Undisclosed,ANI0FIZAK,PAY0SFZMH,
DRG0DUEQH,TWI870307BAntibody-drug conjugate (37),Investigative,,Trastuzumab,LT4212552T ADC37 payload,TWI870307BAntibody-drug conjugate (36)Linker,ANI0FIZAK,PAY0THLVA,LIN0GWAUV
DRG0DVMKG,AB185-ADL1-D3,Investigative,,Trastuzumab,D3 Payload payload,Undisclosed,ANI0FIZAK,PAY0QRFWO,
DRG0DWNFW,AU2020291014A1 IC-2,Investigative,,Trastuzumab,AU2020291014A1-Payload-3,Aminobenzazepine-linker Formula II-3,ANI0FIZAK,PAY0QFTZO,LIN0MDQYJ
DRG0DXOKC,AU2023279443A1 Example A1,Investigative,,Trastuzumab,Monomethyl auristatin E,Undisclosed,ANI0FIZAK,PAY0FSXOW,
DRG0DXVOY,AU2020291014A1 IC-55,Investigative,,Trastuzumab,Undisclosed,Undisclosed,ANI0FIZAK,,
DRG0DYBJK,AU2023279443A1 Example A8,Investigative,,Trastuzumab,Monomethyl auristatin E,RU20241285-9-linker,ANI0FIZAK,PAY0FSXOW,LIN0LOHLV
DRG0DYXAA,TWI870307BAntibody-drug conjugate (30),Investigative,,Trastuzumab,TWI870307BAntibody-drug conjugate (26)Payload,TWI870307BAntibody-drug conjugate (26)Linker,ANI0FIZAK,PAY0RIHYV,LIN0RKJOP
DRG0DZMRG,AU2020291014A1 IC-12,Investigative,,Trastuzumab,AU2020291014A1-Payload-18,Aminobenzazepine-linker Formula II-17,ANI0FIZAK,PAY0QESNA,LIN0HFQBD
DRG0EACVM,TWI857167B IC-23,Investigative,,Trastuzumab,TWI857167B-IC-23-PAYLOAD,Aminobenzazepine-linker Formula II-3,ANI0FIZAK,PAY0ZUYWW,LIN0MDQYJ
DRG0EALES,KR102754055B1 ADCProductionexampleNo.24,Investigative,,Trastuzumab,Undisclosed,Undisclosed,ANI0FIZAK,,
DRG0EBHSO,LT4212552T ADC25,Investigative,,Trastuzumab,LT4212552T ADC25 payload,LT4212552T-ADC-24-LINKER,ANI0FIZAK,PAY0BCEPO,LIN0TYQDK
DRG0ECBXO,AU2023226367A1-13,Investigative,,Trastuzumab,DX-8951 derivative (DXd),RU20241285-13-linker,ANI0FIZAK,PAY0UXDSB,LIN0BPIYQ
DRG0ECILA,AB185-ADL12-D1 3,Investigative,,Trastuzumab,D1 payload,Mal- (CH2)6- linker,ANI0FIZAK,PAY0GUTRW,LIN0NKYME
DRG0ECJFS,37307297 ADC 2,Investigative,,Trastuzumab,FD-1,Undisclosed,ANI0FIZAK,PAY0AGJNY,
DRG0ECRQZ,ZA202500415A-ADC Example 1,Investigative,,Trastuzumab,NMT inhibitor 1,ZA202500415A-ADC-Example-1-Linker,ANI0FIZAK,PAY0WTZYO,LIN0NOHRM
DRG0ECTDC,WO2024230301A1 ADC-10,Investigative,,Trastuzumab,Undisclosed,Undisclosed,ANI0FIZAK,,
DRG0EDRHX,CN118873678A ADC-3,Investigative,,Trastuzumab,Undisclosed,Undisclosed,ANI0FIZAK,,
DRG0EDSYB,AB185-ADL12-D21,Investigative,,Trastuzumab,D21 payload,Mal- (CH2)6- linker,ANI0FIZAK,PAY0RPRPM,LIN0NKYME
DRG0EFICN,TWI857167B IC-55,Investigative,,Trastuzumab,TWI857167B-IC-55-PAYLOAD,Aminobenzazepine-linker Formula II-72,ANI0FIZAK,PAY0IHXVC,LIN0PWBVA
DRG0EFIRN,AU2020291014A1 IC-6,Investigative,,Trastuzumab,Undisclosed,Undisclosed,ANI0FIZAK,,
DRG0EFYZM,AB185-ADL1-D1,Investigative,,Trastuzumab,D1 payload,Mc-Val-Cit-PABC,ANI0FIZAK,PAY0GUTRW,LIN0SQEDQ
DRG0EGCEP,CH-2-593,Investigative,,Trastuzumab,Undisclosed,Undisclosed,ANI0FIZAK,,
DRG0EGNOK,WO2019126691A1 Conjugate No.115,Investigative,,Trastuzumab,Conjugate No.112 Payload,Conjugate No.115 Linker,ANI0FIZAK,PAY0XGQDQ,LIN0MTENM
DRG0EGUAY,AU2023279443A1 Example A16,Investigative,,Trastuzumab,Eribulin,"AU2023279443A1, Example A16, Linker",ANI0FIZAK,PAY0JAEKD,LIN0OHIOM
DRG0EHBKA,US12144865B2 42e,Investigative,,Trastuzumab,Undisclosed,Undisclosed,ANI0FIZAK,,
DRG0EIMAJ,CN118873678A ADC-9,Investigative,,Trastuzumab,Undisclosed,Undisclosed,ANI0FIZAK,,
DRG0EIRSX,AU2023226367A1-4,Investigative,,Trastuzumab,RU20241285-4-payload,RU20241285-4-linker,ANI0FIZAK,PAY0QOIRX,LIN0ZOPDK
DRG0EISBU,LC-K149C-1a,Investigative,,Trastuzumab,Monomethyl auristatin E,Undisclosed,ANI0FIZAK,PAY0FSXOW,
DRG0EJEVZ,WO2023232144A1ADC24,Investigative,,Trastuzumab,"WO2025015586A1, ADC24, Payload",Mc-Val-Cit-PABC,ANI0FIZAK,PAY0RGUGK,LIN0SQEDQ
DRG0EJLKW,HER-E-48,Investigative,,Trastuzumab,WO2024020536A1+HER-E-48+payload,WO2024020536A1+HER-E-48+Linker,ANI0FIZAK,PAY0IECSD,LIN0ZLCBW
DRG0EJRAY,EP4227309A4 ADC-15,Investigative,,Trastuzumab,Undisclosed,Undisclosed,ANI0FIZAK,,
DRG0EKDRY,IN202417100055A Reference Example A17,Investigative,,Trastuzumab,Undisclosed,Undisclosed,ANI0FIZAK,,
DRG0EKRHR,CN114569739A ADC-3 (trastuzumab),Investigative,,Trastuzumab,Undisclosed,Undisclosed,ANI0FIZAK,,
DRG0ELHFH,TWI870307BAntibody-drug conjugate (12),Investigative,,Trastuzumab,TWI870307BAntibody-drug conjugate (12)Payload,Mc-Gly-Gly-Phe-Gly,ANI0FIZAK,PAY0KBTTL,LIN0ECMCR
DRG0EMKXQ,37222285 ADC 1,Investigative,,Trastuzumab,Auri E,Sulfatase-responsive linker,ANI0FIZAK,PAY0INCUX,LIN0AZEYN
DRG0EMPIU,HK40112172A Antibody-drug conjugate (43),Investigative,,Trastuzumab,LT4212552T ADC49 payload,HK40112172A+Antibody-drug conjugate (43)+Linker,ANI0FIZAK,PAY0YMULZ,LIN0BHJPQ
DRG0EMPUX,WO2024169913A1 ADC01-02-8,Investigative,,Trastuzumab,B19,Mc-Val-Cit-PABC,ANI0FIZAK,PAY0WQPKG,LIN0SQEDQ
DRG0EMXGV,AU2020291014A1 IC-92,Investigative,,Trastuzumab,AU2020291014A1-Payload-69,Aminobenzazepine-linker Formula II-69,ANI0FIZAK,PAY0CLMTG,LIN0MIYKG
DRG0EOVQB,36924655 ADC 28,Investigative,,Trastuzumab,Monomethyl auristatin E,Undisclosed,ANI0FIZAK,PAY0FSXOW,
DRG0EPEPL,US20220226492A1 Immunoconjugate V,Investigative,,Trastuzumab,Undisclosed,Undisclosed,ANI0FIZAK,,
DRG0EQPMD,IN202417100055A Reference Example A23,Investigative,,Trastuzumab,Undisclosed,Undisclosed,ANI0FIZAK,,
DRG0ERVAF,WO2024230301A1 ADC-7,Investigative,,Trastuzumab,Undisclosed,Undisclosed,ANI0FIZAK,,
DRG0ESNYL,AB185-ADL15-D1,Investigative,,Trastuzumab,D1 payload,Mal-CH2CH2-O-CH2CH2- linker,ANI0FIZAK,PAY0GUTRW,LIN0VXLKE
DRG0ESVUI,Cy7-Ab,Investigative,,Trastuzumab,Heptamethine cyanine,Undisclosed,ANI0FIZAK,PAY0KTPSF,
DRG0ETPUE,Trastuzumab-GDP-D-P1/P1-P2-GGFG-Dxd,Investigative,,Trastuzumab,DX-8951 derivative (DXd),CN119326907A Trastuzumab-GDP-D-P1/P1-P2-GGFG-Dxd Linker,ANI0FIZAK,PAY0UXDSB,LIN0NHWGP
DRG0ETUIZ,US20220226492A1 Immunoconjugate M,Investigative,,Trastuzumab,Undisclosed,Undisclosed,ANI0FIZAK,,
DRG0ETZVF,IGAC-52,Investigative,,Trastuzumab,IG-L-36 Payload,IG-L-37 linker,ANI0FIZAK,PAY0AZZRB,LIN0HPLPU
DRG0EUXFW,TWI857167B IC-96,Investigative,,Trastuzumab,TWI857167B-IC-95-PAYLOAD,Undisclosed,ANI0FIZAK,PAY0LOKOS,
DRG0EVCPG,TWI857167B IC-89,Investigative,,Trastuzumab,TWI857167B-IC-88-PAYLOAD,Undisclosed,ANI0FIZAK,PAY0CKWVW,
DRG0EVGAF,TWI857167B IC-48,Investigative,,Trastuzumab,TWI857167B-IC-48-PAYLOAD,Aminobenzazepine-linker Formula II-3,ANI0FIZAK,PAY0GIEGV,LIN0MDQYJ
DRG0EVHLI,37486969 ADC 40,Investigative,,Trastuzumab,STING Agonist  4,Undisclosed,ANI0FIZAK,PAY0JQRNG,
DRG0EWMYJ,US20220226492A1 Immunoconjugate F,Investigative,,Trastuzumab,Undisclosed,Undisclosed,ANI0FIZAK,,
DRG0EWPDM,AU2020291014A1 IC-40,Investigative,,Trastuzumab,Undisclosed,Undisclosed,ANI0FIZAK,,
DRG0EXFFM,Trastuzumab-MMAE (K248),Investigative,,Trastuzumab,Monomethyl auristatin E,Undisclosed,ANI0FIZAK,PAY0FSXOW,
DRG0EXLKR,AB185-ADL14-D1,Investigative,,Trastuzumab,D14 payload,Mal-CH2CH2- linker,ANI0FIZAK,PAY0GBVMU,LIN0LBHGR
DRG0EXRMA,TWI870307BAntibody-drug conjugate (2),Investigative,,Trastuzumab,LT4212552T ADC10 payload,Mc-Gly-Gly-Phe-Gly,ANI0FIZAK,PAY0MPNDV,LIN0ECMCR
DRG0EXSNC,IGAC-98,Investigative,,Trastuzumab,IG-L-79 Payload,IG-L-75 linker,ANI0FIZAK,PAY0XQXEX,LIN0RYNNM
DRG0EXYKS,CN115429893A ADC2,Investigative,,Trastuzumab,CN115429893A ADC2 Payload,CB07 linker,ANI0FIZAK,PAY0HDVOT,LIN0TUWCX
DRG0EYDVD,TWI857167B IC-71,Investigative,,Trastuzumab,TWI857167B-IC-70-PAYLOAD,TWI857167B-IC-70-LINKER,ANI0FIZAK,PAY0THNUQ,LIN0KYPHY
DRG0EYVCI,EP4487874A1-2,Investigative,,Trastuzumab,EP4487874A1-2payload,RU20241285-1-linker,ANI0FIZAK,PAY0KTIBK,LIN0CZQEF
DRG0EZFNI,HK40112172A Antibody-drug conjugate (50),Investigative,,Trastuzumab,Undisclosed,Undisclosed,ANI0FIZAK,,
DRG0EZLUL,US11850287B2 IIIc,Investigative,,Trastuzumab,Undisclosed,Undisclosed,ANI0FIZAK,,
DRG0FAKDC,AU2023226367A1-22,Investigative,,Trastuzumab,RU20241285-22-payload,RU20241285-22-linker,ANI0FIZAK,PAY0RGYFP,LIN0QWARP
DRG0FAMZE,AB185-ADL1-D33,Investigative,,Trastuzumab,D33 payload,Mc-Val-Cit-PABC,ANI0FIZAK,PAY0TFSSR,LIN0SQEDQ
DRG0FAZRF,IGAC-23,Investigative,,Trastuzumab,IG-L-11 Payload,MP-Ala-Ala-PAB,ANI0FIZAK,PAY0DLRWI,LIN0SIBWN
DRG0FBJRF,TWI870307BAntibody-drug conjugate (43),Investigative,,Trastuzumab,LT4212552T ADC49 payload,TWI870307BAntibody-drug conjugate (6)Linker,ANI0FIZAK,PAY0YMULZ,LIN0UMUVI
DRG0FCLRK,AU2023279443A1 Example A22,Investigative,,Trastuzumab,Eribulin,"AU2023279443A1, Example A22, Linker",ANI0FIZAK,PAY0JAEKD,LIN0SQDNI
DRG0FCQKZ,38354417 T-DL13,Investigative,,Trastuzumab,FD6,MT-GGFG-AM,ANI0FIZAK,PAY0BATPH,LIN0VGFMG
DRG0FCVCM,AU2023226367A1-8,Investigative,,Trastuzumab,Monomethyl auristatin E,RU20241285-8-linker,ANI0FIZAK,PAY0FSXOW,LIN0RVDVM
DRG0FDDJW,LC-K149C-3,Investigative,,Trastuzumab,Monomethyl auristatin E,Undisclosed,ANI0FIZAK,PAY0FSXOW,
DRG0FDLHR,37486969 ADC 36,Investigative,,Trastuzumab,STING Agonist  6,Undisclosed,ANI0FIZAK,PAY0VZVUD,
DRG0FEGMA,TWI857167B IC-111,Investigative,,Trastuzumab,TWI857167B-IC-110-PAYLOAD,Undisclosed,ANI0FIZAK,PAY0REHXE,
DRG0FFDNX,TWI870307BAntibody-drug conjugate (26),Investigative,,Trastuzumab,TWI870307BAntibody-drug conjugate (26)Payload,TWI870307BAntibody-drug conjugate (26)Linker,ANI0FIZAK,PAY0RIHYV,LIN0RKJOP
DRG0FFHVO,AU2023279443A1 Comparative Control Compound-2,Investigative,,Trastuzumab,Eribulin,Mal-PEG2-Val-Cit-PAB,ANI0FIZAK,PAY0JAEKD,LIN0QFEOD
DRG0FFLZG,WO2019126691A1 Conjugate No.67,Investigative,,Trastuzumab,Conjugate No.67 Payload,Conjugate No.67 Linker,ANI0FIZAK,PAY0HSKTY,LIN0FNLNU
DRG0FFOQP,HER2-ADC-011,Investigative,,Trastuzumab,DL014-payload; DL003-payload,DL014-Linker; DL003-Linker,ANI0FIZAK,PAY0ADGHB,LIN0FHCLL
DRG0FGRFE,US12144865B2 41e,Investigative,,Trastuzumab,Undisclosed,Undisclosed,ANI0FIZAK,,
DRG0FGVLX,CN118873678A ADC-4,Investigative,,Trastuzumab,Undisclosed,Undisclosed,ANI0FIZAK,,
DRG0FHIKQ,AZO-ADC-4,Investigative,,Trastuzumab,Monomethyl auristatin E,Solubilizing group-PEG4-Hypoxia sensitive linker-Azobenzene,ANI0FIZAK,PAY0FSXOW,LIN0KISOB
DRG0FIFXY,CN117750982A ADC61,Investigative,,Trastuzumab,CN117750982A ADC58 Payload,CN117750982A ADC61 Linker,ANI0FIZAK,PAY0JJZCN,LIN0XDNGE
DRG0FINFN,CN117750982A ADC59,Investigative,,Trastuzumab,CN117750982A ADC58 Payload,CN117750982A ADC59 Linker,ANI0FIZAK,PAY0JJZCN,LIN0OBJWM
DRG0FJCDU,38850783 ADC 3,Investigative,,Trastuzumab,Mertansine DM1,Dimaleimide linker 3,ANI0FIZAK,PAY0JCIBW,LIN0BSULK
DRG0FJCIH,37828728 ADC 4,Investigative,,Trastuzumab,Exatecan,P5 (PEG12)-VA-PAB,ANI0FIZAK,PAY0LEIGJ,LIN0FYKUS
DRG0FJXTN,39235949 anti-HER2-3,Investigative,,Trastuzumab,Undisclosed,Undisclosed,ANI0FIZAK,,
DRG0FKACV,AU2023226367A1-6,Investigative,,Trastuzumab,RU20241285-6-payload,RU20241285-6-linker,ANI0FIZAK,PAY0EKOCC,LIN0WMMIT
DRG0FKBPI,Tras.D221N-MMAF (HEK WT),Investigative,,Trastuzumab,Monomethyl auristatin F,Undisclosed,ANI0FIZAK,PAY0QLDVX,
DRG0FLKHM,US20240245795A1 Antibody Conjugate 8,Investigative,,Trastuzumab,Undisclosed,Undisclosed,ANI0FIZAK,,
DRG0FLTNR,CN117750982A ADC58,Investigative,,Trastuzumab,CN117750982A ADC58 Payload,CN117750982A ADC58 Linker,ANI0FIZAK,PAY0JJZCN,LIN0FBRSM
DRG0FMSCM,AU2020291014A1 IC-50,Investigative,,Trastuzumab,Undisclosed,Undisclosed,ANI0FIZAK,,
DRG0FNCYX,TWI857167B IC-45,Investigative,,Trastuzumab,TWI857167B-IC-45-PAYLOAD,Aminobenzazepine-linker Formula II-72,ANI0FIZAK,PAY0NWGMH,LIN0PWBVA
DRG0FORAO,AU2023308528A1 ADC2 (DAR of 4),Investigative,,Trastuzumab,PBD-butanamide derivative,6-Maleimidocaproic acid,ANI0FIZAK,PAY0GQQXD,LIN0DSBFC
DRG0FOVVQ,KR102754055B1 ADCProductionexampleNo.21,Investigative,,Trastuzumab,ADCProductionexampleNo.20Payload,ADCProductionexampleNo.20Linker,ANI0FIZAK,PAY0LOFDO,LIN0SAYQO
DRG0FPAZF,AU2023279443A1 Example A12,Investigative,,Trastuzumab,U-035,"AU2023279443A1, Example A12, Linker",ANI0FIZAK,PAY0VMZLL,LIN0LEIDY
DRG0FPWMZ,CN119343374A ADC-S109,Investigative,,Trastuzumab,Undisclosed,Undisclosed,ANI0FIZAK,,
DRG0FPYWQ,DEVD ADC,Investigative,,Trastuzumab,Exatecan,MC-DEVD-PAB,ANI0FIZAK,PAY0LEIGJ,LIN0DFXMD
DRG0FQDZV,37486969 ADC 37,Investigative,,Trastuzumab,STING Agonist  6,Undisclosed,ANI0FIZAK,PAY0VZVUD,
DRG0FRBDJ,39410752 ADC (12),Investigative,,Trastuzumab,Monomethyl auristatin E,Mc-EVC-PAB,ANI0FIZAK,PAY0FSXOW,LIN0ETHBR
DRG0FSENS,IN202417100055A Reference Example A12,Investigative,,Trastuzumab,Undisclosed,Undisclosed,ANI0FIZAK,,
DRG0FSRZK,TWI857167B IC-85,Investigative,,Trastuzumab,TWI857167B-IC-85-PAYLOAD,TWI857167B-IC-82-LINKER,ANI0FIZAK,PAY0PTMLT,LIN0RAMFZ
DRG0FSWBO,AU2020291014A1 IC-20,Investigative,,Trastuzumab,AU2020291014A1-Payload-70,Aminobenzazepine-linker Formula II-31,ANI0FIZAK,PAY0PQSSO,LIN0ZMJRK
DRG0FSWTI,39337633 2ICy7-Ab,Investigative,,Trastuzumab,Diiodinated heptamethine cyanine,Undisclosed,ANI0FIZAK,PAY0RCNLZ,
DRG0FUQSG,CN116888123A ADC-7,Investigative,,Trastuzumab,D2 payload,LD1 linker,ANI0FIZAK,PAY0CIJOH,LIN0ZWUZC
DRG0FVWXR,WO2024230301A1 ADC-20,Investigative,,Trastuzumab,Undisclosed,Undisclosed,ANI0FIZAK,,
DRG0FWMEA,AU2023279443A1 Example A11,Investigative,,Trastuzumab,DX-8951 derivative (DXd),"AU2023279443A1, Example A10, Linker",ANI0FIZAK,PAY0UXDSB,LIN0CWEYP
DRG0FXKSD,US12144865B2 16e,Investigative,,Trastuzumab,Undisclosed,Undisclosed,ANI0FIZAK,,
DRG0FXXSJ,38888299 ADC 2,Investigative,,Trastuzumab,Monomethyl auristatin E,Tuneable thiol exchange linker 2,ANI0FIZAK,PAY0FSXOW,LIN0SUNZA
DRG0FXYXR,CN118924912A anti-HER2 ADC2,Investigative,,Trastuzumab,CN118924912A anti-HER2 ADC2 Payload,CN118924912A anti-HER2 ADC1 Linker,ANI0FIZAK,PAY0YIXFD,LIN0COVYL
DRG0FYKJY,LT4212552T ADC15,Investigative,,Trastuzumab,LT4212552T ADC37 payload,Undisclosed,ANI0FIZAK,PAY0THLVA,
DRG0FYYDD,AU2023226367A1-20,Investigative,,Trastuzumab,Topo1 inhibitor A,EP4487874A1-13linker,ANI0FIZAK,PAY0AXTTO,LIN0JDXVO
DRG0FZNGF,CN115515644A ADC-4-b,Investigative,,Trastuzumab,CN115515644A ADC-1-a Payload,CN115515644A ADC-4-a Linker,ANI0FIZAK,PAY0OUOKN,LIN0FBADK
DRG0GAMQT,CN113874046B ADC-1,Investigative,,Trastuzumab,Monomethyl auristatin E,CN113874046B-ADC-1-LINKER,ANI0FIZAK,PAY0FSXOW,LIN0FKHKP
DRG0GBFKZ,IGAC-63,Investigative,,Trastuzumab,IG-L-79 Payload,IG-L-46 linker,ANI0FIZAK,PAY0XQXEX,LIN0KUKHP
DRG0GBOYE,AU2023226367A1-2,Investigative,,Trastuzumab,U-030,RU20241285-1-linker,ANI0FIZAK,PAY0YIHNK,LIN0CZQEF
DRG0GCAJB,US12144865B2 11e,Investigative,,Trastuzumab,Undisclosed,Undisclosed,ANI0FIZAK,,
DRG0GCFRX,TWI857167B IC-43,Investigative,,Trastuzumab,TWI857167B-IC-43-PAYLOAD,Aminobenzazepine-linker Formula II-72,ANI0FIZAK,PAY0BZIVY,LIN0PWBVA
DRG0GDHSV,AU2023226367A1-24,Investigative,,Trastuzumab,RU20241285-23-payload,RU20241285-24-linker,ANI0FIZAK,PAY0PHHQL,LIN0VUHUL
DRG0GDKQU,Anti-Trop2- (Q295-mcMMAE)- (mc-A6),Investigative,,Trastuzumab,Monomethyl auristatin E,Undisclosed,ANI0FIZAK,PAY0FSXOW,
DRG0GDQMG,AU2020291014A1 IC-35,Investigative,,Trastuzumab,Undisclosed,Undisclosed,ANI0FIZAK,,
DRG0GECVY,IN202417100055A Reference Example A16,Investigative,,Trastuzumab,Undisclosed,Undisclosed,ANI0FIZAK,,
DRG0GEQJP,AB185-ADL5-D17,Investigative,,Trastuzumab,D17 payload,Mc-Val-Cit-PAB (Qamine) linker,ANI0FIZAK,PAY0GEDHK,LIN0UJZNU
DRG0GFBNX,37492000 ADC 7c (24h),Investigative,,Trastuzumab,Monomethyl auristatin E,TetraDVP based linker 2c,ANI0FIZAK,PAY0FSXOW,LIN0VAZZB
DRG0GGPSP,LT4212552T ADC24,Investigative,,Trastuzumab,LT4212552T ADC25 payload,LT4212552T-ADC-24-LINKER,ANI0FIZAK,PAY0BCEPO,LIN0TYQDK
DRG0GGXEL,LT4212552T ADC37,Investigative,,Trastuzumab,LT4212552T ADC37 payload,LT4212552T-ADC-36-LINKER,ANI0FIZAK,PAY0THLVA,LIN0LRWNK
DRG0GHQGX,TWI857167B IC-105,Investigative,,Trastuzumab,TWI857167B-IC-104-PAYLOAD,Undisclosed,ANI0FIZAK,PAY0EEDRE,
DRG0GIRPB,TWI857167B IC-59,Investigative,,Trastuzumab,TWI857167B-IC-59-PAYLOAD,Aminobenzazepine-linker Formula II-72,ANI0FIZAK,PAY0MMBQT,LIN0PWBVA
DRG0GIWMC,DS-24,Investigative,,Trastuzumab,DS-24 Payload,DS-24 Linker,ANI0FIZAK,PAY0GVRUD,LIN0XLIFR
DRG0GJFSW,37492000 ADC 6c (4h),Investigative,,Trastuzumab,Monomethyl auristatin E,TetraDVP based linker 1c,ANI0FIZAK,PAY0FSXOW,LIN0EZBSE
DRG0GLVWA,AB185-ADL5-D15,Investigative,,Trastuzumab,D15 payload,Mc-Val-Cit-PAB (Qamine) linker,ANI0FIZAK,PAY0YIGVY,LIN0UJZNU
DRG0GMBZN,T-VCR 6b,Investigative,,Trastuzumab,Vincristine (VCR),Mc-Val-Cit-PABC,ANI0FIZAK,PAY0LQKZE,LIN0SQEDQ
DRG0GMIGU,TWI857167B IC-77,Investigative,,Trastuzumab,TWI857167B-IC-50-PAYLOAD,Aminobenzazepine-linker Formula II-82,ANI0FIZAK,PAY0YQHCU,LIN0SWLZQ
DRG0GMQCG,CN113874046B ADC-4,Investigative,,Trastuzumab,Monomethyl auristatin E,CN113874046B-ADC-4-LINKER,ANI0FIZAK,PAY0FSXOW,LIN0BDRTN
DRG0GOHPS,LT4212552T ADC8,Investigative,,Trastuzumab,LT4212552T ADC10 payload,LT4212552T-ADC-8-LINKER,ANI0FIZAK,PAY0MPNDV,LIN0EHNXA
DRG0GOTES,US20220226492A1 Immunoconjugate A,Investigative,,Trastuzumab,Undisclosed,Undisclosed,ANI0FIZAK,,
DRG0GQYTB,CN106714844B ADC-141,Investigative,,Trastuzumab,Mertansine DM1,Succinimidyl-4-(N-maleimidomethyl)cyclohexane-1-carboxylate (SMCC),ANI0FIZAK,PAY0JCIBW,LIN0EBJON
DRG0GRGND,AU2020291014A1 IC-21,Investigative,,Trastuzumab,Undisclosed,Undisclosed,ANI0FIZAK,,
DRG0GRGPX,CN115594732A I-LD013,Investigative,,Trastuzumab,Undisclosed,Undisclosed,ANI0FIZAK,,
DRG0GRVOE,HK40112172A Antibody-drug conjugate (19),Investigative,,Trastuzumab,HK40112172A+Antibody-drug conjugate (17)+payload,HK40112172A+Antibody-drug conjugate (17)+Linker,ANI0FIZAK,PAY0REJUA,LIN0KASZL
DRG0GSJFO,Tras-2C,Investigative,,Trastuzumab,Undisclosed,Undisclosed,ANI0FIZAK,,
DRG0GSLBN,Trastuzumab-TCO*A-5,Investigative,,Trastuzumab,Undisclosed,CN118574641A-Trastuzumab-TCO*A-5-linker,ANI0FIZAK,,LIN0DODXH
DRG0GTFKF,37492000 ADC 7a (24h),Investigative,,Trastuzumab,Monomethyl auristatin E,TetraDVP based linker 2a,ANI0FIZAK,PAY0FSXOW,LIN0GSSZI
DRG0GTGFT,CN118924912A anti-HER2 ADC8,Investigative,,Trastuzumab,CN118924912A anti-HER2 ADC8 Payload,CN118924912A anti-HER2 ADC1 Linker,ANI0FIZAK,PAY0OAQBG,LIN0COVYL
DRG0GTGHH,IN202417100055A Reference Example 5,Investigative,,Trastuzumab,Undisclosed,Undisclosed,ANI0FIZAK,,
DRG0GTKJA,37492000 ADC 6d (24h),Investigative,,Trastuzumab,Monomethyl auristatin E,TetraDVP based linker 1d,ANI0FIZAK,PAY0FSXOW,LIN0USDTJ
DRG0GTMIW,WO2024230301A1 ADC-3,Investigative,,Trastuzumab,Undisclosed,Undisclosed,ANI0FIZAK,,
DRG0GTRTA,Trastuzumab-GDP-D-P1/P2-P1-GGFG-Dxd,Investigative,,Trastuzumab,DX-8951 derivative (DXd),CN119326907A Trastuzumab-GDP-D-P1/P2-P1-GGFG-Dxd Linker,ANI0FIZAK,PAY0UXDSB,LIN0VTYZK
DRG0GUHBA,IGAC-75,Investigative,,Trastuzumab,IG-L-45 Payload,IG-L-45 linker,ANI0FIZAK,PAY0YZLJC,LIN0TAANW
DRG0GUHNH,WO2024222841A1 ADC40,Investigative,,Trastuzumab,(S)B19,OXDc-VA-PAB (Glu),ANI0FIZAK,PAY0ZHKZT,LIN0KKZRE
DRG0GVFWW,TWI857167B IC-11,Investigative,,Trastuzumab,TWI857167B-IC-11-PAYLOAD,Aminobenzazepine-linker Formula II-3,ANI0FIZAK,PAY0ZINFA,LIN0MDQYJ
DRG0GVRCA,CN118924912A anti-HER2 ADC6,Investigative,,Trastuzumab,CN118924912A anti-HER2 ADC6 Payload,CN118924912A anti-HER2 ADC1 Linker,ANI0FIZAK,PAY0VQQZL,LIN0COVYL
DRG0GWHXP,AU2020291014A1 IC-11,Investigative,,Trastuzumab,AU2020291014A1-Payload-17,Aminobenzazepine-linker Formula II-17,ANI0FIZAK,PAY0ZVTBM,LIN0HFQBD
DRG0GWUNO,TWI857167B IC-35,Investigative,,Trastuzumab,TWI857167B-IC-35-PAYLOAD,TWI857167B-IC-35-LINKER,ANI0FIZAK,PAY0SWNLX,LIN0YDEXJ
DRG0GWXCW,37492000 ADC 7b (4h),Investigative,,Trastuzumab,Monomethyl auristatin E,TetraDVP based linker 2b,ANI0FIZAK,PAY0FSXOW,LIN0USLKN
DRG0GYCGP,CN118873678A ADC-7,Investigative,,Trastuzumab,Undisclosed,Undisclosed,ANI0FIZAK,,
DRG0GYVKB,TWI857167B IC-31,Investigative,,Trastuzumab,TWI857167B-IC-31-PAYLOAD,Aminobenzazepine-linker Formula II-3,ANI0FIZAK,PAY0NZPJE,LIN0MDQYJ
DRG0GZKII,AU2023226367A1-3,Investigative,,Trastuzumab,Auristatin E,RU20241285-3-linker,ANI0FIZAK,PAY0CZRPM,LIN0COOSV
DRG0GZTRC,IN202417100055A Reference Example A8,Investigative,,Trastuzumab,Undisclosed,Undisclosed,ANI0FIZAK,,
DRG0HAIXH,TWI857167B IC-68,Investigative,,Trastuzumab,TWI857167B-IC-67-PAYLOAD,Aminobenzazepine-linker Formula II-3,ANI0FIZAK,PAY0ABXKY,LIN0MDQYJ
DRG0HAKLP,CN115594732A I-LD014,Investigative,,Trastuzumab,Undisclosed,Undisclosed,ANI0FIZAK,,
DRG0HAWVY,AU2020291014A1 IC-87,Investigative,,Trastuzumab,AU2020291014A1-Payload-82,Aminobenzazepine-linker Formula II-82,ANI0FIZAK,PAY0ARDGN,LIN0SWLZQ
DRG0HBCRG,AU2023279443A1 Example A24,Investigative,,Trastuzumab,RU20241285-23-payload,"AU2023279443A1, Example A24, Linker",ANI0FIZAK,PAY0PHHQL,LIN0AVUFS
DRG0HBJXU,IGAC-35,Investigative,,Trastuzumab,IG-L-17 Payload,MP-Ala-Ala-PAB,ANI0FIZAK,PAY0PBRUK,LIN0SIBWN
DRG0HBRPK,AU2023279443A1 Example 4,Investigative,,Trastuzumab,U-031,"AU2023279443A1, Example 4, Linker",ANI0FIZAK,PAY0DQOZY,LIN0RSBPH
DRG0HBVXJ,HK40112172A Antibody-drug conjugate (31),Investigative,,Trastuzumab,LT4212552T ADC49 payload,Mc-Gly-Gly-Phe-Gly,ANI0FIZAK,PAY0YMULZ,LIN0ECMCR
DRG0HBZFV,AB185-ADL12-D2,Investigative,,Trastuzumab,D2 payload,Mal- (CH2)6- linker,ANI0FIZAK,PAY0CIJOH,LIN0NKYME
DRG0HCGVJ,CN116782954A ADC3-DAR4,Investigative,,Trastuzumab,Undisclosed,Undisclosed,ANI0FIZAK,,
DRG0HCRYP,US20240245795A1 Antibody Conjugate 2,Investigative,,Trastuzumab,Undisclosed,Undisclosed,ANI0FIZAK,,
DRG0HDMWX,TWI857167B IC-2 4.2,Investigative,,Trastuzumab,TWI857167B-IC-2-PAYLOAD,TWI857167B-IC-1-LINKER,ANI0FIZAK,PAY0XPUPU,LIN0DQCFL
DRG0HEXLR,Anti-Trop2- (Q295-mcMMAF)- (mcValCitPABC-A6),Investigative,,Trastuzumab,Monomethyl auristatin F,Undisclosed,ANI0FIZAK,PAY0QLDVX,
DRG0HFWRX,US12144865B2 1e,Investigative,,Trastuzumab,Undisclosed,Undisclosed,ANI0FIZAK,,
DRG0HGCRL,AU2017363246B2 Conjugate46A,Investigative,,Trastuzumab,AU2017363246B2+Conjugate46+Payload,AU2017363246B2+Conjugate46+Linker,ANI0FIZAK,PAY0OVOPO,LIN0IXQHR
DRG0HHATM,AU2023226367A1-12,Investigative,,Trastuzumab,DX-8951 derivative (DXd),RU20241285-12-linker,ANI0FIZAK,PAY0UXDSB,LIN0YIEXR
DRG0HHDQR,IGAC-57,Investigative,,Trastuzumab,SMol006,IG-L-16 linker,ANI0FIZAK,PAY0ERORN,LIN0FLPJH
DRG0HHKUD,WO2024230301A1 ADC-11,Investigative,,Trastuzumab,Undisclosed,Undisclosed,ANI0FIZAK,,
DRG0HIMBA,EP4227309A4 ADC-1,Investigative,,Trastuzumab,Undisclosed,Undisclosed,ANI0FIZAK,,
DRG0HJNAG,HER-E-46,Investigative,,Trastuzumab,WO2024020536A1+HER-E-44+payload,Mc-Gly-Gly-Phe-Gly,ANI0FIZAK,PAY0WSDZI,LIN0ECMCR
DRG0HJOAP,EP4227309A4 ADC-16,Investigative,,Trastuzumab,Undisclosed,Undisclosed,ANI0FIZAK,,
DRG0HJPLC,CN119343374A ADC-S423,Investigative,,Trastuzumab,Undisclosed,Undisclosed,ANI0FIZAK,,
DRG0HJXAV,Trastuzumab-C-7,Investigative,,Trastuzumab,Undisclosed,KR1020250002133A Trastuzumab-C-7 Linker,ANI0FIZAK,,LIN0KOZRM
DRG0HKLFV,BCN-linker-Dxd1,Investigative,,Trastuzumab,DX-8951 derivative (DXd),BCN-linker,ANI0FIZAK,PAY0UXDSB,LIN0PBVLM
DRG0HLJLC,CN119343374A ADC-S110,Investigative,,Trastuzumab,Undisclosed,Undisclosed,ANI0FIZAK,,
DRG0HMQZH,EP4227309A4 ADC-12,Investigative,,Trastuzumab,Undisclosed,Undisclosed,ANI0FIZAK,,
DRG0HNOZD,US20250018051A1 IaⅠ,Investigative,,Trastuzumab,US20250018038A1+IaI+payload,Mc-Val-Cit-PABC,ANI0FIZAK,PAY0ZZPNE,LIN0SQEDQ
DRG0HOAQU,38850783 ADC 1,Investigative,,Trastuzumab,Mertansine DM1,Dimaleimide linker 1,ANI0FIZAK,PAY0JCIBW,LIN0BLANA
DRG0HOKAO,Trastuzumab N221 (WT)-MMAF #1,Investigative,,Trastuzumab,Monomethyl auristatin F,Undisclosed,ANI0FIZAK,PAY0QLDVX,
DRG0HQHGX,US12144865B2 22e,Investigative,,Trastuzumab,Undisclosed,Undisclosed,ANI0FIZAK,,
DRG0HQVXK,US20220226492A1 Immunoconjugate J,Investigative,,Trastuzumab,Undisclosed,Undisclosed,ANI0FIZAK,,
DRG0HQXZG,AU2020291014A1 IC-59,Investigative,,Trastuzumab,Undisclosed,Undisclosed,ANI0FIZAK,,
DRG0HRXNV,Trastuzumab-LD1,Investigative,,Trastuzumab,Seco-DUBA,Trastuzumab-LD1-LINKER,ANI0FIZAK,PAY0SOSMQ,LIN0YJNOF
DRG0HSJJV,AU2023279443A1 Example 5,Investigative,,Trastuzumab,U-031,"AU2023279443A1, Example 5, Linker",ANI0FIZAK,PAY0DQOZY,LIN0XBIRK
DRG0HSPDL,TWI857167B IC-84,Investigative,,Trastuzumab,TWI857167B IC-84 payload,TWI857167B-IC-82-LINKER,ANI0FIZAK,PAY0NVODZ,LIN0RAMFZ
DRG0HTXTE,HK40112172A  Antibody-drug conjugate (20),Investigative,,Trastuzumab,HK40112172A+Antibody-drug conjugate (17)+payload,HK40112172A+Antibody-drug conjugate (17)+Linker,ANI0FIZAK,PAY0REJUA,LIN0KASZL
DRG0HVAPZ,KR102754055B1 ADCProductionexampleNo.15,Investigative,,Trastuzumab,ADCProductionexampleNo.15Payload,ADCProductionexampleNo.15Linker,ANI0FIZAK,PAY0ILZZB,LIN0OZGTI
DRG0HVNOH,US20220226492A1 Immunoconjugate O,Investigative,,Trastuzumab,Undisclosed,Undisclosed,ANI0FIZAK,,
DRG0HVWCM,Trastuzumab-GDP-D-P1/P1-C2-GGFG-Dxd,Investigative,,Trastuzumab,DX-8951 derivative (DXd),CN119326907A Trastuzumab-GDP-D-P1/P1-C2-GGFG-Dxd Linker,ANI0FIZAK,PAY0UXDSB,LIN0DSGXX
DRG0HXHNB,Trastuzumab-C-22,Investigative,,Trastuzumab,WO2023221971A1 NEC49-4 Payload,KR1020250002133A Trastuzumab-C-22 Linker,ANI0FIZAK,PAY0ZPJTZ,LIN0BXPIX
DRG0HXUPF,TWI857167B IC-99,Investigative,,Trastuzumab,TWI857167B-IC-98-PAYLOAD,TWI857167B-IC-97-LINKER,ANI0FIZAK,PAY0FAZCF,LIN0DOZVD
DRG0HXZIK,AU2023279443A1 Comparative Control Compound-1,Investigative,,Trastuzumab,Monomethyl auristatin E,Mc-Val-Cit-PABC,ANI0FIZAK,PAY0FSXOW,LIN0SQEDQ
DRG0HYAKW,WT ADC,Investigative,,Trastuzumab,Monomethyl auristatin E,Mc-Val-Cit-PABC,ANI0FIZAK,PAY0FSXOW,LIN0SQEDQ
DRG0HYQEY,Trop2-Saci- (mc-MMAF)- (mc-A6),Investigative,,Trastuzumab,Monomethyl auristatin F,Undisclosed,ANI0FIZAK,PAY0QLDVX,
DRG0HYSQQ,US20220226492A1 Immunoconjugate R,Investigative,,Trastuzumab,Undisclosed,Undisclosed,ANI0FIZAK,,
DRG0HYWSG,37307297 ADC 5,Investigative,,Trastuzumab,FD-1,Undisclosed,ANI0FIZAK,PAY0AGJNY,
DRG0HZFDD,HK40112172A Antibody-drug conjugate (42),Investigative,,Trastuzumab,Topo1 inhibitor B,Mc-Gly-Gly-Phe-Gly,ANI0FIZAK,PAY0LTEJZ,LIN0ECMCR
DRG0HZHNS,HER2-18,Investigative,,Trastuzumab,WL-14,Mc-Val-Cit-PABC,ANI0FIZAK,PAY0UYNEC,LIN0SQEDQ
DRG0IAAMF,HER-E-44,Investigative,,Trastuzumab,WO2024020536A1+HER-E-44+payload,WO2024020536A1+HER-E-44+Linker,ANI0FIZAK,PAY0WSDZI,LIN0QZPJV
DRG0IARUX,US20220226492A1 Immunoconjugate Q,Investigative,,Trastuzumab,Undisclosed,Undisclosed,ANI0FIZAK,,
DRG0IBBOT,US20250018051A1 IaⅡ,Investigative,,Trastuzumab,US20250018038A1+IaI+payload,TW202436324A+ADC-2+Linker,ANI0FIZAK,PAY0ZZPNE,LIN0PWVSZ
DRG0IBYRY,BCN-linker-Dxd4,Investigative,,Trastuzumab,DX-8951 derivative (DXd),BCN-linker,ANI0FIZAK,PAY0UXDSB,LIN0PBVLM
DRG0ICFMX,TWI857167B IC-16,Investigative,,Trastuzumab,TWI857167B-IC-16-PAYLOAD,Aminobenzazepine-linker Formula II-3,ANI0FIZAK,PAY0HMLJC,LIN0MDQYJ
DRG0IDKVJ,HER2-ADC-012,Investigative,,Trastuzumab,DL014-payload; DL003-payload,DL014-Linker; DL003-Linker,ANI0FIZAK,PAY0ADGHB,LIN0FHCLL
DRG0IDQUP,TWI857167B IC-114,Investigative,,Trastuzumab,TWI857167B-IC-113-PAYLOAD,Undisclosed,ANI0FIZAK,PAY0GTVAR,
DRG0IEAOG,TWI857167B IC-113,Investigative,,Trastuzumab,TWI857167B-IC-111-PAYLOAD,Undisclosed,ANI0FIZAK,PAY0ZNJZC,
DRG0IFLEW,WO2024230301A1 ADC-16,Investigative,,Trastuzumab,Undisclosed,Undisclosed,ANI0FIZAK,,
DRG0IFMFD,HER-E-36,Investigative,,Trastuzumab,WO2024020536A1+HER-E-36+payload,WO2024020536A1+HER-E-36+Linker,ANI0FIZAK,PAY0DABTO,LIN0YZFZP
DRG0IFZRT,Tra-CL2A-FL118 (11),Investigative,,Trastuzumab,Undisclosed,CL2A,ANI0FIZAK,,LIN0ZGCUP
DRG0IGCDK,HK40112172A Antibody-drug conjugate (47),Investigative,,Trastuzumab,LT4212552T ADC49 payload,Mc-Gly-Gly-Phe-Gly,ANI0FIZAK,PAY0YMULZ,LIN0ECMCR
DRG0IGJCA,Trastuzumab-GDP-D-P1/P2-C2-GGFG-Dxd,Investigative,,Trastuzumab,DX-8951 derivative (DXd),CN119326907A Trastuzumab-GDP-D-P1/P2-C2-GGFG-Dxd Linker,ANI0FIZAK,PAY0UXDSB,LIN0VXTGJ
DRG0IHKJN,IN202417100055A Reference Example A3,Investigative,,Trastuzumab,Undisclosed,Undisclosed,ANI0FIZAK,,
DRG0IHWCF,CN114615999B ADC-3,Investigative,,Trastuzumab,CN114615999B ADC-3 Payload,CN114615999B ADC-2 Linker,ANI0FIZAK,PAY0FYPYR,LIN0HVPQI
DRG0IIERR,AU2020291014A1 IC-34,Investigative,,Trastuzumab,Undisclosed,Undisclosed,ANI0FIZAK,,
DRG0IILSW,LC-K149C-2,Investigative,,Trastuzumab,Monomethyl auristatin E,Undisclosed,ANI0FIZAK,PAY0FSXOW,
DRG0IJCIO,37307297 ADC 1,Investigative,,Trastuzumab,FD-1,Mc-Val-Cit-PABC,ANI0FIZAK,PAY0AGJNY,LIN0SQEDQ
DRG0IJYLI,TWI857167B IC-115,Investigative,,Trastuzumab,Undisclosed,Undisclosed,ANI0FIZAK,,
DRG0IKGET,AU2023279443A1 Example A2,Investigative,,Trastuzumab,U-030,Undisclosed,ANI0FIZAK,PAY0YIHNK,
DRG0IKQCL,H2-921,Investigative,,Trastuzumab,SB743921,"CN118987256A, H2-921, Linker",ANI0FIZAK,PAY0ABISK,LIN0LZQWM
DRG0IKVHC,HK40112172A Antibody-drug conjugate (7),Investigative,,Trastuzumab,LT4212552T ADC10 payload,HK40112172A+Antibody-drug conjugate (7)+Linker,ANI0FIZAK,PAY0MPNDV,LIN0BGOTS
DRG0IKXTR,TWI870307BAntibody-drug conjugate (46),Investigative,,Trastuzumab,Undisclosed,Mc-Gly-Gly-Phe-Gly,ANI0FIZAK,,LIN0ECMCR
DRG0ILTED,EP4227309A4 ADC-13,Investigative,,Trastuzumab,Undisclosed,Undisclosed,ANI0FIZAK,,
DRG0IMHHM,KR102754055B1 ADCProductionexampleNo.3b,Investigative,,Trastuzumab,ADCProductionexampleNo.3bPayload,ADCProductionexampleNo.3aLinker,ANI0FIZAK,PAY0YERCN,LIN0VYJWF
DRG0IMHKN,WO2024169913A1 ADC01-08-8,Investigative,,Trastuzumab,B19,(Linker-02)MC-PEG-VA-PAB,ANI0FIZAK,PAY0WQPKG,LIN0GKUTR
DRG0IMLFZ,Trastuzumab N221 (WT)-MMAF #2,Investigative,,Trastuzumab,Monomethyl auristatin F,Undisclosed,ANI0FIZAK,PAY0QLDVX,
DRG0IMTHI,TWI857167B IC-2 2.4,Investigative,,Trastuzumab,TWI857167B-IC-2-PAYLOAD,TWI857167B-IC-1-LINKER,ANI0FIZAK,PAY0XPUPU,LIN0DQCFL
DRG0IMUOW,AB185-ADL5-D2 4.14,Investigative,,Trastuzumab,D2 payload,Mc-Val-Cit-PAB (Qamine) linker,ANI0FIZAK,PAY0CIJOH,LIN0UJZNU
DRG0INDIP,WO2019126691A1 Conjugate No.122,Investigative,,Trastuzumab,Conjugate No.94 Payload,Conjugate No.122 Linker,ANI0FIZAK,PAY0INIAW,LIN0CCITI
DRG0INDVC,CN119343374A ADC-TRA41C,Investigative,,Trastuzumab,Undisclosed,Undisclosed,ANI0FIZAK,,
DRG0IOATG,US12144865B2 39e,Investigative,,Trastuzumab,Undisclosed,Undisclosed,ANI0FIZAK,,
DRG0IOYUA,38850783 ADC 2,Investigative,,Trastuzumab,Mertansine DM1,Dimaleimide linker 2,ANI0FIZAK,PAY0JCIBW,LIN0GDQFL
DRG0IPVGT,AU2023226367A1-10,Investigative,,Trastuzumab,RU20241285-10-payload,RU20241285-10-linker,ANI0FIZAK,PAY0FEXYU,LIN0RYTZS
DRG0IQBQO,CN113943310A ADC-8,Investigative,,Trastuzumab,D-D12 payload,"CN113943310A, ADC-1, Linker",ANI0FIZAK,PAY0WBBGH,LIN0VCYSS
DRG0IQIJK,Anti-HER2_VCGP-Dex,Investigative,,Trastuzumab,Dexamethasone,Mal-ValCitGlyPro-OH,ANI0FIZAK,PAY0KYMRL,LIN0KKWJH
DRG0IQKWD,KR102754055B1 ADCProductionexampleNo.9,Investigative,,Trastuzumab,ADCProductionexampleNo.9Payload,ADCProductionexampleNo.9Linker,ANI0FIZAK,PAY0JSRTL,LIN0OAXVA
DRG0IQMIM,38354417 T-DL9,Investigative,,Trastuzumab,10NH2-11F-Camptothecin,MT-GGFG-AM,ANI0FIZAK,PAY0RINMR,LIN0VGFMG
DRG0ISGTS,TWI857167B IC-26,Investigative,,Trastuzumab,TWI857167B-IC-26-PAYLOAD,Aminobenzazepine-linker Formula II-3,ANI0FIZAK,PAY0SZJXZ,LIN0MDQYJ
DRG0ISVVG,37492000 ADC 7b (24h),Investigative,,Trastuzumab,Monomethyl auristatin E,TetraDVP based linker 2b,ANI0FIZAK,PAY0FSXOW,LIN0USLKN
DRG0ISYFC,TWI870307BAntibody-drug conjugate (31),Investigative,,Trastuzumab,TWI870307BAntibody-drug conjugate (26)Payload,TWI870307BAntibody-drug conjugate (26)Linker,ANI0FIZAK,PAY0RIHYV,LIN0RKJOP
DRG0ISYHY,Tras-DSPEK248,Investigative,,Trastuzumab,Undisclosed,Undisclosed,ANI0FIZAK,,
DRG0ITCNZ,HK40112172A Antibody-drug conjugate (2),Investigative,,Trastuzumab,HK40112172A+Antibody-drug conjugate (2)+payload,HK40112172A+Antibody-drug conjugate (2)+Linker,ANI0FIZAK,PAY0OZTND,LIN0NIEPV
DRG0ITEEO,AB185-ADL12-D1 3.3,Investigative,,Trastuzumab,D1 payload,Mal- (CH2)6- linker,ANI0FIZAK,PAY0GUTRW,LIN0NKYME
DRG0ITMOD,AU2017363246B2 Conjugate52,Investigative,,Trastuzumab,AU2017363246B2+Conjugate52+Payload,AU2017363246B2+Conjugate52+Linker,ANI0FIZAK,PAY0JGZAA,LIN0RZXLC
DRG0ITUYO,HK40112172A Antibody-drug conjugate (24),Investigative,,Trastuzumab,LT4212552T ADC25 payload,Mc-Gly-Gly-Phe-Gly,ANI0FIZAK,PAY0BCEPO,LIN0ECMCR
DRG0ITWEP,Anti-Trop2- (Q295-mcA6)- (mcMMMAF),Investigative,,Trastuzumab,Monomethyl auristatin F,Undisclosed,ANI0FIZAK,PAY0QLDVX,
DRG0ITYVC,37828728 ADC 3,Investigative,,Trastuzumab,Exatecan,P5 (PEG12)-VC-PAB,ANI0FIZAK,PAY0LEIGJ,LIN0SPEIC
DRG0IVHBY,US12144865B2 26e,Investigative,,Trastuzumab,Undisclosed,Undisclosed,ANI0FIZAK,,
DRG0IVSPC,Herceptin-RTX-5007,Investigative,,Trastuzumab,Undisclosed,Undisclosed,ANI0FIZAK,,
DRG0IVZNU,TWI857167B IC-116,Investigative,,Trastuzumab,TWI857167B-IC-115-PAYLOAD,Undisclosed,ANI0FIZAK,PAY0XOVNY,
DRG0IXUEN,HK40112172A  Antibody-drug conjugate (10),Investigative,,Trastuzumab,LT4212552T ADC10 payload,HK40112172A+Antibody-drug conjugate (7)+Linker,ANI0FIZAK,PAY0MPNDV,LIN0BGOTS
DRG0IYJXY,TWI870307BAntibody-drug conjugate (39),Investigative,,Trastuzumab,TWI870307BAntibody-drug conjugate (39)Payload,TWI870307BAntibody-drug conjugate (39)Linker,ANI0FIZAK,PAY0APSKA,LIN0LZFPV
DRG0IZKFW,Tra-25-6,Investigative,,Trastuzumab,PBX-7016,Mc-Gly-Gly-Phe-Gly,ANI0FIZAK,PAY0XMNZZ,LIN0ECMCR
DRG0IZQFD,36924655 ADC 11,Investigative,,Trastuzumab,Monomethyl auristatin E,Undisclosed,ANI0FIZAK,PAY0FSXOW,
DRG0IZQLR,HC-S400C-1b,Investigative,,Trastuzumab,Monomethyl auristatin E,Undisclosed,ANI0FIZAK,PAY0FSXOW,
DRG0JAOCO,IGAC-33,Investigative,,Trastuzumab,IG-L-16 Payload,IG-L-16 linker,ANI0FIZAK,PAY0LIGGX,LIN0FLPJH
DRG0JCDHN,WO2024230301A1 ADC-18,Investigative,,Trastuzumab,Undisclosed,Undisclosed,ANI0FIZAK,,
DRG0JCLOR,TWI857167B IC-7,Investigative,,Trastuzumab,TWI857167B-IC-7-PAYLOAD,Aminobenzazepine-linker Formula II-3,ANI0FIZAK,PAY0XYYLT,LIN0MDQYJ
DRG0JDWDD,36924655 ADC 30,Investigative,,Trastuzumab,Monomethyl auristatin E,Undisclosed,ANI0FIZAK,PAY0FSXOW,
DRG0JDWTH,IN202417100055A Reference Example A2,Investigative,,Trastuzumab,Undisclosed,Undisclosed,ANI0FIZAK,,
DRG0JEESK,US20250018051A1 Iaⅰ,Investigative,,Trastuzumab,US20250018038A1+IaIV+payload,Mc-Val-Ala-PABC,ANI0FIZAK,PAY0PYEJT,LIN0OXUQL
DRG0JFOFL,US20220226492A1 Immunoconjugate L,Investigative,,Trastuzumab,Undisclosed,Undisclosed,ANI0FIZAK,,
DRG0JFOUS,TWI870307BAntibody-drug conjugate (3),Investigative,,Trastuzumab,LT4212552T ADC10 payload,Mc-Gly-Gly-Phe-Gly,ANI0FIZAK,PAY0MPNDV,LIN0ECMCR
DRG0JGJPZ,AU2023279443A1 Example A17,Investigative,,Trastuzumab,Eribulin,"AU2023279443A1, Example A17, Linker",ANI0FIZAK,PAY0JAEKD,LIN0JLWZP
DRG0JGWZO,CN119343374A ADC-S426,Investigative,,Trastuzumab,Undisclosed,Undisclosed,ANI0FIZAK,,
DRG0JGYJX,IGAC-101,Investigative,,Trastuzumab,CC-885,IG-L-74 linker,ANI0FIZAK,PAY0OWPRN,LIN0XFNWY
DRG0JHWPA,TWI870307BAntibody-drug conjugate (20),Investigative,,Trastuzumab,TWI870307BAntibody-drug conjugate (12)Payload,HK40112172A+Antibody-drug conjugate (19)+Linker,ANI0FIZAK,PAY0KBTTL,LIN0SQXPH
DRG0JIHBB,AU2020291014A1 IC-53,Investigative,,Trastuzumab,Undisclosed,Undisclosed,ANI0FIZAK,,
DRG0JIWNQ,CN114569739A ADC-7 (trastuzumab),Investigative,,Trastuzumab,Undisclosed,Undisclosed,ANI0FIZAK,,
DRG0JLIGT,TWI857167B IC-27,Investigative,,Trastuzumab,TWI857167B-IC-27-PAYLOAD,Aminobenzazepine-linker Formula II-3,ANI0FIZAK,PAY0ZFAGR,LIN0MDQYJ
DRG0JLLUG,WO2024222841A1 ADC41,Investigative,,Trastuzumab,(S)B19,OXD-VA-PAB (Glu),ANI0FIZAK,PAY0ZHKZT,LIN0QQKAH
DRG0JLUAJ,HER2-17,Investigative,,Trastuzumab,WL-14,Mal-Val-Ala-PAB,ANI0FIZAK,PAY0UYNEC,LIN0BSKSQ
DRG0JLWXW,CN113943310A ADC-18,Investigative,,Trastuzumab,"WO2025015586A1, ADC34, Payload","CN113943310A, ADC-12, Linker",ANI0FIZAK,PAY0RXSLX,LIN0REOIZ
DRG0JNLBN,HK40112172A  Antibody-drug conjugate (16),Investigative,,Trastuzumab,LT4212552T ADC13 payload,Mc-Gly-Gly-Phe-Gly,ANI0FIZAK,PAY0SSVIQ,LIN0ECMCR
DRG0JNPJP,IGAC-39,Investigative,,Trastuzumab,SMol006,MP-Ala-Ala-PAB,ANI0FIZAK,PAY0ERORN,LIN0SIBWN
DRG0JNTUO,EP4487874A1-24,Investigative,,Trastuzumab,EP4487874A1-16payload,EP4487874A1-24linker,ANI0FIZAK,PAY0XQLJT,LIN0SCMJH
DRG0JOFIC,AB185-ADL1-D18,Investigative,,Trastuzumab,D18 payload,Mc-Val-Cit-PABC,ANI0FIZAK,PAY0XUFKL,LIN0SQEDQ
DRG0JOFOK,TWI857167B IC-118,Investigative,,Trastuzumab,TWI857167B-IC-117-PAYLOAD,Undisclosed,ANI0FIZAK,PAY0NEVOY,
DRG0JOMGD,NC18,Phase 1,Unspecific solid tumor,Trastuzumab,AF-HEA,PHF polymer linker,ANI0FIZAK,PAY0BNILB,LIN0CZDZW
DRG0JOMZC,38354417 T-DL3,Investigative,,Trastuzumab,FD2,MT-GGFG-AM,ANI0FIZAK,PAY0EESTN,LIN0VGFMG
DRG0JOPBK,AU2020291014A1 IC-90,Investigative,,Trastuzumab,Undisclosed,Undisclosed,ANI0FIZAK,,
DRG0JOWYH,WO2024169913A1 ADC07-02-4,Investigative,,Pertuzumab,B19,Mc-Val-Ala-PABC,ANI0XJJLY,PAY0WQPKG,LIN0OXUQL
DRG0JPBSV,Tras.D221N-MMAF (HEK GDLN),Investigative,,Trastuzumab,Monomethyl auristatin F,Undisclosed,ANI0FIZAK,PAY0QLDVX,
DRG0JPGXX,IgG (8)-m- (b-PEG12)-VC-MMAE,Investigative,,Trastuzumab,Monomethyl auristatin E,IgG (8)-m- (b-PEG12)-VC-MMAE,ANI0FIZAK,PAY0FSXOW,LIN0XFAOS
DRG0JPNPW,TWI857167B IC-112,Investigative,,Trastuzumab,TWI857167B-IC-111-PAYLOAD,Undisclosed,ANI0FIZAK,PAY0ZNJZC,
DRG0JQHKE,Trastuzumab-C-21,Investigative,,Trastuzumab,Undisclosed,KR1020250002133A Trastuzumab-C-21 Linker,ANI0FIZAK,,LIN0ERSEI
DRG0JQNLL,LT4212552T ADC5,Investigative,,Trastuzumab,LT4212552T ADC10 payload,LT4212552T-ADC-5-LINKER,ANI0FIZAK,PAY0MPNDV,LIN0YYCSZ
DRG0JRTDD,IGAC-17,Investigative,,Trastuzumab,IG-L-5 Payload,MP-Ala-Ala-PAB,ANI0FIZAK,PAY0QUZSU,LIN0SIBWN
DRG0JVWDH,IGAC-29,Investigative,,Trastuzumab,IG-L-12 Payload,MP-Ala-Ala-PAB,ANI0FIZAK,PAY0SJMNV,LIN0SIBWN
DRG0JVXOD,Per-5C,Investigative,,Pertuzumab,Undisclosed,Undisclosed,ANI0XJJLY,,
DRG0JWBZZ,BCN-linker-Dxd3,Investigative,,Trastuzumab,DX-8951 derivative (DXd),BCN-linker,ANI0FIZAK,PAY0UXDSB,LIN0PBVLM
DRG0JWQWG,AU2020291014A1 IC-70,Investigative,,Trastuzumab,Undisclosed,Undisclosed,ANI0FIZAK,,
DRG0JYDWH,CH-2-589,Investigative,,Trastuzumab,Undisclosed,Undisclosed,ANI0FIZAK,,
DRG0JYPBV,EP4487874A1-21,Investigative,,Trastuzumab,RU20241285-23-payload,RU20241285-19-linker,ANI0FIZAK,PAY0PHHQL,LIN0NSSSQ
DRG0JZAUY,IN202417100055A Reference Example 1,Investigative,,Trastuzumab,Undisclosed,Undisclosed,ANI0FIZAK,,
DRG0JZOBU,TWI857167B IC-38,Investigative,,Trastuzumab,TWI857167B IC-38 payload,Aminobenzazepine-linker Formula II-72,ANI0FIZAK,PAY0UZBYK,LIN0PWBVA
DRG0KAPXZ,CN118924912A anti-HER2 ADC16,Investigative,,Trastuzumab,CN118924912A anti-HER2 ADC16 Payload,CN118924912A anti-HER2 ADC1 Linker,ANI0FIZAK,PAY0EOIWZ,LIN0COVYL
DRG0KBBMJ,US12144865B2 36e,Investigative,,Trastuzumab,Undisclosed,Undisclosed,ANI0FIZAK,,
DRG0KBKUF,CN118924912A anti-HER2 ADC7,Investigative,,Trastuzumab,CN118924912A anti-HER2 ADC7 Payload,CN118924912A anti-HER2 ADC1 Linker,ANI0FIZAK,PAY0OOKJE,LIN0COVYL
DRG0KBKUR,IN202417100055A Reference Example 7,Investigative,,Trastuzumab,Undisclosed,Undisclosed,ANI0FIZAK,,
DRG0KBKYV,EP4487874A1-23,Investigative,,Trastuzumab,EP4487874A1-16payload,EP4487874A1-23linker,ANI0FIZAK,PAY0XQLJT,LIN0DUVAR
DRG0KBVGV,LT4212552T ADC49,Investigative,,Trastuzumab,LT4212552T ADC49 payload,Mc-Gly-Gly-Phe-Gly,ANI0FIZAK,PAY0YMULZ,LIN0ECMCR
DRG0KCFGR,IN202417100055A Reference Example A7,Investigative,,Trastuzumab,Undisclosed,Undisclosed,ANI0FIZAK,,
DRG0KCUFS,36924655 ADC 9,Investigative,,Trastuzumab,Monomethyl auristatin E,Undisclosed,ANI0FIZAK,PAY0FSXOW,
DRG0KEAKA,HK40112172A Antibody-drug conjugate (22),Investigative,,Trastuzumab,LT4212552T ADC10 payload,HK40112172A+Antibody-drug conjugate (7)+Linker,ANI0FIZAK,PAY0MPNDV,LIN0BGOTS
DRG0KEFDE,WO2019126691A1 Conjugate No.31,Investigative,,Trastuzumab,Conjugate No.31 Payload,Conjugate No.20 Linker,ANI0FIZAK,PAY0SYBKF,LIN0PHNFR
DRG0KEGPF,T-ADC-2,Investigative,,Trastuzumab,(S)B19,OXDc-VA-PAB (PEG),ANI0FIZAK,PAY0ZHKZT,LIN0XOHOG
DRG0KEKIK,HC-A118C-2,Investigative,,Trastuzumab,Monomethyl auristatin E,Undisclosed,ANI0FIZAK,PAY0FSXOW,
DRG0KEQBJ,EP4487874A1-6,Investigative,,Trastuzumab,EP4487874A1-6payload,RU20241285-4-linker,ANI0FIZAK,PAY0LJULN,LIN0ZOPDK
DRG0KEWAK,AU2023226367A1-19,Investigative,,Trastuzumab,Auristatin E,RU20241285-19-linker,ANI0FIZAK,PAY0CZRPM,LIN0NSSSQ
DRG0KGXHT,IGAC-58,Investigative,,Trastuzumab,SMol006,IG-L-63 linker,ANI0FIZAK,PAY0ERORN,LIN0WRFOD
DRG0KHCQM,CN118924912A anti-HER2 ADC10,Investigative,,Trastuzumab,CN118924912A anti-HER2 ADC10 Payload,CN118924912A anti-HER2 ADC1 Linker,ANI0FIZAK,PAY0NMDGR,LIN0COVYL
DRG0KHLIT,CN115594732A I-LD018B,Investigative,,Trastuzumab,Undisclosed,Undisclosed,ANI0FIZAK,,
DRG0KIKRO,TWI857167B IC-42,Investigative,,Trastuzumab,TWI857167B-IC-42-PAYLOAD,Aminobenzazepine-linker Formula II-72,ANI0FIZAK,PAY0IBDBJ,LIN0PWBVA
DRG0KLCTM,HK40112172A Antibody-drug conjugate (25),Investigative,,Trastuzumab,LT4212552T ADC25 payload,Mc-Gly-Gly-Phe-Gly,ANI0FIZAK,PAY0BCEPO,LIN0ECMCR
DRG0KLWLA,US20240245795A1 Antibody Conjugate 6,Investigative,,Trastuzumab,Exatecan,Undisclosed,ANI0FIZAK,PAY0LEIGJ,
DRG0KLXSD,CN113874046B ADC-2,Investigative,,Trastuzumab,CN113874046B-ADC-2-PAYLOAD,CN113874046B-ADC-2-LINKER,ANI0FIZAK,PAY0IKSQM,LIN0VBCPV
DRG0KMKID,WO2024230301A1 ADC-13,Investigative,,Trastuzumab,Undisclosed,Undisclosed,ANI0FIZAK,,
DRG0KNHTD,TWI857167B IC-72,Investigative,,Trastuzumab,Undisclosed,TWI857167B-IC-71-LINKER,ANI0FIZAK,,LIN0BMSFC
DRG0KOPOB,AB185-ADL1-D5,Investigative,,Trastuzumab,D5 payload,Mc-Val-Cit-PABC,ANI0FIZAK,PAY0JKEYR,LIN0SQEDQ
DRG0KOSPT,US20220226492A1 Immunoconjugate E,Investigative,,Trastuzumab,Undisclosed,Undisclosed,ANI0FIZAK,,
DRG0KOVNN,TWI857167B IC-73,Investigative,,Trastuzumab,TWI857167B-IC-69-PAYLOAD,TWI857167B-IC-72-LINKER,ANI0FIZAK,PAY0WQZAE,LIN0BWIPT
DRG0KQKHY,CN118924912A anti-HER2 ADC12,Investigative,,Trastuzumab,CN118924912A anti-HER2 ADC12 Payload,CN118924912A anti-HER2 ADC1 Linker,ANI0FIZAK,PAY0HWRRJ,LIN0COVYL
DRG0KQKKU,IGAC-68,Investigative,,Trastuzumab,IG-L-71 Payload,IG-L-71 linker,ANI0FIZAK,PAY0DDGJB,LIN0KYJPP
DRG0KQYUY,AU2017363246B2 Conjugate67,Investigative,,Trastuzumab,AU2017363246B2+Conjugate67+Payload,AU2017363246B2+Conjugate67+Linker,ANI0FIZAK,PAY0AKSDZ,LIN0UPOCC
DRG0KRARR,US12144865B2 29e,Investigative,,Trastuzumab,Undisclosed,Undisclosed,ANI0FIZAK,,
DRG0KRIUO,HK40112172A Antibody-drug conjugate (4),Investigative,,Trastuzumab,HK40112172A+Antibody-drug conjugate (4)+payload,HK40112172A+Antibody-drug conjugate (4)+Linker,ANI0FIZAK,PAY0MFWYB,LIN0ZVAWC
DRG0KRNSK,LT4212552T ADC22,Investigative,,Trastuzumab,LT4212552T ADC37 payload,LT4212552T-ADC-21-LINKER,ANI0FIZAK,PAY0THLVA,LIN0YVSLO
DRG0KSILR,37828728 ADC 1,Investigative,,Trastuzumab,Exatecan,P5 (OEt)-VC-PAB,ANI0FIZAK,PAY0LEIGJ,LIN0BATVU
DRG0KTKUD,WO2023047090A1-SN-38 reagent (11) ADC,Investigative,,Trastuzumab,Undisclosed,Undisclosed,ANI0FIZAK,,
DRG0KUBPX,LT4212552T ADC-3,Investigative,,Trastuzumab,LT4212552T ADC10 payload,Mc-Gly-Gly-Phe-Gly,ANI0FIZAK,PAY0MPNDV,LIN0ECMCR
DRG0KUPQD,TWI870307BAntibody-drug conjugate (49),Investigative,,Trastuzumab,Undisclosed,Mc-Gly-Gly-Phe-Gly,ANI0FIZAK,,LIN0ECMCR
DRG0KUPYU,US12144865B2 6e,Investigative,,Trastuzumab,Undisclosed,Undisclosed,ANI0FIZAK,,
DRG0KUTHP,BCN-linker-Dxd2,Investigative,,Trastuzumab,DX-8951 derivative (DXd),BCN-linker,ANI0FIZAK,PAY0UXDSB,LIN0PBVLM
DRG0KUWOC,Tras-4,Investigative,,Trastuzumab,US11141490B2-Tras-4-payload,Ethylmaleimide linker,ANI0FIZAK,PAY0JLNNY,LIN0BKHYU
DRG0KWFXF,EP4487874A1-11,Investigative,,Trastuzumab,EP4487874A1-11payload,RU20241285-9-linker,ANI0FIZAK,PAY0RYOWA,LIN0LOHLV
DRG0KXIVN,CN118873678A ADC-14,Investigative,,Trastuzumab,Undisclosed,Undisclosed,ANI0FIZAK,,
DRG0KZCLA,AU2020291014A1 IC-41,Investigative,,Trastuzumab,Undisclosed,Undisclosed,ANI0FIZAK,,
DRG0LABXJ,WO2024230301A1 ADC-15,Investigative,,Trastuzumab,Undisclosed,Undisclosed,ANI0FIZAK,,
DRG0LATPR,IN202417100055A Reference Example A13,Investigative,,Trastuzumab,Undisclosed,Undisclosed,ANI0FIZAK,,
DRG0LAVZS,CN115429893A ADC3,Investigative,,Trastuzumab,CN115429893A ADC3 Payload,Mc-Gly-Gly-Phe-Gly,ANI0FIZAK,PAY0TYZLD,LIN0ECMCR
DRG0LAWLG,KR102754055B1 ADCProductionexampleNo.4,Investigative,,Trastuzumab,ADCProductionexampleNo.4Payload,ADCProductionexampleNo.4Linker,ANI0FIZAK,PAY0ASAZS,LIN0VPCIK
DRG0LBFBM,HER2-ADC-009,Investigative,,Trastuzumab,DL012-payload; DL003-payload,DL012-Linker; DL003-Linker,ANI0FIZAK,PAY0SXTGB,LIN0DFGHC
DRG0LEECM,CN116782954A ADC5-DAR2,Investigative,,Trastuzumab,Undisclosed,Undisclosed,ANI0FIZAK,,
DRG0LEQVD,AU2020291014A1 IC-61,Investigative,,Trastuzumab,Undisclosed,Undisclosed,ANI0FIZAK,,
DRG0LIZBK,TWI857167B IC-50,Investigative,,Trastuzumab,TWI857167B-IC-50-PAYLOAD,Aminobenzazepine-linker Formula II-3,ANI0FIZAK,PAY0YQHCU,LIN0MDQYJ
DRG0LIZFO,US12144865B2 43e,Investigative,,Trastuzumab,Undisclosed,Undisclosed,ANI0FIZAK,,
DRG0LJZCE,WO2019126691A1 Conjugate No.38,Investigative,,Trastuzumab,Conjugate No.26 Payload,Conjugate No.38 Linker,ANI0FIZAK,PAY0WMAAX,LIN0FYBKF
DRG0LKBSE,Trastuzumab-C-11,Investigative,,Trastuzumab,Undisclosed,KR1020250002133A Trastuzumab-C-11 Linker,ANI0FIZAK,,LIN0SQHTU
DRG0LKGDV,AU2020291014A1 IC-24,Investigative,,Trastuzumab,AU2020291014A1-Payload-36,Aminobenzazepine-linker Formula II-36,ANI0FIZAK,PAY0XWTMI,LIN0EGKGD
DRG0LLBVJ,AU2023226367A1-18,Investigative,,Trastuzumab,Eribulin,RU20241285-18-linker,ANI0FIZAK,PAY0JAEKD,LIN0NGSMK
DRG0LLRHX,US20220226492A1 Immunoconjugate B,Investigative,,Trastuzumab,Undisclosed,Undisclosed,ANI0FIZAK,,
DRG0LLTPD,WO2024169913A1 ADC07-08-8,Investigative,,Pertuzumab,B19,(Linker-03)SMCC-TAZ-PEG-VC-PAB,ANI0XJJLY,PAY0WQPKG,LIN0JJWVU
DRG0LMCGU,TWI857167B IC-34,Investigative,,Trastuzumab,TWI857167B-IC-34-PAYLOAD,Aminobenzazepine-linker Formula II-3,ANI0FIZAK,PAY0HVZQT,LIN0MDQYJ
DRG0LNCWL,WO2019126691A1 Conjugate No.112,Investigative,,Trastuzumab,Conjugate No.112 Payload,Conjugate No.112 Linker,ANI0FIZAK,PAY0XGQDQ,LIN0DZEKU
DRG0LNORK,HK40112172A Antibody-drug conjugate (48),Investigative,,Trastuzumab,LT4212552T ADC49 payload,Mc-Gly-Gly-Phe-Gly,ANI0FIZAK,PAY0YMULZ,LIN0ECMCR
DRG0LOLGB,TWI870307BAntibody-drug conjugate (5),Investigative,,Trastuzumab,LT4212552T ADC10 payload,TWI870307BAntibody-drug conjugate (4)Linker,ANI0FIZAK,PAY0MPNDV,LIN0THULX
DRG0LOSXY,ZA202500415A-ADC Example 6,Investigative,,Trastuzumab,ZA202500415A-ADC-Example-6-payload,ZA202500415A-ADC-Example-1-Linker,ANI0FIZAK,PAY0VLUMU,LIN0NOHRM
DRG0LPXJH,AU2023226367A1-17,Investigative,,Trastuzumab,Eribulin,RU20241285-17-linker,ANI0FIZAK,PAY0JAEKD,LIN0HVYJD
DRG0LQBDE,HC-A118C-1b,Investigative,,Trastuzumab,Monomethyl auristatin E,Undisclosed,ANI0FIZAK,PAY0FSXOW,
DRG0LQFPU,TWI857167B IC-57,Investigative,,Trastuzumab,TWI857167B-IC-55-PAYLOAD,Aminobenzazepine-linker Formula II-3,ANI0FIZAK,PAY0IHXVC,LIN0MDQYJ
DRG0LQQOB,US20250018051A1 IaⅰⅡ,Investigative,,Trastuzumab,US20250018038A1+IaVII+payload,Mc-Val-Ala-PABC,ANI0FIZAK,PAY0DBBXT,LIN0OXUQL
DRG0LQURV,AU2020291014A1 IC-26,Investigative,,Trastuzumab,Undisclosed,Undisclosed,ANI0FIZAK,,
DRG0LRREK,AU2020291014A1 IC-3,Investigative,,Trastuzumab,AU2020291014A1-Payload-2,Aminobenzazepine-linker Formula II-4,ANI0FIZAK,PAY0NTXJX,LIN0MHGLI
DRG0LSCJI,HER2-DL012-DAR2,Investigative,,Trastuzumab,DL012-payload,DL012-Linker,ANI0FIZAK,PAY0MRIRS,LIN0PYNRZ
DRG0LSHGY,US12144865B2 37e,Investigative,,Trastuzumab,Undisclosed,Undisclosed,ANI0FIZAK,,
DRG0LSIDH,TWI857167B IC-28,Investigative,,Trastuzumab,TWI857167B-IC-28-PAYLOAD,Aminobenzazepine-linker Formula II-3,ANI0FIZAK,PAY0COTJE,LIN0MDQYJ
DRG0LTGNH,Trastuzumab-GDP-D-P1/P2-P4-GGFG-Dxd,Investigative,,Trastuzumab,DX-8951 derivative (DXd),CN119326907A Trastuzumab-GDP-D-P2/P4-P4-GGFG-Dxd Linker,ANI0FIZAK,PAY0UXDSB,LIN0OKDVB
DRG0LTUWD,TWI857167B IC-32,Investigative,,Trastuzumab,TWI857167B-IC-32-PAYLOAD,TWI857167B-IC-32-LINKER,ANI0FIZAK,PAY0PFHDS,LIN0EQBAD
DRG0LVBCM,37828728 ADC 7,Investigative,,Trastuzumab,Exatecan,P5 (PEG12)-VA,ANI0FIZAK,PAY0LEIGJ,LIN0FFEBZ
DRG0LVGLU,AU2023279443A1 Example A5,Investigative,,Trastuzumab,U-029,Undisclosed,ANI0FIZAK,PAY0UDHPX,
DRG0LWEAR,AU2020291014A1 IC-66,Investigative,,Trastuzumab,AU2020291014A1-Payload-72,Aminobenzazepine-linker Formula II-72,ANI0FIZAK,PAY0TAFJC,LIN0PWBVA
DRG0LWRVT,EP4487874A1-17,Investigative,,Trastuzumab,EP4487874A1-17payload,EP4487874A1-17linker,ANI0FIZAK,PAY0PVTBV,LIN0GFUSD
DRG0LWVOD,US12144865B2 13e,Investigative,,Trastuzumab,Undisclosed,Undisclosed,ANI0FIZAK,,
DRG0LXOEK,AU2023279443A1 Example A23,Investigative,,Trastuzumab,RU20241285-23-payload,"AU2023279443A1, Example A10, Linker",ANI0FIZAK,PAY0PHHQL,LIN0CWEYP
DRG0LYSOO,AB185-ADL13-D4,Investigative,,Trastuzumab,D4 payload,B-glucuronide linker,ANI0FIZAK,PAY0KEQDD,LIN0BXCFP
DRG0LYTBI,AB185-ADL1-D14,Investigative,,Trastuzumab,D14 payload,Mc-Val-Cit-PABC,ANI0FIZAK,PAY0GBVMU,LIN0SQEDQ
DRG0LZCDE,KR102754055B1 ADCProductionexampleNo.11,Investigative,,Trastuzumab,ADCProductionexampleNo.11Payload,ADCProductionexampleNo.11Linker,ANI0FIZAK,PAY0RYXGM,LIN0XKQMY
DRG0LZIVO,Trastuzumab-C-16,Investigative,,Trastuzumab,Undisclosed,KR1020250002133A Trastuzumab-C-16 Linker,ANI0FIZAK,,LIN0DYSYU
DRG0LZPRX,LT4212552T ADC4,Investigative,,Trastuzumab,LT4212552T-ADC-4-PAYLOAD,Mc-Gly-Gly-Phe-Gly,ANI0FIZAK,PAY0GHWMI,LIN0ECMCR
DRG0LZTDO,IGAC-47,Investigative,,Trastuzumab,IG-L-26 Payload,IG-L-26 linker,ANI0FIZAK,PAY0LVNEM,LIN0QTUMB
DRG0MAOEJ,US20250018051A1 IaⅰⅢ,Investigative,,Trastuzumab,US20250018038A1+IaIV+payload,Mc-Val-Cit-PABC,ANI0FIZAK,PAY0PYEJT,LIN0SQEDQ
DRG0MAQJT,37486969 ADC 45,Investigative,,Trastuzumab,STING Agonist  15,Undisclosed,ANI0FIZAK,PAY0BTODV,
DRG0MAUZS,TWI857167B IC-123,Investigative,,Trastuzumab,Undisclosed,Undisclosed,ANI0FIZAK,,
DRG0MBRIR,TWI857167B IC-25,Investigative,,Trastuzumab,TWI857167B-IC-25-PAYLOAD,Aminobenzazepine-linker Formula II-3,ANI0FIZAK,PAY0KBKAC,LIN0MDQYJ
DRG0MBVJM,IN202417100055A Reference Example A3c,Investigative,,Trastuzumab,Undisclosed,Undisclosed,ANI0FIZAK,,
DRG0MBVTC,Tras-Exa,Investigative,,Trastuzumab,Exatecan,AB2 self-immolative dendritic scaffold,ANI0FIZAK,PAY0LEIGJ,LIN0WGHPO
DRG0MDORV,WO2024169913A1 ADC07-02-8,Investigative,,Pertuzumab,B19,Mc-Val-Ala-PABC,ANI0XJJLY,PAY0WQPKG,LIN0OXUQL
DRG0MDWDN,IGAC-81,Investigative,,Trastuzumab,IG-L-41 Payload,IG-L-41 linker,ANI0FIZAK,PAY0DUKRJ,LIN0PMGDC
DRG0MELII,AU2020291014A1 IC-43,Investigative,,Trastuzumab,Undisclosed,Undisclosed,ANI0FIZAK,,
DRG0MFIXE,WO2024222841A1 ADC40-4,Investigative,,Trastuzumab,(S)B19,OXDc-VA-PAB (Glu),ANI0FIZAK,PAY0ZHKZT,LIN0KKZRE
DRG0MGNQB,TrastuzumabA132TCO*A,Investigative,,Trastuzumab,Undisclosed,CN118574641A-TrastuzumabA132TCO*A-linker,ANI0FIZAK,,LIN0YLDME
DRG0MGRBJ,HER2-ADC-007,Investigative,,Trastuzumab,DL012-payload; DL003-payload,DL012-Linker; DL003-Linker,ANI0FIZAK,PAY0SXTGB,LIN0DFGHC
DRG0MHJXL,TWI857167B IC-93,Investigative,,Trastuzumab,TWI857167B-IC-92-PAYLOAD,TWI857167B-IC-82-LINKER,ANI0FIZAK,PAY0NDIJG,LIN0RAMFZ
DRG0MHMIX,CN118924912A anti-HER2 ADC9,Investigative,,Trastuzumab,CN118924912A anti-HER2 ADC9 Payload,CN118924912A anti-HER2 ADC1 Linker,ANI0FIZAK,PAY0SRDUZ,LIN0COVYL
DRG0MICVG,WO2024222841A1 ADC38-4,Investigative,,Trastuzumab,(S)B19,OXDc-VA-PAB (PEG),ANI0FIZAK,PAY0ZHKZT,LIN0XOHOG
DRG0MIUVM,CN114615999B ADC-5,Investigative,,Trastuzumab,CN114615999B ADC-3 Payload,CN114615999B ADC-2 Linker,ANI0FIZAK,PAY0FYPYR,LIN0HVPQI
DRG0MKFKQ,CN118924912A anti-HER2 ADC14,Investigative,,Trastuzumab,CN118924912A anti-HER2 ADC14 Payload,CN118924912A anti-HER2 ADC1 Linker,ANI0FIZAK,PAY0CFKRG,LIN0COVYL
DRG0MKNWW,Trastuzumab-Example 8,Investigative,,Trastuzumab,DX-8951 derivative (DXd),CN119343152A Trastuzumab-Example8 Linker,ANI0FIZAK,PAY0UXDSB,LIN0SGYVK
DRG0MMYCY,TWI857167B IC-107,Investigative,,Trastuzumab,TWI857167B-IC-106-PAYLOAD,TWI857167B-IC-105-LINKER,ANI0FIZAK,PAY0KPJJD,LIN0DFXJR
DRG0MNTKU,US12144865B2 38e,Investigative,,Trastuzumab,Undisclosed,Undisclosed,ANI0FIZAK,,
DRG0MNTPX,IN202417100055A Reference Example 3,Investigative,,Trastuzumab,Undisclosed,Undisclosed,ANI0FIZAK,,
DRG0MOPXT,AU2023308528A1 ADC5,Investigative,,Trastuzumab,"4- ((S)-2- ((S)-2-amino-3-methylbutanamido)propanamido)benzyl ((1S,9S)-9-ethyl-5-fluoro-9-hydroxy-4-methyl-10,13-dioxo-2,3,9,10,13,15-hexahydro-1H,12H-benzo[de]pyrano[3',4':6,7]indolizino[1,2-b]quinolin-1-yl)carbamate",Mal-amido-PEG8-acid,ANI0FIZAK,PAY0KWWSO,LIN0KRUKR
DRG0MPCTC,US12144865B2 14e,Investigative,,Trastuzumab,Undisclosed,Undisclosed,ANI0FIZAK,,
DRG0MPFSQ,AU2023226367A1-9,Investigative,,Trastuzumab,RU20241285-9-payload,RU20241285-9-linker,ANI0FIZAK,PAY0BDSZQ,LIN0LOHLV
DRG0MPUVF,WO2024222841A1 ADC44-4,Investigative,,Trastuzumab,B61,OXDc-VA-PAB (PEG),ANI0FIZAK,PAY0AJCVM,LIN0XOHOG
DRG0MPXZI,Trastuzumab-GDP-N-P1/P2-P1-GGFG-Dxd,Investigative,,Trastuzumab,DX-8951 derivative (DXd),CN119326907A Trastuzumab-GDP-N-P1/P2-P1-GGFG-Dxd Linker,ANI0FIZAK,PAY0UXDSB,LIN0UWSJD
DRG0MPZXS,LT4212552T ADC10,Investigative,,Trastuzumab,LT4212552T ADC10 payload,LT4212552T-ADC-10-LINKER,ANI0FIZAK,PAY0MPNDV,LIN0YFFTV
DRG0MTUTE,AU2020291014A1 IC-76,Investigative,,Trastuzumab,AU2020291014A1-Payload-77,Aminobenzazepine-linker Formula II-72,ANI0FIZAK,PAY0QYKDU,LIN0PWBVA
DRG0MVGKJ,US12144865B2 18e,Investigative,,Trastuzumab,Undisclosed,Undisclosed,ANI0FIZAK,,
DRG0MWJBM,EP4227309A4 ADC-8,Investigative,,Trastuzumab,Undisclosed,Undisclosed,ANI0FIZAK,,
DRG0MXAXS,IGAC-44,Investigative,,Trastuzumab,IG-L-18 Payload,IG-L-22 linker,ANI0FIZAK,PAY0XXBTA,LIN0BEHDO
DRG0MYNEX,KR102754055B1 ADCProductionexampleNo.3c,Investigative,,Trastuzumab,ADCProductionexampleNo.3cPayload,ADCProductionexampleNo.3aLinker,ANI0FIZAK,PAY0PRHMU,LIN0VYJWF
DRG0MZNRN,ZA202500415A-ADC Example 5,Investigative,,Trastuzumab,NMT inhibitor 26,ZA202500415A-ADC-Example-1-Linker,ANI0FIZAK,PAY0BOXTP,LIN0NOHRM
DRG0NAHEM,CN118924912A anti-HER2 ADC15,Investigative,,Trastuzumab,CN118924912A anti-HER2 ADC15 Payload,CN118924912A anti-HER2 ADC1 Linker,ANI0FIZAK,PAY0IPGDX,LIN0COVYL
DRG0NBDJD,Trast-v8-XL06,Investigative,,Trastuzumab,Undisclosed,Undisclosed,ANI0FIZAK,,
DRG0NCBOW,Trastuzumab-DM1 (K248),Investigative,,Trastuzumab,Mertansine DM1,Undisclosed,ANI0FIZAK,PAY0JCIBW,
DRG0NCCSR,AU2020291014A1 IC-65,Investigative,,Trastuzumab,AU2020291014A1-Payload-70,Aminobenzazepine-linker Formula II-69,ANI0FIZAK,PAY0PQSSO,LIN0MIYKG
DRG0NCJZZ,WO2019126691A1 Conjugate No.79,Investigative,,Trastuzumab,Conjugate No.57 Payload,Conjugate No.79 Linker,ANI0FIZAK,PAY0FYHWB,LIN0QQSRF
DRG0NEIIC,HER-E-39,Investigative,,Trastuzumab,WO2024020536A1+HER-E-37+payload,Mc-Gly-Gly-Phe-Gly,ANI0FIZAK,PAY0HPBPD,LIN0ECMCR
DRG0NFQSK,IN202417100055A Reference Example A25,Investigative,,Trastuzumab,Undisclosed,Undisclosed,ANI0FIZAK,,
DRG0NFTQI,37486969 ADC 42,Investigative,,Trastuzumab,STING Agonist  15,Undisclosed,ANI0FIZAK,PAY0BTODV,
DRG0NGSIK,WO2019126691A1 Conjugate No.86,Investigative,,Trastuzumab,Conjugate No.67 Payload,DL18 linker,ANI0FIZAK,PAY0HSKTY,LIN0DLNWW
DRG0NHENC,IGAC-15,Investigative,,Trastuzumab,IG-L-4 Payload,MP-Ala-Ala-PAB,ANI0FIZAK,PAY0ZQSCM,LIN0SIBWN
DRG0NHKDZ,LT4212552T ADC42,Investigative,,Trastuzumab,Topo1 inhibitor B,Mc-Gly-Gly-Phe-Gly,ANI0FIZAK,PAY0LTEJZ,LIN0ECMCR
DRG0NHUJP,WO2024169913A1 ADC07-06-4,Investigative,,Pertuzumab,B63,Mc-Val-Ala-PABC,ANI0XJJLY,PAY0LFXNZ,LIN0OXUQL
DRG0NIDZM,US20250018051A1 IaⅧ,Investigative,,Trastuzumab,US20250018038A1+IaVII+payload,TW202436324A+ADC-2+Linker,ANI0FIZAK,PAY0DBBXT,LIN0PWVSZ
DRG0NIIAV,CN118873678A ADC-6,Investigative,,Trastuzumab,Undisclosed,Undisclosed,ANI0FIZAK,,
DRG0NIMUY,Anti-Trop2- (0295-mcMMAF)- (mc-A6),Investigative,,Trastuzumab,Monomethyl auristatin F,Undisclosed,ANI0FIZAK,PAY0QLDVX,
DRG0NMXVT,Trastuzumab-C-17,Investigative,,Trastuzumab,Undisclosed,KR1020250002133A Trastuzumab-C-117 Linker,ANI0FIZAK,,LIN0KJCUA
DRG0NNBDU,AU2017363246B2 Conjugate25,Investigative,,Trastuzumab,AU2017363246B2+Conjugate25+Payload,AU2017363246B2+Conjugate25+Linker,ANI0FIZAK,PAY0SWSLQ,LIN0PALHD
DRG0NOKNU,HER2-ADC-010,Investigative,,Trastuzumab,DL014-payload; DL003-payload,DL014-Linker; DL003-Linker,ANI0FIZAK,PAY0ADGHB,LIN0FHCLL
DRG0NPBBX,IN202417100055A Reference Example A1,Investigative,,Trastuzumab,Undisclosed,Undisclosed,ANI0FIZAK,,
DRG0NQFEG,AU2020291014A1 IC-30,Investigative,,Trastuzumab,AU2020291014A1-Payload-41,Undisclosed,ANI0FIZAK,PAY0RJGOY,
DRG0NQWTA,CN114615999B ADC-1,Investigative,,Trastuzumab,CN114615999B ADC-1 Payload,CN114615999B ADC-1 Linker,ANI0FIZAK,PAY0KBQVI,LIN0RWXSU
DRG0NRCTE,37307297 ADC 9,Investigative,,Trastuzumab,FD-1,Undisclosed,ANI0FIZAK,PAY0AGJNY,
DRG0NRJEH,CN118873678A ADC-13,Investigative,,Trastuzumab,Undisclosed,Undisclosed,ANI0FIZAK,,
DRG0NTSSC,IGAC-104,Investigative,,Trastuzumab,IG-L-81 Payload,IG-L-81 linker,ANI0FIZAK,PAY0PWYWJ,LIN0DQWJN
DRG0NUFGJ,AU2023308528A1 ADC3,Investigative,,Trastuzumab,Exatecan,Mal-amido-PEG8-acid,ANI0FIZAK,PAY0LEIGJ,LIN0KRUKR
DRG0NUKYO,TWI857167B IC-53,Investigative,,Trastuzumab,TWI857167B-IC-53-PAYLOAD,Aminobenzazepine-linker Formula II-72,ANI0FIZAK,PAY0POLMX,LIN0PWBVA
DRG0NUSIA,US20240245795A1 Antibody Conjugate 11,Investigative,,Trastuzumab,Undisclosed,Undisclosed,ANI0FIZAK,,
DRG0NUUAX,KR102754055B1 ADCProductionexampleNo.12,Investigative,,Trastuzumab,ADCProductionexampleNo.12Payload,ADCProductionexampleNo.8Linker,ANI0FIZAK,PAY0DLQYY,LIN0NTQOX
DRG0NUWDI,AU2020291014A1 IC-52,Investigative,,Trastuzumab,Undisclosed,Undisclosed,ANI0FIZAK,,
DRG0NVMET,T-VEd9,Investigative,,Trastuzumab,Ed9,Mc-Val-Ala,ANI0FIZAK,PAY0IJDGO,LIN0ENDIF
DRG0NWBNF,TWI857167B IC-88,Investigative,,Trastuzumab,TWI857167B-IC-78-PAYLOAD,TWI857167B-IC-82-LINKER,ANI0FIZAK,PAY0LYJAQ,LIN0RAMFZ
DRG0NXOGU,WO2019126691A1 Conjugate No.130,Investigative,,Trastuzumab,Conjugate No.130 Payload,Conjugate No.105 Linker,ANI0FIZAK,PAY0BGIBY,LIN0FTSYT
DRG0NXSZI,CN118924912A anti-HER2 ADC3,Investigative,,Trastuzumab,CN118924912A anti-HER2 ADC3 Payload,CN118924912A anti-HER2 ADC1 Linker,ANI0FIZAK,PAY0TXXHQ,LIN0COVYL
DRG0NYRTJ,Trastuzumab-GDP-N-P1/P1-P1-GGFG-Dxd,Investigative,,Trastuzumab,DX-8951 derivative (DXd),CN119326907A Trastuzumab-GDP-N-P1/P1-P1-GGFG-Dxd Linker,ANI0FIZAK,PAY0UXDSB,LIN0KSPIT
DRG0OARZC,CN115594732A II-LD-014,Investigative,,Trastuzumab,Undisclosed,Undisclosed,ANI0FIZAK,,
DRG0OBGUV,HK40112172A Antibody-drug conjugate (40),Investigative,,Trastuzumab,HK40112172A+Antibody-drug conjugate (39)+payload,HK40112172A+Antibody-drug conjugate (39)+Linker,ANI0FIZAK,PAY0GFNVW,LIN0ZRXBA
DRG0OBPOE,Trastuzumab-LD3,Investigative,,Trastuzumab,Seco-DUBA,Trastuzumab-LD3-LINKER,ANI0FIZAK,PAY0SOSMQ,LIN0JZQIM
DRG0OBWFS,HK40112172A Antibody-drug conjugate (27),Investigative,,Trastuzumab,LT4212552T ADC49 payload,Mc-Gly-Gly-Phe-Gly,ANI0FIZAK,PAY0YMULZ,LIN0ECMCR
DRG0OCBOP,AU2023226367A1-7,Investigative,,Trastuzumab,Monomethyl auristatin E,RU20241285-7-linker,ANI0FIZAK,PAY0FSXOW,LIN0TXUJH
DRG0OCFCY,CN114615999B ADC-4,Investigative,,Trastuzumab,CN114615999B ADC-1 Payload,CN114615999B ADC-1 Linker,ANI0FIZAK,PAY0KBQVI,LIN0RWXSU
DRG0OELFA,TWI870307BAntibody-drug conjugate (22),Investigative,,Trastuzumab,TWI870307BAntibody-drug conjugate (12)Payload,TWI870307BAntibody-drug conjugate (21)Linker,ANI0FIZAK,PAY0KBTTL,LIN0DCFPQ
DRG0OETLG,LT4212552T ADC28,Investigative,,Trastuzumab,LT4212552T ADC49 payload,Mc-Gly-Gly-Phe-Gly,ANI0FIZAK,PAY0YMULZ,LIN0ECMCR
DRG0OETXT,37486969 ADC 44,Investigative,,Trastuzumab,STING Agonist  15,Undisclosed,ANI0FIZAK,PAY0BTODV,
DRG0OEYDP,CN115594732A I-LD012,Investigative,,Trastuzumab,Undisclosed,Undisclosed,ANI0FIZAK,,
DRG0OFDLF,HC-A118C-4,Investigative,,Trastuzumab,Monomethyl auristatin E,Undisclosed,ANI0FIZAK,PAY0FSXOW,
DRG0OFZUR,TWI857167B IC-90,Investigative,,Trastuzumab,TWI857167B-IC-88-PAYLOAD,TWI857167B-IC-82-LINKER,ANI0FIZAK,PAY0CKWVW,LIN0RAMFZ
DRG0OFZVJ,IGAC-37,Investigative,,Trastuzumab,IG-L-15 Payload,DL18 linker,ANI0FIZAK,PAY0BBQTX,LIN0DLNWW
DRG0OGRPQ,WO2024222841A1 ADC41-4,Investigative,,Trastuzumab,(S)B19,OXD-VA-PAB (Glu),ANI0FIZAK,PAY0ZHKZT,LIN0QQKAH
DRG0OGYFM,AU2020291014A1 IC-91,Investigative,,Trastuzumab,AU2020291014A1-Payload-85,Aminobenzazepine-linker Formula II-75,ANI0FIZAK,PAY0SCBZM,LIN0ZMSIA
DRG0OHEEX,AZO-ADC-2,Investigative,,Trastuzumab,Monomethyl auristatin E,Solubilizing group-PEG2-Hypoxia sensitive linker-Azobenzene,ANI0FIZAK,PAY0FSXOW,LIN0VLAZJ
DRG0OHLLE,AB185-ADL5-D25,Investigative,,Trastuzumab,D25 payload,Mc-Val-Cit-PABC,ANI0FIZAK,PAY0BKCNL,LIN0SQEDQ
DRG0OHUZU,37307297 ADC 13,Investigative,,Trastuzumab,FD-2,Undisclosed,ANI0FIZAK,PAY0VPLLV,
DRG0OHXNE,LT4212552T ADC27,Investigative,,Trastuzumab,LT4212552T ADC49 payload,Mc-Gly-Gly-Phe-Gly,ANI0FIZAK,PAY0YMULZ,LIN0ECMCR
DRG0OIAFG,WO2023232144A1ADC32,Investigative,,Trastuzumab,"WO2025015586A1, ADC22, Payload",Succinimidyl-4-(N-maleimidomethyl)cyclohexane-1-carboxylate (SMCC),ANI0FIZAK,PAY0IVXDT,LIN0EBJON
DRG0OIXMY,37217025 ADC-2,Investigative,,Trastuzumab,TLR7/8 agonist 20h,MT-VC-PABC,ANI0FIZAK,PAY0DLBJA,LIN0PYRYS
DRG0OJCRC,WO2019126691A1 Conjugate No.105,Investigative,,Trastuzumab,Conjugate No.105 Payload,Conjugate No.105 Linker,ANI0FIZAK,PAY0RFMVZ,LIN0FTSYT
DRG0OJWXU,EP4227309A4 ADC-11,Investigative,,Trastuzumab,Undisclosed,Undisclosed,ANI0FIZAK,,
DRG0OKGAQ,EP4227309A4 ADC-9,Investigative,,Trastuzumab,Undisclosed,Undisclosed,ANI0FIZAK,,
DRG0OKLKC,Trastuzumab-DXD (EP4183421A1),Investigative,,Trastuzumab,Exatecan,EP4183421A1+Trastuzumab-DXD+Linker,ANI0FIZAK,PAY0LEIGJ,LIN0ABARV
DRG0OMZOC,37828728 ADC 8,Investigative,,Trastuzumab,Exatecan,P5- (PEG12),ANI0FIZAK,PAY0LEIGJ,LIN0REHOH
DRG0ONHYU,IN202417100055A Reference Example A24,Investigative,,Trastuzumab,Undisclosed,Undisclosed,ANI0FIZAK,,
DRG0ONYNZ,LT4212552T ADC43,Investigative,,Trastuzumab,LT4212552T ADC49 payload,LT4212552T-ADC-6-LINKER,ANI0FIZAK,PAY0YMULZ,LIN0VAAEV
DRG0OPNOC,[111In]In-AD,Investigative,,Trastuzumab,Undisclosed,Undisclosed,ANI0FIZAK,,
DRG0OQCAL,HER2-14,Investigative,,Trastuzumab,CPTS-1,Mal-Val-Ala-PAB,ANI0FIZAK,PAY0TRFQG,LIN0BSKSQ
DRG0OQSEQ,37486969 ADC 39,Investigative,,Trastuzumab,STING Agonist  4,Undisclosed,ANI0FIZAK,PAY0JQRNG,
DRG0ORBPC,WO2019126691A1 Conjugate No.26,Investigative,,Trastuzumab,Conjugate No.26 Payload,Conjugate No.26 Linker,ANI0FIZAK,PAY0WMAAX,LIN0NNAXX
DRG0ORKEH,IGAC-56,Investigative,,Trastuzumab,IG-L-79 Payload,IG-L-47 linker,ANI0FIZAK,PAY0XQXEX,LIN0WYAMX
DRG0ORNWP,TWI870307BAntibody-drug conjugate (17),Investigative,,Trastuzumab,TWI870307BAntibody-drug conjugate (12)Payload,LT4212552T-ADC-5-LINKER,ANI0FIZAK,PAY0KBTTL,LIN0YYCSZ
DRG0OROSX,IGAC-9,Investigative,,Trastuzumab,IG-L-1 Payload,IG-L-1 linker,ANI0FIZAK,PAY0ESDRA,LIN0UWXQI
DRG0ORQPS,TWI870307BAntibody-drug conjugate (42),Investigative,,Trastuzumab,Topo1 inhibitor B,Mc-Gly-Gly-Phe-Gly,ANI0FIZAK,PAY0LTEJZ,LIN0ECMCR
DRG0OULAR,CN118873678A ADC-1,Investigative,,Trastuzumab,Undisclosed,Undisclosed,ANI0FIZAK,,
DRG0OVCST,LC302-2-4 (4) 3.41,Investigative,,Trastuzumab,Undisclosed,Undisclosed,ANI0FIZAK,,
DRG0OVMBW,CN113943310A ADC-13,Investigative,,Trastuzumab,"WO2025015586A1, ADC23, Payload","CN113943310A, ADC-12, Linker",ANI0FIZAK,PAY0IKHEX,LIN0REOIZ
DRG0OVQMA,EP4487874A1-15,Investigative,,Trastuzumab,EP4487874A1-15payload,EP4487874A1-15linker,ANI0FIZAK,PAY0EIBHO,LIN0QCEIS
DRG0OWTPB,HK40112172A  Antibody-drug conjugate (12),Investigative,,Trastuzumab,LT4212552T ADC13 payload,Mc-Gly-Gly-Phe-Gly,ANI0FIZAK,PAY0SSVIQ,LIN0ECMCR
DRG0OXHHJ,KR102754055B1 ADCProductionexampleNo.5,Investigative,,Trastuzumab,ADCProductionexampleNo.5Payload,RU20241285-4-linker,ANI0FIZAK,PAY0KSKTC,LIN0ZOPDK
DRG0OXUVY,TWI857167B IC-120,Investigative,,Trastuzumab,Undisclosed,Undisclosed,ANI0FIZAK,,
DRG0OZVNE,38850783 ADC 4,Investigative,,Trastuzumab,Mertansine DM1,Dimaleimide linker 4,ANI0FIZAK,PAY0JCIBW,LIN0VJFKR
DRG0OZWSH,IN202417100055A Reference Example A9,Investigative,,Trastuzumab,Undisclosed,Undisclosed,ANI0FIZAK,,
DRG0PACIT,IGAC-97,Investigative,,Trastuzumab,SMol006,IG-L-74 linker,ANI0FIZAK,PAY0ERORN,LIN0XFNWY
DRG0PAKUQ,Tras-16b,Investigative,,Trastuzumab,14b 39321689,Mc-Gly-Gly-Phe-Gly,ANI0FIZAK,PAY0AIVEA,LIN0ECMCR
DRG0PARKL,AU2020291014A1 IC-54,Investigative,,Trastuzumab,Undisclosed,Undisclosed,ANI0FIZAK,,
DRG0PASUF,AU2023226367A1-21,Investigative,,Trastuzumab,RU20241285-21-payload,RU20241285-21-linker,ANI0FIZAK,PAY0TPCXK,LIN0DSRAQ
DRG0PBQBL,WO2024169913A1 ADC01-06-4,Investigative,,Trastuzumab,B63,Mc-Val-Ala-PABC,ANI0FIZAK,PAY0LFXNZ,LIN0OXUQL
DRG0PBXQK,WO2024222841A1 ADC43,Investigative,,Trastuzumab,(R)B19,OXDc-VA-PAB (PEG),ANI0FIZAK,PAY0HDAPU,LIN0XOHOG
DRG0PBZEY,AB185-ADL10-D8,Investigative,,Trastuzumab,D8 payload,6-Maleimidocaproic acid,ANI0FIZAK,PAY0IXBLN,LIN0DSBFC
DRG0PCEQB,CN115594732A II-LD-015,Investigative,,Trastuzumab,Undisclosed,Undisclosed,ANI0FIZAK,,
DRG0PCJAG,AU2020291014A1 IC-74,Investigative,,Trastuzumab,Undisclosed,Undisclosed,ANI0FIZAK,,
DRG0PCJBG,TWI857167B IC-97,Investigative,,Trastuzumab,TWI857167B-IC-96-PAYLOAD,TWI857167B-IC-95-LINKER,ANI0FIZAK,PAY0ZTEAK,LIN0YWGDH
DRG0PCYUA,TWI870307BAntibody-drug conjugate (21),Investigative,,Trastuzumab,TWI870307BAntibody-drug conjugate (12)Payload,TWI870307BAntibody-drug conjugate (21)Linker,ANI0FIZAK,PAY0KBTTL,LIN0DCFPQ
DRG0PDZZI,Trastuzumab-Example 5,Investigative,,Trastuzumab,CN119343152A Trastuzumab-Example5 Payload,CN119343152A 1C1-Example1 Linker,ANI0FIZAK,PAY0VGSXI,LIN0KTFSF
DRG0PEBUN,36924655 ADC 12,Investigative,,Trastuzumab,Monomethyl auristatin E,Undisclosed,ANI0FIZAK,PAY0FSXOW,
DRG0PFPEZ,HER2-ADC-005,Investigative,,Trastuzumab,DL012-payload; DL003-payload,DL012-Linker; DL003-Linker,ANI0FIZAK,PAY0SXTGB,LIN0DFGHC
DRG0PFUGJ,39235949 anti-HER2-1,Investigative,,Trastuzumab,Undisclosed,Undisclosed,ANI0FIZAK,,
DRG0PFYUX,TWI857167B IC-102,Investigative,,Trastuzumab,TWI857167B-IC-101-PAYLOAD,Undisclosed,ANI0FIZAK,PAY0RNQZM,
DRG0PGIBG,EP4487874A1-8,Investigative,,Trastuzumab,EP4487874A1-8payload,EP4487874A1-8linker,ANI0FIZAK,PAY0BCEWG,LIN0PTIGS
DRG0PGJHA,AU2020291014A1 IC-32,Investigative,,Trastuzumab,Undisclosed,Undisclosed,ANI0FIZAK,,
DRG0PGQUF,CN115594732A I-LD011,Investigative,,Trastuzumab,Undisclosed,Undisclosed,ANI0FIZAK,,
DRG0PHAZF,IGAC-1,Investigative,,Trastuzumab,IG-L-1 Payload,IG-L-1 linker,ANI0FIZAK,PAY0ESDRA,LIN0UWXQI
DRG0PHDWC,TWI857167B IC-14,Investigative,,Trastuzumab,TWI857167B-IC-14-PAYLOAD,Aminobenzazepine-linker Formula II-3,ANI0FIZAK,PAY0VMPIV,LIN0MDQYJ
DRG0PIEUA,HC-A118C-1a,Investigative,,Trastuzumab,Monomethyl auristatin E,Undisclosed,ANI0FIZAK,PAY0FSXOW,
DRG0PISIX,CN114615999B ADC-2,Investigative,,Trastuzumab,CN114615999B ADC-1 Payload,CN114615999B ADC-2 Linker,ANI0FIZAK,PAY0KBQVI,LIN0HVPQI
DRG0PIVWH,IGAC-69,Investigative,,Trastuzumab,SMol006,IG-L-68 linker,ANI0FIZAK,PAY0ERORN,LIN0NALNI
DRG0PIYNC,AB185-ADL5-D2 8.5,Investigative,,Trastuzumab,D2 payload,Mc-Val-Cit-PAB (Qamine) linker,ANI0FIZAK,PAY0CIJOH,LIN0UJZNU
DRG0PKDCO,CN115594732A II-LD-018,Investigative,,Trastuzumab,Undisclosed,Undisclosed,ANI0FIZAK,,
DRG0PKSGZ,US20220226492A1 Immunoconjugate K1,Investigative,,Trastuzumab,Undisclosed,Undisclosed,ANI0FIZAK,,
DRG0PLKMA,LT4212552T ADC7,Investigative,,Trastuzumab,LT4212552T ADC10 payload,LT4212552T-ADC-7-LINKER,ANI0FIZAK,PAY0MPNDV,LIN0NXAYD
DRG0PLZST,CN116888123A ADC-6,Investigative,,Trastuzumab,D1-SH payload,LC1 linker,ANI0FIZAK,PAY0ILKIV,LIN0NJZWY
DRG0PMVVG,US20250018051A1 IaⅰⅦ,Investigative,,Trastuzumab,US20250018038A1+IaIV+payload,Mc-Val-Ala-PABC,ANI0FIZAK,PAY0PYEJT,LIN0OXUQL
DRG0PNURX,WO2019126691A1 Conjugate No.20,Investigative,,Trastuzumab,Conjugate No.20 Payload,Conjugate No.20 Linker,ANI0FIZAK,PAY0NGXRW,LIN0PHNFR
DRG0PPUFD,US11903948B2 I-2,Investigative,,Trastuzumab,Undisclosed,Undisclosed,ANI0FIZAK,,
DRG0PPXON,EP4487874A1-9,Investigative,,Trastuzumab,EP4487874A1-9payload,EP4487874A1-9linker,ANI0FIZAK,PAY0KETOR,LIN0OADTV
DRG0PPYFL,HC-A118C-3,Investigative,,Trastuzumab,Monomethyl auristatin E,Undisclosed,ANI0FIZAK,PAY0FSXOW,
DRG0PQRCN,US12144865B2 24e,Investigative,,Trastuzumab,Undisclosed,Undisclosed,ANI0FIZAK,,
DRG0PRQET,AZO-ADC-8,Investigative,,Trastuzumab,Monomethyl auristatin E,Solubilizing group-PEG8-Hypoxia sensitive linker-Azobenzene,ANI0FIZAK,PAY0FSXOW,LIN0URDMX
DRG0PSWOG,T-PBA,Investigative,,Trastuzumab,PBD-based payload 37b3,MC-Val-Ala-OH linker,ANI0FIZAK,PAY0QKJME,LIN0GMMWW
DRG0PUGQV,CN113874046B ADC-6,Investigative,,Trastuzumab,CN113874046B-ADC-6-PAYLOAD,CN113874046B-ADC-6-LINKER,ANI0FIZAK,PAY0HNUXJ,LIN0NALXO
DRG0PUHUM,CN116888123A ADC-1,Investigative,,Trastuzumab,D2 payload,Mc-Gly-Gly-Phe-Gly,ANI0FIZAK,PAY0CIJOH,LIN0ECMCR
DRG0PUYOH,AB185-ADL10-D1,Investigative,,Trastuzumab,D1 payload,6-Maleimidocaproic acid,ANI0FIZAK,PAY0GUTRW,LIN0DSBFC
DRG0PVPYQ,EP4494656A1 DM-II,Investigative,,Trastuzumab,DM-II Payload,DM-II Linker,ANI0FIZAK,PAY0QXPQQ,LIN0PRHDV
DRG0PWKRJ,US20240245795A1 Antibody Conjugate 5,Investigative,,Trastuzumab,Exatecan,Undisclosed,ANI0FIZAK,PAY0LEIGJ,
DRG0PXDED,TWI857167B IC-22,Investigative,,Trastuzumab,TWI857167B-IC-22-PAYLOAD,Aminobenzazepine-linker Formula II-3,ANI0FIZAK,PAY0ULQNS,LIN0MDQYJ
DRG0PXNTO,TWI857167B IC-69,Investigative,,Trastuzumab,TWI857167B-IC-68-PAYLOAD,Aminobenzazepine-linker Formula II-3,ANI0FIZAK,PAY0IBZDU,LIN0MDQYJ
DRG0PYLDN,EP4487874A1-18,Investigative,,Trastuzumab,Topo1 inhibitor A,EP4487874A1-18linker,ANI0FIZAK,PAY0AXTTO,LIN0EKFWP
DRG0PZEFO,IGAC-7,Investigative,,Trastuzumab,SMol006,MP-Ala-Ala-PAB,ANI0FIZAK,PAY0ERORN,LIN0SIBWN
DRG0PZSXJ,Trastuzumab botidotin,Approved in 2025,Breast cancer,Trastuzumab,Duostatin 5,K-lock-Val-Cit-PABC,ANI0FIZAK,PAY0EQOWS,LIN0EBCCY
DRG0PZXEL,LT4212552T ADC20,Investigative,,Trastuzumab,LT4212552T ADC37 payload,LT4212552T-ADC-19-LINKER,ANI0FIZAK,PAY0THLVA,LIN0UMMNJ
DRG0QADFA,US12144865B2 30e,Investigative,,Trastuzumab,Undisclosed,Undisclosed,ANI0FIZAK,,
DRG0QADXN,38888299 ADC 3,Investigative,,Trastuzumab,Monomethyl auristatin E,Tuneable thiol exchange linker 3,ANI0FIZAK,PAY0FSXOW,LIN0KWZKA
DRG0QANWF,Trastuzumab-GDP-D-P1/P1-P1-GGFG-Dxd,Investigative,,Trastuzumab,DX-8951 derivative (DXd),CN119326907A Trastuzumab-GDP-D-P1/P1-P1-GGFG-Dxd Linker,ANI0FIZAK,PAY0UXDSB,LIN0WYOQZ
DRG0QARRZ,37492000 ADC 7c (4h),Investigative,,Trastuzumab,Monomethyl auristatin E,TetraDVP based linker 2c,ANI0FIZAK,PAY0FSXOW,LIN0VAZZB
DRG0QBFIK,KR102754055B1 ADCProductionexampleNo.23,Investigative,,Trastuzumab,Undisclosed,Undisclosed,ANI0FIZAK,,
DRG0QBSVL,CN118924912A anti-HER2 ADC5,Investigative,,Trastuzumab,CN118924912A anti-HER2 ADC5 Payload,CN118924912A anti-HER2 ADC1 Linker,ANI0FIZAK,PAY0TLXVN,LIN0COVYL
DRG0QDECX,AU2023279443A1 Example A18,Investigative,,Trastuzumab,Eribulin,"AU2023279443A1, Example A18, Linker",ANI0FIZAK,PAY0JAEKD,LIN0JEPEI
DRG0QDMSU,37492000 ADC 6c (24h),Investigative,,Trastuzumab,Monomethyl auristatin E,TetraDVP based linker 1c,ANI0FIZAK,PAY0FSXOW,LIN0EZBSE
DRG0QDODB,WO2024230301A1 ADC-4,Investigative,,Trastuzumab,Undisclosed,Undisclosed,ANI0FIZAK,,
DRG0QEHHS,AU2020291014A1 IC-22,Investigative,,Trastuzumab,AU2020291014A1-Payload-33,Aminobenzazepine-linker Formula II-33,ANI0FIZAK,PAY0BJVTL,LIN0MNONT
DRG0QEOMT,[111In]In-ADCS,Investigative,,Trastuzumab,Undisclosed,Undisclosed,ANI0FIZAK,,
DRG0QFDQT,WO2019126691A1 Conjugate No.73,Investigative,,Trastuzumab,Conjugate No.67 Payload,Conjugate No.73 Linker,ANI0FIZAK,PAY0HSKTY,LIN0EQWJK
DRG0QFVIS,AU2020291014A1 IC-42,Investigative,,Trastuzumab,Undisclosed,Undisclosed,ANI0FIZAK,,
DRG0QGLAF,36924655 ADC 10,Investigative,,Trastuzumab,Monomethyl auristatin E,Undisclosed,ANI0FIZAK,PAY0FSXOW,
DRG0QHEPJ,HK40112172A Antibody-drug conjugate (18),Investigative,,Trastuzumab,HK40112172A+Antibody-drug conjugate (17)+payload,HK40112172A+Antibody-drug conjugate (17)+Linker,ANI0FIZAK,PAY0REJUA,LIN0KASZL
DRG0QHKKX,AU2020291014A1 IC-28,Investigative,,Trastuzumab,AU2020291014A1-Payload-39,Undisclosed,ANI0FIZAK,PAY0EOOAN,
DRG0QHOON,38850783 ADC 5,Investigative,,Trastuzumab,Mertansine DM1,Dimaleimide linker 5,ANI0FIZAK,PAY0JCIBW,LIN0VVRWK
DRG0QHUXP,IGAC-49,Investigative,,Trastuzumab,IG-L-18 Payload,IG-L-25 linker,ANI0FIZAK,PAY0XXBTA,LIN0HSKUK
DRG0QIZXN,CN119343374A ADC-S108,Investigative,,Trastuzumab,Undisclosed,Undisclosed,ANI0FIZAK,,
DRG0QJDCY,IN202417100055A Reference Example A18,Investigative,,Trastuzumab,Undisclosed,Undisclosed,ANI0FIZAK,,
DRG0QJROZ,TWI857167B IC-41,Investigative,,Trastuzumab,TWI857167B-IC-41-PAYLOAD,Aminobenzazepine-linker Formula II-72,ANI0FIZAK,PAY0KOYQE,LIN0PWBVA
DRG0QKWXX,H2-921,Investigative,,Trastuzumab,Undisclosed,D5 linker,ANI0FIZAK,,LIN0BXXDQ
DRG0QKXTB,TWI857167B IC-108,Investigative,,Trastuzumab,TWI857167B-IC-107-PAYLOAD,TWI857167B-IC-95-LINKER,ANI0FIZAK,PAY0ZNAIU,LIN0YWGDH
DRG0QLGOM,CN115594732A II-LD-013,Investigative,,Trastuzumab,Undisclosed,Undisclosed,ANI0FIZAK,,
DRG0QLNGG,AB185-ADL1-D4 8,Investigative,,Trastuzumab,D4 payload,Mc-Val-Cit-PABC,ANI0FIZAK,PAY0KEQDD,LIN0SQEDQ
DRG0QLYGR,CN115594732A II-LD-011,Investigative,,Trastuzumab,Undisclosed,Undisclosed,ANI0FIZAK,,
DRG0QMBRY,TWI857167B IC-82,Investigative,,Trastuzumab,TWI857167B-IC-81-PAYLOAD,Aminobenzazepine-linker Formula II-3,ANI0FIZAK,PAY0HRCIP,LIN0MDQYJ
DRG0QMQKW,AU2023279443A1 Example A19,Investigative,,Trastuzumab,U-031,"AU2023279443A1, Example A19, Linker",ANI0FIZAK,PAY0DQOZY,LIN0CKVGM
DRG0QMTOA,Trastuzumab-Example 2,Investigative,,Trastuzumab,CN119343152A 1C1-Example1 Payload,CN119343152A 1C1-Example2 Linker,ANI0FIZAK,PAY0XOZCF,LIN0RAPZR
DRG0QMZFV,US20240148889A1 ADC-1,Investigative,,Trastuzumab,US20240148889A1-ADC-1-payload,US20240148889A1-ADC-1-linker,ANI0FIZAK,PAY0VQYXA,LIN0AAIAR
DRG0QNPVU,HK40112172A Antibody-drug conjugate (41),Investigative,,Trastuzumab,Topo1 inhibitor B,Mc-Gly-Gly-Phe-Gly,ANI0FIZAK,PAY0LTEJZ,LIN0ECMCR
DRG0QNWEA,EP4487874A1-14,Investigative,,Trastuzumab,DX-8951 derivative (DXd),EP4487874A1-14linker,ANI0FIZAK,PAY0UXDSB,LIN0QHIBF
DRG0QNXFY,CN110974975B C-00,Investigative,,Trastuzumab,Monomethyl auristatin E,CN110974975B-C-00-linker,ANI0FIZAK,PAY0FSXOW,LIN0LOMBA
DRG0QOCVG,IGAC-103,Investigative,,Trastuzumab,IG-L-80 Payload,IG-L-74 linker,ANI0FIZAK,PAY0PDHSX,LIN0XFNWY
DRG0QOHSP,TWI857167B IC-94,Investigative,,Trastuzumab,TWI857167B-IC-93-PAYLOAD,TWI857167B-IC-82-LINKER,ANI0FIZAK,PAY0DBICQ,LIN0RAMFZ
DRG0QPAFT,AU2020291014A1 IC-7,Investigative,,Trastuzumab,Undisclosed,Undisclosed,ANI0FIZAK,,
DRG0QPXDK,KR102754055B1 ADCProductionexampleNo.2,Investigative,,Trastuzumab,ADCProductionexampleNo.2Payload,ADCProductionexampleNo.2Linker,ANI0FIZAK,PAY0VYFSS,LIN0NAGRZ
DRG0QPYIH,AU2020291014A1 IC-10,Investigative,,Trastuzumab,AU2020291014A1-Payload-16,Aminobenzazepine-linker Formula II-16,ANI0FIZAK,PAY0FQSFC,LIN0BWREZ
DRG0QQAZD,IGAC-31,Investigative,,Trastuzumab,SMol006,IG-L-14 linker,ANI0FIZAK,PAY0ERORN,LIN0CUSIA
DRG0QQLIB,CN117750982A ADC63,Investigative,,Trastuzumab,CN117750982A ADC62 Payload,CN117750982A ADC59 Linker,ANI0FIZAK,PAY0CNYYV,LIN0OBJWM
DRG0QQTPB,TWI857167B IC-119,Investigative,,Trastuzumab,TWI857167B-IC-118-PAYLOAD,Undisclosed,ANI0FIZAK,PAY0UCJXD,
DRG0QRBBS,Trastuzumab-GDP-D-P2/P4-P1-GGFG-Dxd,Investigative,,Trastuzumab,DX-8951 derivative (DXd),CN119326907A Trastuzumab-GDP-D-P2/P4-P1-GGFG-Dxd Linker,ANI0FIZAK,PAY0UXDSB,LIN0WKALY
DRG0QRBUI,LT4212552T ADC39,Investigative,,Trastuzumab,LT4212552T-ADC-39-PAYLOAD,Mc-Gly-Gly-Phe-Gly,ANI0FIZAK,PAY0NDFYE,LIN0ECMCR
DRG0QREMY,AB185-ADL6-D9,Investigative,,Trastuzumab,D9 payload,Mc-Val-Cit-PABC,ANI0FIZAK,PAY0SRTVU,LIN0SQEDQ
DRG0QRMPP,CN115594732A I-LD017,Investigative,,Trastuzumab,Undisclosed,Undisclosed,ANI0FIZAK,,
DRG0QRRPP,US20240245795A1 Antibody Conjugate 1,Investigative,,Trastuzumab,Exatecan,Mc-Val-Cit-PABC,ANI0FIZAK,PAY0LEIGJ,LIN0SQEDQ
DRG0QRTTE,LT4212552T ADC31,Investigative,,Trastuzumab,LT4212552T ADC49 payload,Mc-Gly-Gly-Phe-Gly,ANI0FIZAK,PAY0YMULZ,LIN0ECMCR
DRG0QSHFM,US20220226492A1 Immunoconjugate T,Investigative,,Trastuzumab,Undisclosed,Undisclosed,ANI0FIZAK,,
DRG0QSYFV,HER2-25,Investigative,,Trastuzumab,Tolllike receptor 7/8 agonist 18,Undisclosed,ANI0FIZAK,PAY0GNKYH,
DRG0QTFWZ,US12144865B2 23e,Investigative,,Trastuzumab,Undisclosed,Undisclosed,ANI0FIZAK,,
DRG0QTIKN,Trastuzumab-GDP-D-P1/P1-P4-GGFG-Dxd,Investigative,,Trastuzumab,DX-8951 derivative (DXd),CN119326907A Trastuzumab-GDP-D-P1/P1-P4-GGFG-Dxd Linker,ANI0FIZAK,PAY0UXDSB,LIN0MMSLV
DRG0QTNTU,AU2023279443A1 Example A7,Investigative,,Trastuzumab,Monomethyl auristatin E,"AU2023279443A1, Example A7, Linker",ANI0FIZAK,PAY0FSXOW,LIN0AMHHG
DRG0QUIHL,US12144865B2 35e,Investigative,,Trastuzumab,Undisclosed,Undisclosed,ANI0FIZAK,,
DRG0QVTUZ,CN113943310A ADC-6,Investigative,,Trastuzumab,D-D6 payload,"CN113943310A, ADC-1, Linker",ANI0FIZAK,PAY0MOMKJ,LIN0VCYSS
DRG0QVXOQ,TWI870307BAntibody-drug conjugate (28),Investigative,,Trastuzumab,TWI870307BAntibody-drug conjugate (26)Payload,TWI870307BAntibody-drug conjugate (26)Linker,ANI0FIZAK,PAY0RIHYV,LIN0RKJOP
DRG0QWANK,AU2023279443A1 Example A13,Investigative,,Trastuzumab,DX-8951 derivative (DXd),"AU2023279443A1, Example A13, Linker",ANI0FIZAK,PAY0UXDSB,LIN0WTVRL
DRG0QWQCM,38354417 T-DL14,Investigative,,Trastuzumab,FD7,MT-GGFG-AM,ANI0FIZAK,PAY0DTXLU,LIN0VGFMG
DRG0QWXBQ,CN117750982A ADC64,Investigative,,Trastuzumab,CN117750982A ADC62 Payload,CN117750982A ADC60 Linker,ANI0FIZAK,PAY0CNYYV,LIN0PKGIS
DRG0QWXZS,KR102754055B1 ADCProductionexampleNo.17,Investigative,,Trastuzumab,ADCProductionexampleNo.17Payload,ADCProductionexampleNo.17Linker,ANI0FIZAK,PAY0JWKJH,LIN0SXZJM
DRG0QYGOM,US20250018051A1 IaⅦ,Investigative,,Trastuzumab,US20250018038A1+IaVII+payload,Mc-Val-Cit-PABC,ANI0FIZAK,PAY0DBBXT,LIN0SQEDQ
DRG0QYLXU,39410752 ADC (9),Investigative,,Trastuzumab,Exatecan,Mal-Exo-EEVC,ANI0FIZAK,PAY0LEIGJ,LIN0CKKUQ
DRG0QZCXF,LT4212552T ADC26,Investigative,,Trastuzumab,LT4212552T ADC49 payload,Mc-Gly-Gly-Phe-Gly,ANI0FIZAK,PAY0YMULZ,LIN0ECMCR
DRG0QZJQV,39410752 ADC (11),Investigative,,Trastuzumab,Monomethyl auristatin E,Mc-Val-Cit-PABC,ANI0FIZAK,PAY0FSXOW,LIN0SQEDQ
DRG0RACYJ,EP4227309A4 ADC-18,Investigative,,Trastuzumab,Undisclosed,Undisclosed,ANI0FIZAK,,
DRG0RBADN,CN115594732A I-LD019,Investigative,,Trastuzumab,Undisclosed,Undisclosed,ANI0FIZAK,,
DRG0RCHUW,AU2023279443A1 Example 3,Investigative,,Trastuzumab,U-030,"AU2023279443A1, Example 4, Linker",ANI0FIZAK,PAY0YIHNK,LIN0RSBPH
DRG0RCSIE,WO2024169913A1 ADC07-01-4,Investigative,,Pertuzumab,B19,Mc-Val-Cit-PABC,ANI0XJJLY,PAY0WQPKG,LIN0SQEDQ
DRG0RFAWQ,US12144865B2 19e,Investigative,,Trastuzumab,Undisclosed,Undisclosed,ANI0FIZAK,,
DRG0RFCRJ,CN118873678A ADC-11,Investigative,,Trastuzumab,Undisclosed,Undisclosed,ANI0FIZAK,,
DRG0RFKPS,EP4227309A4 ADC-6,Investigative,,Trastuzumab,Undisclosed,Undisclosed,ANI0FIZAK,,
DRG0RFQXM,TWI857167B IC-98,Investigative,,Trastuzumab,TWI857167B-IC-63-PAYLOAD,TWI857167B-IC-96-LINKER,ANI0FIZAK,PAY0AYJKR,LIN0FLQUT
DRG0RGWZK,LT4212552T ADC18,Investigative,,Trastuzumab,LT4212552T ADC37 payload,LT4212552T-ADC-17-LINKER,ANI0FIZAK,PAY0THLVA,LIN0NIQNH
DRG0RHJJT,IGAC-41,Investigative,,Trastuzumab,Undisclosed,IG-L-19 linker,ANI0FIZAK,,LIN0WKUVU
DRG0RIAHC,36924655 ADC 29,Investigative,,Trastuzumab,Monomethyl auristatin E,Undisclosed,ANI0FIZAK,PAY0FSXOW,
DRG0RIYCF,Trastuzumab-GDP-D-P2/P8-P4-GGFG-Dxd,Investigative,,Trastuzumab,DX-8951 derivative (DXd),CN119326907A Trastuzumab-GDP-D-P2/P8-P4-GGFG-Dxd Linker,ANI0FIZAK,PAY0UXDSB,LIN0MRDCH
DRG0RJDTQ,TWI857167B IC-56,Investigative,,Trastuzumab,TWI857167B-IC-56-PAYLOAD,Aminobenzazepine-linker Formula II-72,ANI0FIZAK,PAY0DHNOQ,LIN0PWBVA
DRG0RJKCQ,TWI857167B IC-58,Investigative,,Trastuzumab,TWI857167B-IC-58-PAYLOAD,Aminobenzazepine-linker Formula II-3,ANI0FIZAK,PAY0YPUGB,LIN0MDQYJ
DRG0RLLXM,US12144865B2 17e,Investigative,,Trastuzumab,Undisclosed,Undisclosed,ANI0FIZAK,,
DRG0RMRSP,37307297 ADC 3,Investigative,,Trastuzumab,FD-1,Undisclosed,ANI0FIZAK,PAY0AGJNY,
DRG0RMYWT,TWI857167B IC-62,Investigative,,Trastuzumab,TWI857167B-IC-62-PAYLOAD,Aminobenzazepine-linker Formula II-72,ANI0FIZAK,PAY0DVDNF,LIN0PWBVA
DRG0ROAIL,AU2017363246B2 Conjugate28,Investigative,,Trastuzumab,AU2017363246B2+Conjugate28+Payload,Undisclosed,ANI0FIZAK,PAY0IYALE,
DRG0RODJQ,HER-E-37,Investigative,,Trastuzumab,WO2024020536A1+HER-E-37+payload,Mc-Gly-Gly-Phe-Gly,ANI0FIZAK,PAY0HPBPD,LIN0ECMCR
DRG0ROOQX,LT4212552T ADC30,Investigative,,Trastuzumab,LT4212552T ADC49 payload,Mc-Gly-Gly-Phe-Gly,ANI0FIZAK,PAY0YMULZ,LIN0ECMCR
DRG0ROQUL,AB185-ADL1-D22,Investigative,,Trastuzumab,D22 payload,Mc-Val-Cit-PABC,ANI0FIZAK,PAY0YDRVR,LIN0SQEDQ
DRG0RORHA,TWI857167B IC-21,Investigative,,Trastuzumab,TWI857167B-IC-21-PAYLOAD,Aminobenzazepine-linker Formula II-3,ANI0FIZAK,PAY0GSBKN,LIN0MDQYJ
DRG0ROZXO,HC-E258C-1b,Investigative,,Trastuzumab,Monomethyl auristatin E,Undisclosed,ANI0FIZAK,PAY0FSXOW,
DRG0RPGTK,AU2020291014A1 IC-86,Investigative,,Trastuzumab,AU2020291014A1-Payload-80,Aminobenzazepine-linker Formula II-80,ANI0FIZAK,PAY0IZCVO,LIN0TXBZC
DRG0RQHAV,TWI857167B IC-49,Investigative,,Trastuzumab,TWI857167B-IC-49-PAYLOAD,Aminobenzazepine-linker Formula II-3,ANI0FIZAK,PAY0JMSNU,LIN0MDQYJ
DRG0RQRDZ,WO2024230301A1 ADC-1,Investigative,,Trastuzumab,Undisclosed,Undisclosed,ANI0FIZAK,,
DRG0RQUJK,Trastuzumab-C-8,Investigative,,Trastuzumab,KR1020250002133A Trastuzumab-C-8 Payload,KR1020250002133A Trastuzumab-C-8 Linker,ANI0FIZAK,PAY0EJPTW,LIN0XLBDG
DRG0RRBYP,CN113943310A ADC-12,Investigative,,Trastuzumab,"WO2025015586A1, ADC25, Payload","CN113943310A, ADC-12, Linker",ANI0FIZAK,PAY0SLCNJ,LIN0REOIZ
DRG0RSDFL,LT4212552T ADC21,Investigative,,Trastuzumab,LT4212552T ADC37 payload,LT4212552T-ADC-21-LINKER,ANI0FIZAK,PAY0THLVA,LIN0YVSLO
DRG0RTDOE,Trastuzumab-DDDXD,Investigative,,Trastuzumab,Exatecan,EP4183421A1+Trastuzumab-DDDXD+Linker,ANI0FIZAK,PAY0LEIGJ,LIN0YRXGL
DRG0RTPBN,CN115515644A ADC-2-b,Investigative,,Trastuzumab,CN115515644A ADC-1-a Payload,CN115515644A ADC-2-a Linker,ANI0FIZAK,PAY0OUOKN,LIN0FJEJJ
DRG0RTPPY,WO2024169913A1 ADC07-09-4,Investigative,,Pertuzumab,SMol006,Mc-Val-Cit-PABC,ANI0XJJLY,PAY0ERORN,LIN0SQEDQ
DRG0RUOHJ,Trastuzumab-LD4,Investigative,,Trastuzumab,Seco-DUBA,Trastuzumab-LD1-LINKER,ANI0FIZAK,PAY0SOSMQ,LIN0YJNOF
DRG0RURHE,IGAC-43,Investigative,,Trastuzumab,IG-L-18 Payload,IG-L-21 linker,ANI0FIZAK,PAY0XXBTA,LIN0QEQKG
DRG0RUSHF,CN118924912A anti-HER2 ADC1,Investigative,,Trastuzumab,CN118924912A anti-HER2 ADC1 Payload,CN118924912A anti-HER2 ADC1 Linker,ANI0FIZAK,PAY0HTYNN,LIN0COVYL
DRG0RUWAB,EP4227309A4 ADC-3,Investigative,,Trastuzumab,Undisclosed,Undisclosed,ANI0FIZAK,,
DRG0RUXBP,LT4212552T ADC41,Investigative,,Trastuzumab,Topo1 inhibitor B,Mc-Gly-Gly-Phe-Gly,ANI0FIZAK,PAY0LTEJZ,LIN0ECMCR
DRG0RVIIP,CN118924912A anti-HER2 ADC17,Investigative,,Trastuzumab,CN118924912A anti-HER2 ADC17 Payload,CN118924912A anti-HER2 ADC1 Linker,ANI0FIZAK,PAY0DOQWO,LIN0COVYL
DRG0RVPPJ,CN110974975B C-07,Investigative,,Trastuzumab,Active metabolite of irinotecan SN38,Coumpound17,ANI0FIZAK,PAY0ZVBAI,LIN0VAYMW
DRG0RVSJM,CN116888123A ADC-3,Investigative,,Trastuzumab,D2 payload,LA2 linker,ANI0FIZAK,PAY0CIJOH,LIN0DWRAJ
DRG0RVZGD,SMPB-calicheamicin-ADC,Investigative,,Trastuzumab,Calicheamicin,Undisclosed,ANI0FIZAK,PAY0QLDLE,
DRG0RYCPT,AU2017363246B2 Conjugate31B,Investigative,,Trastuzumab,AU2017363246B2+Conjugate31+Payload,AU2017363246B2+Conjugate31+Linker,ANI0FIZAK,PAY0EBVJC,LIN0AUCGW
DRG0RYIHW,US20220226492A1 Immunoconjugate P,Investigative,,Trastuzumab,Undisclosed,Undisclosed,ANI0FIZAK,,
DRG0RYYON,TWI870307BAntibody-drug conjugate (36),Investigative,,Trastuzumab,LT4212552T ADC37 payload,TWI870307BAntibody-drug conjugate (36)Linker,ANI0FIZAK,PAY0THLVA,LIN0GWAUV
DRG0RZDCI,DS-26,Investigative,,Trastuzumab,DS-24 Payload,DS-26 Linker,ANI0FIZAK,PAY0GVRUD,LIN0VZXRE
DRG0SAYLS,HER2-DL003-DAR8,Investigative,,Trastuzumab,DL003-payload,DL003-Linker,ANI0FIZAK,PAY0WZYQL,LIN0YCNBQ
DRG0SBREO,Trastuzumab-MMAE (K288),Investigative,,Trastuzumab,Monomethyl auristatin E,Undisclosed,ANI0FIZAK,PAY0FSXOW,
DRG0SDAEE,HER2-ADC-002,Investigative,,Trastuzumab,DL007-payload; DL003-payload,DL007-Linker; DL003-Linker,ANI0FIZAK,PAY0VGHUY,LIN0WEIIP
DRG0SDALC,AU2023279443A1 Example A9,Investigative,,Trastuzumab,U-036,RU20241285-9-linker,ANI0FIZAK,PAY0ODTLX,LIN0LOHLV
DRG0SDFHH,CN114306633A C-3,Investigative,,Pertuzumab,Monomethyl auristatin E,CN114306633A-C-3-linker,ANI0XJJLY,PAY0FSXOW,LIN0ABZPP
DRG0SECPH,37492000 ADC 7a (4h),Investigative,,Trastuzumab,Monomethyl auristatin E,TetraDVP based linker 2a,ANI0FIZAK,PAY0FSXOW,LIN0GSSZI
DRG0SEGUQ,US11850287B2 IIIb,Investigative,,Trastuzumab,Undisclosed,Undisclosed,ANI0FIZAK,,
DRG0SEPAA,38354417 T-DL6,Investigative,,Trastuzumab,FD5,Mc-Gly-Gly-Phe-Gly,ANI0FIZAK,PAY0LGFOQ,LIN0ECMCR
DRG0SEQQL,HK40112172A  Antibody-drug conjugate (13),Investigative,,Trastuzumab,LT4212552T ADC13 payload,Mc-Gly-Gly-Phe-Gly,ANI0FIZAK,PAY0SSVIQ,LIN0ECMCR
DRG0SETYC,JP7623413B2 ExampleADC45,Investigative,,Trastuzumab,Undisclosed,Undisclosed,ANI0FIZAK,,
DRG0SGJMI,CN115515644A ADC-5-b,Investigative,,Trastuzumab,CN115515644A ADC-1-a Payload,CN115515644A ADC-5-a Linker,ANI0FIZAK,PAY0OUOKN,LIN0MJKTT
DRG0SGPDP,37492000 ADC 6b (4h),Investigative,,Trastuzumab,Monomethyl auristatin E,TetraDVP based linker 1b,ANI0FIZAK,PAY0FSXOW,LIN0JUNSB
DRG0SHMMA,JP2025004232A ADC9,Investigative,,Trastuzumab,Undisclosed,Undisclosed,ANI0FIZAK,,
DRG0SHODF,TWI870307BAntibody-drug conjugate (9),Investigative,,Trastuzumab,LT4212552T ADC10 payload,TWI870307BAntibody-drug conjugate (9)Linker,ANI0FIZAK,PAY0MPNDV,LIN0KBMDS
DRG0SIHPJ,IN202417100055A Reference Example A20,Investigative,,Trastuzumab,Undisclosed,Undisclosed,ANI0FIZAK,,
DRG0SIJPX,38354417 T-DL1,Investigative,,Trastuzumab,FD1,MT-GGFG-AM,ANI0FIZAK,PAY0QUDQK,LIN0VGFMG
DRG0SKLUA,US20250018051A1 IaⅰⅣ,Investigative,,Trastuzumab,US20250018038A1+IaXIV+payload,Mc-Val-Ala-PABC,ANI0FIZAK,PAY0RXZJD,LIN0OXUQL
DRG0SKYBY,US20220226492A1 Immunoconjugate S,Investigative,,Trastuzumab,Undisclosed,Undisclosed,ANI0FIZAK,,
DRG0SMGLN,TWI857167B IC-103,Investigative,,Trastuzumab,TWI857167B-IC-102-PAYLOAD,TWI857167B-IC-101-LINKER,ANI0FIZAK,PAY0IJAUW,LIN0UYIXI
DRG0SMNXY,Trastuzumab-C-20,Investigative,,Trastuzumab,Undisclosed,KR1020250002133A Trastuzumab-C-20 Linker,ANI0FIZAK,,LIN0MUSKH
DRG0SMRTZ,WO2019126691A1 Conjugate No.60,Investigative,,Trastuzumab,Conjugate No.60 Payload,Conjugate No.5 Linker,ANI0FIZAK,PAY0OCOQY,LIN0UJVWG
DRG0SMZII,IGAC-93,Investigative,,Trastuzumab,IG-L-18 Payload,IG-L-25 linker,ANI0FIZAK,PAY0XXBTA,LIN0HSKUK
DRG0SNDIQ,TWI857167B IC-47,Investigative,,Trastuzumab,TWI857167B-IC-47-PAYLOAD,Aminobenzazepine-linker Formula II-72,ANI0FIZAK,PAY0UGGPY,LIN0PWBVA
DRG0SNYRW,HK40112172A  Antibody-drug conjugate (9),Investigative,,Trastuzumab,LT4212552T ADC10 payload,HK40112172A+Antibody-drug conjugate (7)+Linker,ANI0FIZAK,PAY0MPNDV,LIN0BGOTS
DRG0SOBNO,TWI870307BAntibody-drug conjugate (47),Investigative,,Trastuzumab,Undisclosed,Mc-Gly-Gly-Phe-Gly,ANI0FIZAK,,LIN0ECMCR
DRG0SOJBG,EP4487874A1-7,Investigative,,Trastuzumab,EP4487874A1-7payload,EP4487874A1-7linker,ANI0FIZAK,PAY0RVIPP,LIN0IDLIL
DRG0SOJFA,LC302-2-1,Investigative,,Trastuzumab,Undisclosed,Undisclosed,ANI0FIZAK,,
DRG0SOJSZ,IGAC-11,Investigative,,Trastuzumab,IG-L-3 Payload,IG-L-3 linker,ANI0FIZAK,PAY0KMZNM,LIN0KDPCU
DRG0SOTUD,TWI857167B IC-30,Investigative,,Trastuzumab,TWI857167B IC-38 payload,TWI857167B-IC-30-LINKER,ANI0FIZAK,PAY0UZBYK,LIN0FAARM
DRG0SPIRS,CN115594732A II-LD-016,Investigative,,Trastuzumab,Undisclosed,Undisclosed,ANI0FIZAK,,
DRG0SPUFF,AB185-ADL5-D19,Investigative,,Trastuzumab,D19 payload,Mc-Val-Cit-PAB (Qamine) linker,ANI0FIZAK,PAY0GLKES,LIN0UJZNU
DRG0SQZRZ,EP4487874A1-19,Investigative,,Trastuzumab,RU20241285-23-payload,EP4487874A1-19linker,ANI0FIZAK,PAY0PHHQL,LIN0DPQRI
DRG0STAOE,Trastuzumab N221 (GDLN)-MMAF,Investigative,,Trastuzumab,Monomethyl auristatin F,Undisclosed,ANI0FIZAK,PAY0QLDVX,
DRG0STHKM,AU2020291014A1 IC-1,Investigative,,Trastuzumab,AU2020291014A1-Payload-2,Aminobenzazepine-linker Formula II-2,ANI0FIZAK,PAY0NTXJX,LIN0XKFDP
DRG0SVEHA,TWI857167B IC-100,Investigative,,Trastuzumab,TWI857167B-IC-99-PAYLOAD,Undisclosed,ANI0FIZAK,PAY0HQTDG,
DRG0SVWWV,CN113943310A ADC-14,Investigative,,Trastuzumab,Compound 4,"CN113943310A, ADC-12, Linker",ANI0FIZAK,PAY0BPLWL,LIN0REOIZ
DRG0SWBCN,AU2020291014A1 IC-14,Investigative,,Trastuzumab,AU2020291014A1-Payload-70,Aminobenzazepine-linker Formula II-17,ANI0FIZAK,PAY0PQSSO,LIN0HFQBD
DRG0SWCOG,ADC2122,Phase 1,Unspecific solid tumor,Pertuzumab,Duostatin 5,Pip-Val-Cit linker,ANI0XJJLY,PAY0EQOWS,LIN0RVQXQ
DRG0SWIMM,AU2023226367A1-16,Investigative,,Trastuzumab,Eribulin,EP4487874A1-18linker,ANI0FIZAK,PAY0JAEKD,LIN0EKFWP
DRG0SWSSG,AU2023308528A1 ADC7,Investigative,,Trastuzumab,"N- (4- ((S)-2- ((S)-2-amino-3- methylbutanamido)propanamido)phenyl)-4- (4- (4- (4- (( (S)-2-methoxy-12-oxo-6a,7,8,9,10,12-hexahydrobenzo[e]pyrido[1,2-a][1,4]diazepin-3-yl)oxy)butanamido)-1-methyl-1H-pyrrole-2-carboxamido)phenyl)-1-methyl-1H-pyrrole-2-carboxamide","(S)-75-oxo-76- (4- (3-tosyl-2- (tosylmethyl)propanoyl)benzamido) 2,5,8,11,14,17,20,23,26,29,32,35,38,41,44,47,50,53,56,59,62,65,68,71-tetracosaoxa-74 azanonaheptacontan-79-oic acid",ANI0FIZAK,PAY0SFRLL,LIN0DYZDF
DRG0SXBNO,LC-K149C-1b,Investigative,,Trastuzumab,Monomethyl auristatin E,Undisclosed,ANI0FIZAK,PAY0FSXOW,
DRG0SXVYY,HC-S400C-3,Investigative,,Trastuzumab,Monomethyl auristatin E,Undisclosed,ANI0FIZAK,PAY0FSXOW,
DRG0SXYCS,HK40112172A Antibody-drug conjugate (28),Investigative,,Trastuzumab,LT4212552T ADC49 payload,Mc-Gly-Gly-Phe-Gly,ANI0FIZAK,PAY0YMULZ,LIN0ECMCR
DRG0SZKUJ,Trastuzumab-Example 7,Investigative,,Trastuzumab,CN119343152A Trastuzumab-Example6 Payload,CN119343152A Trastuzumab-Example7 Linker,ANI0FIZAK,PAY0JODQA,LIN0ZCAHI
DRG0TAELO,TWI857167B IC-60,Investigative,,Trastuzumab,TWI857167B-IC-60-PAYLOAD,Aminobenzazepine-linker Formula II-72,ANI0FIZAK,PAY0JVQEV,LIN0PWBVA
DRG0TBVHK,CN119343374A ADC-RIT41C,Investigative,,Rituximab,Undisclosed,Undisclosed,ANI0YRYTW,,
DRG0TCMCZ,TWI857167B IC-81,Investigative,,Trastuzumab,TWI857167B-IC-80-PAYLOAD,Aminobenzazepine-linker Formula II-3,ANI0FIZAK,PAY0SAAVM,LIN0MDQYJ
DRG0TCTDY,AU2020291014A1 IC-16,Investigative,,Trastuzumab,Undisclosed,Undisclosed,ANI0FIZAK,,
DRG0TEANN,HER-E-49,Investigative,,Trastuzumab,WO2024020536A1+HER-E-37+payload,WO2024020536A1+HER-E-49+Linker,ANI0FIZAK,PAY0HPBPD,LIN0TQYGO
DRG0TEQXJ,TWI857167B IC-117,Investigative,,Trastuzumab,TWI857167B-IC-116-PAYLOAD,Undisclosed,ANI0FIZAK,PAY0JLTOK,
DRG0TERQC,WO2019126691A1 Conjugate No.119,Investigative,,Trastuzumab,Conjugate No.94 Payload,Conjugate No.119 Linker,ANI0FIZAK,PAY0INIAW,LIN0UJSYD
DRG0TFETM,CN118873678A ADC-12,Investigative,,Trastuzumab,Undisclosed,Undisclosed,ANI0FIZAK,,
DRG0TFLTG,IGAC-85,Investigative,,Trastuzumab,IG-L-44 Payload,IG-L-44 linker,ANI0FIZAK,PAY0KHUPA,LIN0YWVZA
DRG0TGJUJ,AU2020291014A1 IC-18,Investigative,,Trastuzumab,AU2020291014A1-Payload-25,Aminobenzazepine-linker Formula II-25,ANI0FIZAK,PAY0AHQCM,LIN0JKURF
DRG0TGKKJ,CN118924912A anti-HER2 ADC19,Investigative,,Trastuzumab,CN118924912A anti-HER2 ADC19 Payload,CN118924912A anti-HER2 ADC1 Linker,ANI0FIZAK,PAY0SWVQB,LIN0COVYL
DRG0TGQSA,CN117750982A ADC60,Investigative,,Trastuzumab,CN117750982A ADC58 Payload,CN117750982A ADC60 Linker,ANI0FIZAK,PAY0JJZCN,LIN0PKGIS
DRG0THCZQ,IGAC-5,Investigative,,Trastuzumab,IG-L-2 Payload,MP-Ala-Ala-PAB,ANI0FIZAK,PAY0QPAKD,LIN0SIBWN
DRG0THMIF,Trastuzumab-TCO*A-11,Investigative,,Trastuzumab,Undisclosed,CN118574641A-Trastuzumab-TCO*A-11-linker,ANI0FIZAK,,LIN0DOJKC
DRG0THODD,WO2024230301A1 ADC-17,Investigative,,Trastuzumab,Undisclosed,Undisclosed,ANI0FIZAK,,
DRG0TIIGV,HER2-ADC-003,Investigative,,Trastuzumab,DL007-payload; DL003-payload,DL007-Linker; DL003-Linker,ANI0FIZAK,PAY0VGHUY,LIN0WEIIP
DRG0TJCLC,TWI857167B IC-51,Investigative,,Trastuzumab,TWI857167B-IC-51-PAYLOAD,Aminobenzazepine-linker Formula II-3,ANI0FIZAK,PAY0SWJWF,LIN0MDQYJ
DRG0TJUTN,Trastuzumab-LD7,Investigative,,Trastuzumab,Undisclosed,Trastuzumab-LD7-LINKER,ANI0FIZAK,,LIN0WHCVX
DRG0TKACG,CN118401256A ADC 2,Investigative,,Trastuzumab,Monomethyl auristatin E,Maleimido-caproyl-Val-Cit-PABC,ANI0FIZAK,PAY0FSXOW,LIN0ZNSVP
DRG0TKCAG,TWI857167B IC-91,Investigative,,Trastuzumab,TWI857167B-IC-90-PAYLOAD,Undisclosed,ANI0FIZAK,PAY0GCUKP,
DRG0TKHTR,HC-E258C-4,Investigative,,Trastuzumab,Monomethyl auristatin E,Undisclosed,ANI0FIZAK,PAY0FSXOW,
DRG0TKKIZ,37307297 ADC 8,Investigative,,Trastuzumab,FD-1,Undisclosed,ANI0FIZAK,PAY0AGJNY,
DRG0TLWGY,TWI857167B IC-61,Investigative,,Trastuzumab,TWI857167B IC-67 payload,TWI857167B-IC-61-LINKER,ANI0FIZAK,PAY0EQMXU,LIN0ZARRT
DRG0TLWHY,CN113943310A ADC-5,Investigative,,Trastuzumab,D-D5 payload,"CN113943310A, ADC-1, Linker",ANI0FIZAK,PAY0ETHEF,LIN0VCYSS
DRG0TLWIH,37307297 ADC 7,Investigative,,Trastuzumab,FD-1,Undisclosed,ANI0FIZAK,PAY0AGJNY,
DRG0TPDRX,AU2020291014A1 IC-8,Investigative,,Trastuzumab,AU2020291014A1-Payload-70,Aminobenzazepine-linker Formula II-15,ANI0FIZAK,PAY0PQSSO,LIN0PQLVY
DRG0TQJVK,38354417 T-DL4,Investigative,,Trastuzumab,FD3,MT-GGFG-AM,ANI0FIZAK,PAY0SCOXE,LIN0VGFMG
DRG0TRFZH,HER2-ADC-008,Investigative,,Trastuzumab,DL012-payload; DL003-payload,DL012-Linker; DL003-Linker,ANI0FIZAK,PAY0SXTGB,LIN0DFGHC
DRG0TRPVM,WO2024222841A1 ADC39,Investigative,,Trastuzumab,(S)B19,OXD-VA-PAB (PEG),ANI0FIZAK,PAY0ZHKZT,LIN0FNBQA
DRG0TTTLR,US11903948B2 I-3,Investigative,,Trastuzumab,Undisclosed,Undisclosed,ANI0FIZAK,,
DRG0TTTWQ,IN202417100055A Reference Example 6,Investigative,,Trastuzumab,Undisclosed,Undisclosed,ANI0FIZAK,,
DRG0TUEFZ,WO2024230301A1 ADC-5,Investigative,,Trastuzumab,Undisclosed,Undisclosed,ANI0FIZAK,,
DRG0TULUO,IGAC-3,Investigative,,Trastuzumab,SMol006,MP-Ala-Ala-PAB,ANI0FIZAK,PAY0ERORN,LIN0SIBWN
DRG0TVPWJ,TWI870307BAntibody-drug conjugate (50),Investigative,,Trastuzumab,Undisclosed,Mc-Gly-Gly-Phe-Gly,ANI0FIZAK,,LIN0ECMCR
DRG0TVPXM,T-VCR 6a,Investigative,,Trastuzumab,Vincristine (VCR),Mc-Val-Cit-PABC,ANI0FIZAK,PAY0LQKZE,LIN0SQEDQ
DRG0TVQCX,TWI857167B IC-24,Investigative,,Trastuzumab,TWI857167B-IC-24-PAYLOAD,Aminobenzazepine-linker Formula II-3,ANI0FIZAK,PAY0ZEBGT,LIN0MDQYJ
DRG0TVZGE,CN118924912A anti-HER2 ADC13,Investigative,,Trastuzumab,CN118924912A anti-HER2 ADC13 Payload,CN118924912A anti-HER2 ADC1 Linker,ANI0FIZAK,PAY0JIXSQ,LIN0COVYL
DRG0TWLZW,AB185-ADL12-D22,Investigative,,Trastuzumab,D22 payload,Mal- (CH2)6- linker,ANI0FIZAK,PAY0YDRVR,LIN0NKYME
DRG0TXJGS,IGAC-54,Investigative,,Trastuzumab,IG-L-38 Payload,IG-L-38 linker,ANI0FIZAK,PAY0QFJBG,LIN0WRJNC
DRG0TXMTC,US20250018051A1 IaⅩ,Investigative,,Trastuzumab,US20250018038A1+IaIII+payload,Mc-Val-Cit-PABC,ANI0FIZAK,PAY0UFBMR,LIN0SQEDQ
DRG0TXQKX,IGAC-79,Investigative,,Trastuzumab,CC-885,IG-L-42 linker,ANI0FIZAK,PAY0OWPRN,LIN0KYQGP
DRG0TYTCU,EP4227309A4 ADC-14,Investigative,,Trastuzumab,Undisclosed,Undisclosed,ANI0FIZAK,,
DRG0TYWMH,HER2-ADC-004,Investigative,,Trastuzumab,DL007-payload; DL002-payload,DL007-Linker; DL002-Linker,ANI0FIZAK,PAY0VFGHN,LIN0ZSDFG
DRG0TZSXB,TWI857167B IC-110,Investigative,,Trastuzumab,TWI857167B-IC-101-PAYLOAD,TWI857167B-IC-108-LINKER,ANI0FIZAK,PAY0RNQZM,LIN0EVGEF
DRG0TZYBC,US20220226492A1 Immunoconjugate D,Investigative,,Trastuzumab,Undisclosed,Undisclosed,ANI0FIZAK,,
DRG0UAFXK,TWI857167B IC-15,Investigative,,Trastuzumab,TWI857167B IC-74 payload,Aminobenzazepine-linker Formula II-3,ANI0FIZAK,PAY0CFWKE,LIN0MDQYJ
DRG0UAKFM,39410752 ADC (1),Investigative,,Trastuzumab,Pyrene,Mal-Exo-EVC,ANI0FIZAK,PAY0QVXIZ,LIN0FYFHS
DRG0UBEWB,WO2023232144A1ADC22,Investigative,,Trastuzumab,"WO2025015586A1, ADC22, Payload",Mc-Val-Cit-PABC,ANI0FIZAK,PAY0IVXDT,LIN0SQEDQ
DRG0UBOYV,IN202417100055A Reference Example A19,Investigative,,Trastuzumab,Undisclosed,Undisclosed,ANI0FIZAK,,
DRG0UBQII,WO2023047090A1-SN-38 reagent (13) ADC,Investigative,,Trastuzumab,Undisclosed,Undisclosed,ANI0FIZAK,,
DRG0UCOCZ,39410752 ADC (5),Investigative,,Trastuzumab,Monomethyl auristatin E,Mal-Exo-EVC,ANI0FIZAK,PAY0FSXOW,LIN0FYFHS
DRG0UCWTE,39410752 ADC (8),Investigative,,Trastuzumab,Monomethyl auristatin E,Mal-Exo-EEVC,ANI0FIZAK,PAY0FSXOW,LIN0CKKUQ
DRG0UDKVC,Trastuzumab-LD6,Investigative,,Trastuzumab,Seco-DUBA,Trastuzumab-LD1-LINKER,ANI0FIZAK,PAY0SOSMQ,LIN0YJNOF
DRG0UDZSY,39235949 anti-HER2-2,Investigative,,Trastuzumab,Undisclosed,Undisclosed,ANI0FIZAK,,
DRG0UECCR,IN202417100055A Reference Example A22,Investigative,,Trastuzumab,Undisclosed,Undisclosed,ANI0FIZAK,,
DRG0UEMGA,37828728 ADC 6,Investigative,,Trastuzumab,Exatecan,Mc-Val-Cit-PABC,ANI0FIZAK,PAY0LEIGJ,LIN0SQEDQ
DRG0UEODX,AU2017363246B2 Conjugate48,Investigative,,Trastuzumab,AU2017363246B2+Conjugate48+Payload,AU2017363246B2+Conjugate48+Linker,ANI0FIZAK,PAY0DJMGK,LIN0IUPQH
DRG0UEUNP,CN115594732A I-LD018A,Investigative,,Trastuzumab,Undisclosed,Undisclosed,ANI0FIZAK,,
DRG0UEYOP,EP4487874A1-26,Investigative,,Trastuzumab,RU20241285-23-payload,EP4487874A1-24linker,ANI0FIZAK,PAY0PHHQL,LIN0SCMJH
DRG0UFCFC,AB185-ADL12-D20,Investigative,,Trastuzumab,D20 payload,Mal- (CH2)6- linker,ANI0FIZAK,PAY0BMLTL,LIN0NKYME
DRG0UGAGN,ZA202500114A-ADC-6,Investigative,,Trastuzumab,Undisclosed,Undisclosed,ANI0FIZAK,,
DRG0UGFKP,39235949 anti-HER2-5,Investigative,,Trastuzumab,Undisclosed,Undisclosed,ANI0FIZAK,,
DRG0UGYYS,WO2024169913A1 ADC07-06-8,Investigative,,Pertuzumab,B63,Mc-Val-Ala-PABC,ANI0XJJLY,PAY0LFXNZ,LIN0OXUQL
DRG0UHBHY,HC-E258C-1a,Investigative,,Trastuzumab,Monomethyl auristatin E,Undisclosed,ANI0FIZAK,PAY0FSXOW,
DRG0UHPLT,TWI857167B IC-106,Investigative,,Trastuzumab,TWI857167B-IC-105-PAYLOAD,Undisclosed,ANI0FIZAK,PAY0EVJTW,
DRG0UIMXV,Trastuzumab-C-10,Investigative,,Trastuzumab,Undisclosed,KR1020250002133A Trastuzumab-C-10 Linker,ANI0FIZAK,,LIN0IYRSR
DRG0UITII,IGAC-19,Investigative,,Trastuzumab,IG-L-9 Payload,MP-Ala-Ala-PAB,ANI0FIZAK,PAY0TXJMH,LIN0SIBWN
DRG0UJQVF,US20230109312A1 ADC with 4 MMAF,Investigative,,Trastuzumab,Monomethyl auristatin F,US20230109312A1 ADC with 4 MMAF Linker,ANI0FIZAK,PAY0QLDVX,LIN0RPRDB
DRG0UKGOX,AU2023279443A1 Example 1,Investigative,,Trastuzumab,U-030; Ac-Exatecan,"AU2023279443A1, Example 1, Linker",ANI0FIZAK,PAY0GHJUN,LIN0XXULC
DRG0ULVCX,37492000 ADC 7d (4h),Investigative,,Trastuzumab,Monomethyl auristatin E,TetraDVP based linker 2d,ANI0FIZAK,PAY0FSXOW,LIN0GSVMG
DRG0UMLIY,Trastuzumab-ZY-948,Investigative,,Trastuzumab,Undisclosed,Undisclosed,ANI0FIZAK,,
DRG0UMVFM,38354417 T-DL11,Investigative,,Trastuzumab,FD5,MT-GGFG-AM,ANI0FIZAK,PAY0LGFOQ,LIN0VGFMG
DRG0UMYBB,HK40112172A Antibody-drug conjugate (44),Investigative,,Trastuzumab,LT4212552T ADC49 payload,HK40112172A+Antibody-drug conjugate (44)+Linker,ANI0FIZAK,PAY0YMULZ,LIN0DZXRU
DRG0UMYCG,TWI857167B IC-121,Investigative,,Trastuzumab,TWI857167B-IC-115-PAYLOAD,Undisclosed,ANI0FIZAK,PAY0XOVNY,
DRG0UNVOP,AU2017363246B2 Conjugate46B,Investigative,,Trastuzumab,AU2017363246B2+Conjugate46+Payload,AU2017363246B2+Conjugate46+Linker,ANI0FIZAK,PAY0OVOPO,LIN0IXQHR
DRG0UOHRG,TWI870307BAntibody-drug conjugate (44),Investigative,,Trastuzumab,TWI870307BAntibody-drug conjugate (44)Payload,TWI870307BAntibody-drug conjugate (44)Linker,ANI0FIZAK,PAY0TDSRA,LIN0AAGTA
DRG0UOJKQ,US20250018051A1 IaⅰⅠ,Investigative,,Trastuzumab,US20250018038A1+IaV+payload,Mc-Val-Cit-PABC,ANI0FIZAK,PAY0ERBVW,LIN0SQEDQ
DRG0UPFBM,TWI857167B IC-104,Investigative,,Trastuzumab,TWI857167B-IC-95-PAYLOAD,Undisclosed,ANI0FIZAK,PAY0LOKOS,
DRG0UQEIA,IGAC-84,Investigative,,Trastuzumab,IG-L-43 Payload,IG-L-43 linker,ANI0FIZAK,PAY0MGUFA,LIN0YEAMG
DRG0UQYVS,AU2020291014A1 IC-13,Investigative,,Trastuzumab,AU2020291014A1-Payload-19,Aminobenzazepine-linker Formula II-17,ANI0FIZAK,PAY0MKANG,LIN0HFQBD
DRG0URIGE,IGAC-36,Investigative,,Trastuzumab,IG-L-13 Payload,IG-L-13 linker,ANI0FIZAK,PAY0OIRPX,LIN0VJIKW
DRG0USHDX,HK40112172A Antibody-drug conjugate (21),Investigative,,Trastuzumab,LT4212552T ADC10 payload,HK40112172A+Antibody-drug conjugate (7)+Linker,ANI0FIZAK,PAY0MPNDV,LIN0BGOTS
DRG0UUUVA,Tmab-VcMMAE-SMCC-DM1,Investigative,,Trastuzumab,Monomethyl auristatin E; Maytansinoid DM1,Mc-Val-Cit-PABC; Succinimidyl-4- (N-maleimidomethyl)cyclohexane-1-carboxylate (SMCC),ANI0FIZAK,PAY0VFRHN,LIN0DFXLP
DRG0UVJLX,CN118924912A anti-HER2 ADC20,Investigative,,Trastuzumab,CN118924912A anti-HER2 ADC20 Payload,CN118924912A anti-HER2 ADC1 Linker,ANI0FIZAK,PAY0EXUUL,LIN0COVYL
DRG0UVLBS,HC-E258C-2,Investigative,,Trastuzumab,Monomethyl auristatin E,Undisclosed,ANI0FIZAK,PAY0FSXOW,
DRG0UVZJQ,WO2024169913A1 ADC01-02-4,Investigative,,Trastuzumab,B19,Mc-Val-Ala-PABC,ANI0FIZAK,PAY0WQPKG,LIN0OXUQL
DRG0UWMWG,WO2023232144A1ADC-6,Investigative,,Trastuzumab,"WO2023232144A1, ADC-2, Payload","WO2023232144A1, ADC-2, linker",ANI0FIZAK,PAY0FSRJA,LIN0KXYKG
DRG0UWTXQ,WO2024230301A1 ADC-12,Investigative,,Trastuzumab,Undisclosed,Undisclosed,ANI0FIZAK,,
DRG0UXBCL,37828728 ADC 2,Investigative,,Trastuzumab,Exatecan,P5 (PEG2)-VC-PAB,ANI0FIZAK,PAY0LEIGJ,LIN0XQQDZ
DRG0UXWPB,EP4494656A1 DM-III,Investigative,,Trastuzumab,DM-III Payload,DM-III Linker,ANI0FIZAK,PAY0UESKM,LIN0NETYQ
DRG0UYCLU,AU2023308528A1 ADC2,Investigative,,Trastuzumab,PBD-butanamide derivative,6-Maleimidocaproic acid,ANI0FIZAK,PAY0GQQXD,LIN0DSBFC
DRG0UYKTM,AU2020291014A1 IC-78,Investigative,,Trastuzumab,AU2020291014A1-Payload-78,Aminobenzazepine-linker Formula II-69,ANI0FIZAK,PAY0GFCGW,LIN0MIYKG
DRG0UZXQB,TZ-dSA3-2,Investigative,,Trastuzumab,diABZI STING agonist 3,Undisclosed,ANI0FIZAK,PAY0WDWDM,
DRG0VAEMO,Antibody-fluorophore conjugate FCY (11),Investigative,,Trastuzumab,Biorthogonal azide 9,Undisclosed,ANI0FIZAK,PAY0IMEAO,
DRG0VAKXF,CN116782954A ADC4b-DAR4,Investigative,,Trastuzumab,Undisclosed,Undisclosed,ANI0FIZAK,,
DRG0VAPQX,IN202417100055A Reference Example A11,Investigative,,Trastuzumab,Undisclosed,Undisclosed,ANI0FIZAK,,
DRG0VBIFM,CN118924912A anti-HER2 ADC11,Investigative,,Trastuzumab,CN118924912A anti-HER2 ADC11 Payload,CN118924912A anti-HER2 ADC1 Linker,ANI0FIZAK,PAY0GYUKP,LIN0COVYL
DRG0VCTRZ,US12144865B2 27e,Investigative,,Trastuzumab,Undisclosed,Undisclosed,ANI0FIZAK,,
DRG0VCUFT,TWI857167B IC-109,Investigative,,Trastuzumab,TWI857167B-IC-108-PAYLOAD,Undisclosed,ANI0FIZAK,PAY0XYIVM,
DRG0VDCYV,US20240245795A1 Antibody Conjugate 4,Investigative,,Trastuzumab,Undisclosed,Undisclosed,ANI0FIZAK,,
DRG0VDLYJ,TWI870307BAntibody-drug conjugate (13),Investigative,,Trastuzumab,TWI870307BAntibody-drug conjugate (12)Payload,Mc-Gly-Gly-Phe-Gly,ANI0FIZAK,PAY0KBTTL,LIN0ECMCR
DRG0VEHUO,TWI857167B IC-75,Investigative,,Trastuzumab,TWI857167B-IC-74-PAYLOAD,TWI857167B-IC-70-LINKER,ANI0FIZAK,PAY0NTBOK,LIN0KYPHY
DRG0VHHXG,CN115594732A I-LD020,Investigative,,Trastuzumab,Undisclosed,Undisclosed,ANI0FIZAK,,
DRG0VHIJE,HC-S400C-4,Investigative,,Trastuzumab,Monomethyl auristatin E,Undisclosed,ANI0FIZAK,PAY0FSXOW,
DRG0VHTVN,US20250018051A1 IaⅢ,Investigative,,Trastuzumab,US20250018038A1+IaIII+payload,Mc-Val-Cit-PABC,ANI0FIZAK,PAY0UFBMR,LIN0SQEDQ
DRG0VHYRC,LT4212552T ADC47,Investigative,,Trastuzumab,LT4212552T ADC49 payload,Mc-Gly-Gly-Phe-Gly,ANI0FIZAK,PAY0YMULZ,LIN0ECMCR
DRG0VIRWT,TWI857167B IC-46,Investigative,,Trastuzumab,TWI857167B-IC-45-PAYLOAD,Aminobenzazepine-linker Formula II-72,ANI0FIZAK,PAY0NWGMH,LIN0PWBVA
DRG0VISSC,37486969 ADC 43,Investigative,,Trastuzumab,STING Agonist  15,Undisclosed,ANI0FIZAK,PAY0BTODV,
DRG0VJOSK,Trastuzumab-DXd (38003245),Investigative,,Trastuzumab,DX-8951 derivative (DXd),Undisclosed,ANI0FIZAK,PAY0UXDSB,
DRG0VKWJF,WO2024169913A1 ADC01-06-8,Investigative,,Trastuzumab,B19,Mc-Val-Ala-PABC,ANI0FIZAK,PAY0WQPKG,LIN0OXUQL
DRG0VLCVJ,TWI857167B IC-66,Investigative,,Trastuzumab,TWI857167B-IC-65-PAYLOAD,TWI857167B-IC-66-LINKER,ANI0FIZAK,PAY0MNSFQ,LIN0JXIPU
DRG0VLMVA,37917829 ADC 2,Investigative,,Trastuzumab,RIPK2 PROTAC,Undisclosed,ANI0FIZAK,PAY0ASRMU,
DRG0VLQUK,AU2017363246B2 Conjugate43B,Investigative,,Trastuzumab,AU2017363246B2+Conjugate43+Payload,AU2017363246B2+Conjugate43+Linker,ANI0FIZAK,PAY0ETIVZ,LIN0MVVCA
DRG0VMFAF,WO2024230301A1 ADC-9,Investigative,,Trastuzumab,Undisclosed,Undisclosed,ANI0FIZAK,,
DRG0VNEYX,T-ADC,Investigative,,Trastuzumab,(S)B19,OXDc-VA-PAB (PEG),ANI0FIZAK,PAY0ZHKZT,LIN0XOHOG
DRG0VNKJF,38888299 ADC 1,Investigative,,Trastuzumab,Monomethyl auristatin E,Tuneable thiol exchange linker 1,ANI0FIZAK,PAY0FSXOW,LIN0ZJHUI
DRG0VNTGS,TWI857167B IC-86,Investigative,,Trastuzumab,TWI857167B-IC-85-PAYLOAD,Aminobenzazepine-linker Formula II-82,ANI0FIZAK,PAY0PTMLT,LIN0SWLZQ
DRG0VOLHA,KR102754055B1 ADCProductionexampleNo.10,Investigative,,Trastuzumab,ADCProductionexampleNo.10Payload,ADCProductionexampleNo.10Linker,ANI0FIZAK,PAY0XCPOL,LIN0UURWI
DRG0VQAWV,AU2020291014A1 IC-31,Investigative,,Trastuzumab,AU2020291014A1-Payload-42,Aminobenzazepine-linker Formula II-42,ANI0FIZAK,PAY0VBEYJ,LIN0JSNKK
DRG0VQDDU,HK40112172A Antibody-drug conjugate (37),Investigative,,Trastuzumab,LT4212552T ADC37 payload,HK40112172A+Antibody-drug conjugate (36)+Linker,ANI0FIZAK,PAY0THLVA,LIN0XDJXF
DRG0VQOUS,HER-E-40,Investigative,,Trastuzumab,WO2024020536A1+HER-E-37+payload,Mc-Gly-Gly-Phe-Gly,ANI0FIZAK,PAY0HPBPD,LIN0ECMCR
DRG0VRKIK,CN113943310A ADC-3,Investigative,,Trastuzumab,D-D3 payload,"CN113943310A, ADC-1, Linker",ANI0FIZAK,PAY0QQUYJ,LIN0VCYSS
DRG0VROXA,Tras-Bel,Investigative,,Trastuzumab,Belotecan,AB2 self-immolative dendritic scaffold,ANI0FIZAK,PAY0EHKEY,LIN0WGHPO
DRG0VRVWG,Tra-25-4,Investigative,,Trastuzumab,PBX-7014,Mc-Gly-Gly-Phe-Gly,ANI0FIZAK,PAY0KXQHC,LIN0ECMCR
DRG0VRZGF,AU2016292759A1 ADC-1,Investigative,,Trastuzumab,AU2016292759A1-ADC-1-payload,AU2016292759A1-ADC-1-linker,ANI0FIZAK,PAY0SQHBN,LIN0IOQLS
DRG0VSJZM,WO2019126691A1 Conjugate No.10,Investigative,,Trastuzumab,Conjugate No.10 Payload,Conjugate No.5 Linker,ANI0FIZAK,PAY0QGSZM,LIN0UJVWG
DRG0VTBUA,Trastuzumab-LD5,Investigative,,Trastuzumab,Seco-DUBA,Trastuzumab-LD1-LINKER,ANI0FIZAK,PAY0SOSMQ,LIN0YJNOF
DRG0VTLYJ,37307297 ADC 12,Investigative,,Trastuzumab,FD-2,Undisclosed,ANI0FIZAK,PAY0VPLLV,
DRG0VTMMD,LT4212552T ADC40,Investigative,,Trastuzumab,LT4212552T-ADC-39-PAYLOAD,Mc-Gly-Gly-Phe-Gly,ANI0FIZAK,PAY0NDFYE,LIN0ECMCR
DRG0VTVXA,CN118401256A ADC 1,Investigative,,Trastuzumab,Monomethyl auristatin E,Allenamide-Amcap-Val-Cit-PABC,ANI0FIZAK,PAY0FSXOW,LIN0TQNXV
DRG0VTZEQ,AU2020291014A1 IC-5,Investigative,,Trastuzumab,Undisclosed,Undisclosed,ANI0FIZAK,,
DRG0VUIWO,LT4212552T ADC16,Investigative,,Trastuzumab,LT4212552T ADC37 payload,Undisclosed,ANI0FIZAK,PAY0THLVA,
DRG0VVFPR,KR102754055B1 ADCProductionexampleNo.18,Investigative,,Trastuzumab,ADCProductionexampleNo.18Payload,ADCProductionexampleNo.18Linker,ANI0FIZAK,PAY0LTXPK,LIN0MQTYU
DRG0VVRHS,TWI857167B IC-122,Investigative,,Trastuzumab,Undisclosed,Undisclosed,ANI0FIZAK,,
DRG0VXVAF,KR102754055B1 ADCProductionexampleNo.20,Investigative,,Trastuzumab,ADCProductionexampleNo.20Payload,ADCProductionexampleNo.20Linker,ANI0FIZAK,PAY0LOFDO,LIN0SAYQO
DRG0VYLYR,AU2023279443A1Example A15,Investigative,,Trastuzumab,U-031,"AU2023279443A1, Example A15, Linker",ANI0FIZAK,PAY0DQOZY,LIN0EUQTC
DRG0VZGXG,EP4487874A1-12,Investigative,,Trastuzumab,DX-8951 derivative (DXd),EP4487874A1-12linker,ANI0FIZAK,PAY0UXDSB,LIN0NGEWR
DRG0VZKVH,HC-A140C-2,Investigative,,Trastuzumab,Monomethyl auristatin E,Undisclosed,ANI0FIZAK,PAY0FSXOW,
DRG0WAMCO,CN113943310A ADC-11,Investigative,,Trastuzumab,"WO2025015586A1, ADC25, Payload",Mc-Gly-Gly-Phe-Gly,ANI0FIZAK,PAY0SLCNJ,LIN0ECMCR
DRG0WATQQ,CN119343374A ADC-S111,Investigative,,Trastuzumab,Undisclosed,Undisclosed,ANI0FIZAK,,
DRG0WBDWA,IGAC-65,Investigative,,Trastuzumab,SMol006,IG-L-65 linker,ANI0FIZAK,PAY0ERORN,LIN0VIJQS
DRG0WBROU,AU2020291014A1 IC-17,Investigative,,Trastuzumab,AU2020291014A1-Payload-70,Aminobenzazepine-linker Formula II-22,ANI0FIZAK,PAY0PQSSO,LIN0MGVII
DRG0WBZRI,JP7623413B2 ExampleADC9,Investigative,,Trastuzumab,Undisclosed,Undisclosed,ANI0FIZAK,,
DRG0WCGKG,AU2020291014A1 IC-23,Investigative,,Trastuzumab,AU2020291014A1-Payload-35,Aminobenzazepine-linker Formula II-33,ANI0FIZAK,PAY0RBKOC,LIN0MNONT
DRG0WCMPE,CN118873678A ADC-5,Investigative,,Trastuzumab,Undisclosed,Undisclosed,ANI0FIZAK,,
DRG0WCNCZ,TWI870307BAntibody-drug conjugate (7),Investigative,,Trastuzumab,LT4212552T ADC10 payload,TWI870307BAntibody-drug conjugate (6)Linker,ANI0FIZAK,PAY0MPNDV,LIN0UMUVI
DRG0WCWNS,HC-S400C-1a,Investigative,,Trastuzumab,Monomethyl auristatin E,Undisclosed,ANI0FIZAK,PAY0FSXOW,
DRG0WDKUC,AU2023279443A1 Example 6,Investigative,,Trastuzumab,"U-031; AU2023279443A1, Example 6, Paylaod","AU2023279443A1, Example 4, Linker",ANI0FIZAK,PAY0QWSXZ,LIN0RSBPH
DRG0WEDOS,TWI857167B IC-20,Investigative,,Trastuzumab,TWI857167B-IC-20-PAYLOAD,Aminobenzazepine-linker Formula II-3,ANI0FIZAK,PAY0XRKXX,LIN0MDQYJ
DRG0WFCBU,IGAC-40,Investigative,,Trastuzumab,IG-L-18 Payload,IG-L-18 linker,ANI0FIZAK,PAY0XXBTA,LIN0LOLFU
DRG0WFLJW,Trast-v4- (201)2,Investigative,,Trastuzumab,Undisclosed,Undisclosed,ANI0FIZAK,,
DRG0WFYXL,CN119630431A ADC-90,Investigative,,Trastuzumab,CN119630431A-ADC-82-PAYLOAD,CN119630431A-ADC-82-LINKER,ANI0FIZAK,PAY0EYWFS,LIN0ATOHX
DRG0WGDDD,CN116888123A ADC-5,Investigative,,Trastuzumab,D1 payload,B1-b linker,ANI0FIZAK,PAY0GUTRW,LIN0WOGXH
DRG0WGGEC,US20250018051A1 IaⅥ,Investigative,,Trastuzumab,US20250018038A1+IaV+payload,Mc-Val-Cit-PABC,ANI0FIZAK,PAY0ERBVW,LIN0SQEDQ
DRG0WGGYX,US20220226492A1 Immunoconjugate C,Investigative,,Trastuzumab,Undisclosed,Undisclosed,ANI0FIZAK,,
DRG0WGTLD,KR102754055B1 ADCProductionexampleNo.13,Investigative,,Trastuzumab,ADCProductionexampleNo.13Payload,ADCProductionexampleNo.13Linker,ANI0FIZAK,PAY0NPYXK,LIN0CWFZH
DRG0WGUKH,38354417 T-DL5,Investigative,,Trastuzumab,FD5,MT-GGFG-AM,ANI0FIZAK,PAY0LGFOQ,LIN0VGFMG
DRG0WGVZW,TWI870307BAntibody-drug conjugate (15),Investigative,,Trastuzumab,TWI870307BAntibody-drug conjugate (12)Payload,Mc-Gly-Gly-Phe-Gly,ANI0FIZAK,PAY0KBTTL,LIN0ECMCR
DRG0WHGSR,AU2023279443A1 Example A3,Investigative,,Trastuzumab,U-031,"AU2023279443A1, Example A3, Linker",ANI0FIZAK,PAY0DQOZY,LIN0XIGAL
DRG0WIMOQ,AU2023279443A1 Example 7,Investigative,,Trastuzumab,U-031; U-033,"AU2023279443A1, Example 4, Linker",ANI0FIZAK,PAY0EDTHJ,LIN0RSBPH
DRG0WJHFH,CN116782954A ADC2-DAR4,Investigative,,Trastuzumab,Undisclosed,Undisclosed,ANI0FIZAK,,
DRG0WJKGE,AU2023279443A1 Example 2,Investigative,,Trastuzumab,U-031,"AU2023279443A1, Example 3, Linker",ANI0FIZAK,PAY0DQOZY,LIN0QQSLC
DRG0WJRMC,EP4487874A1-5,Investigative,,Trastuzumab,EP4487874A1-5payload,RU20241285-4-linker,ANI0FIZAK,PAY0UUQZC,LIN0ZOPDK
DRG0WKPIL,WO2019126691A1 Conjugate No.36,Investigative,,Trastuzumab,Conjugate No.26 Payload,Conjugate No.36 Linker,ANI0FIZAK,PAY0WMAAX,LIN0MJVEZ
DRG0WNDZJ,TWI870307BAntibody-drug conjugate (48),Investigative,,Trastuzumab,Undisclosed,Mc-Gly-Gly-Phe-Gly,ANI0FIZAK,,LIN0ECMCR
DRG0WNIKW,HK40112172A Antibody-drug conjugate (5),Investigative,,Trastuzumab,LT4212552T ADC10 payload,HK40112172A+Antibody-drug conjugate (4)+Linker,ANI0FIZAK,PAY0MPNDV,LIN0ZVAWC
DRG0WOIER,CN118873678A ADC-2,Investigative,,Trastuzumab,Undisclosed,Undisclosed,ANI0FIZAK,,
DRG0WPFRE,US12144865B2 12e,Investigative,,Trastuzumab,Undisclosed,Undisclosed,ANI0FIZAK,,
DRG0WPJBH,TWI870307BAntibody-drug conjugate (10),Investigative,,Trastuzumab,LT4212552T ADC10 payload,TWI870307BAntibody-drug conjugate (9)Linker,ANI0FIZAK,PAY0MPNDV,LIN0KBMDS
DRG0WPLOS,TWI857167B IC-78,Investigative,,Trastuzumab,TWI857167B-IC-77-PAYLOAD,Aminobenzazepine-linker Formula II-3,ANI0FIZAK,PAY0LMCSI,LIN0MDQYJ
DRG0WPQDP,HK40112172A Antibody-drug conjugate (29),Investigative,,Trastuzumab,LT4212552T ADC49 payload,Mc-Gly-Gly-Phe-Gly,ANI0FIZAK,PAY0YMULZ,LIN0ECMCR
DRG0WQFPM,WO2024222841A1 ADC38,Investigative,,Trastuzumab,(S)B19,OXDc-VA-PAB (PEG),ANI0FIZAK,PAY0ZHKZT,LIN0XOHOG
DRG0WQTQC,TWI857167B IC-36,Investigative,,Trastuzumab,TWI857167B-IC-36-PAYLOAD,Aminobenzazepine-linker Formula II-3,ANI0FIZAK,PAY0VSSGU,LIN0MDQYJ
DRG0WRARU,HK40112172A Antibody-drug conjugate (26),Investigative,,Trastuzumab,LT4212552T ADC49 payload,Mc-Gly-Gly-Phe-Gly,ANI0FIZAK,PAY0YMULZ,LIN0ECMCR
DRG0WRCZK,WO2024169913A1 ADC01-07-4,Investigative,,Trastuzumab,B63,Mc-Val-Ala-PABC,ANI0FIZAK,PAY0LFXNZ,LIN0OXUQL
DRG0WSHPH,39235949 anti-HER2-4,Investigative,,Trastuzumab,Undisclosed,Undisclosed,ANI0FIZAK,,
DRG0WTCSS,TWI870307BAntibody-drug conjugate (24),Investigative,,Trastuzumab,LT4212552T ADC25 payload,Mc-Gly-Gly-Phe-Gly,ANI0FIZAK,PAY0BCEPO,LIN0ECMCR
DRG0WTURG,AB185-ADL1-D12,Investigative,,Trastuzumab,D12 payload,Mc-Val-Cit-PABC,ANI0FIZAK,PAY0GFLZL,LIN0SQEDQ
DRG0WTVSQ,Tras-1,Investigative,,Trastuzumab,US11141490B2-Tras-1-payload,US11141490B2-Tras-1-linker,ANI0FIZAK,PAY0OPPSR,LIN0DZDGX
DRG0WUDIO,WO2023232144A1ADC23,Investigative,,Trastuzumab,"WO2025015586A1, ADC23, Payload",Mc-Val-Cit-PABC,ANI0FIZAK,PAY0IKHEX,LIN0SQEDQ
DRG0WVFIO,AB185-ADL1-D13,Investigative,,Trastuzumab,D13 payload,Mc-Val-Cit-PABC,ANI0FIZAK,PAY0EEMNL,LIN0SQEDQ
DRG0WWABW,AU2017363246B2 Conjugate43A,Investigative,,Trastuzumab,AU2017363246B2+Conjugate43+Payload,AU2017363246B2+Conjugate43+Linker,ANI0FIZAK,PAY0ETIVZ,LIN0MVVCA
DRG0WWBGN,TWI870307BAntibody-drug conjugate (27),Investigative,,Trastuzumab,TWI870307BAntibody-drug conjugate (26)Payload,TWI870307BAntibody-drug conjugate (26)Linker,ANI0FIZAK,PAY0RIHYV,LIN0RKJOP
DRG0WWRPC,CN115594732A I-LD021,Investigative,,Trastuzumab,Undisclosed,Undisclosed,ANI0FIZAK,,
DRG0WWZEI,39410752 ADC (2),Investigative,,Trastuzumab,Pyrene,Mal-Exo-EEVC,ANI0FIZAK,PAY0QVXIZ,LIN0CKKUQ
DRG0WZXBU,US11850287B2 IIId,Investigative,,Trastuzumab,Undisclosed,Undisclosed,ANI0FIZAK,,
DRG0XAPSN,CN110974975B C-06,Investigative,,Trastuzumab,Exatecan,Coumpound15,ANI0FIZAK,PAY0LEIGJ,LIN0BPQDV
DRG0XBFRP,US11850287B2 IIIa,Investigative,,Trastuzumab,Undisclosed,Undisclosed,ANI0FIZAK,,
DRG0XBGRU,CN113874046B ADC-3,Investigative,,Trastuzumab,CN113874046B-ADC-3-PAYLOAD,CN113874046B-ADC-3-LINKER,ANI0FIZAK,PAY0JLLVQ,LIN0RSCCP
DRG0XBNVB,AZO-ADC-0,Investigative,,Trastuzumab,Monomethyl auristatin E,Solubilizing group-PEG0-Hypoxia sensitive linker-Azobenzene,ANI0FIZAK,PAY0FSXOW,LIN0SFQKB
DRG0XCMEI,LT4212552T ADC6,Investigative,,Trastuzumab,LT4212552T-ADC-6-PAYLOAD,LT4212552T-ADC-6-LINKER,ANI0FIZAK,PAY0WJZQW,LIN0VAAEV
DRG0XDAFK,LT4212552T ADC13,Investigative,,Trastuzumab,LT4212552T ADC13 payload,Mc-Gly-Gly-Phe-Gly,ANI0FIZAK,PAY0SSVIQ,LIN0ECMCR
DRG0XDTJI,CN119343374A ADC-S105,Investigative,,Trastuzumab,Undisclosed,Undisclosed,ANI0FIZAK,,
DRG0XEAVF,KR102754055B1 ADCProductionexampleNo.19,Investigative,,Trastuzumab,ADCProductionexampleNo.19Payload,ADCProductionexampleNo.19Linker,ANI0FIZAK,PAY0FIDEK,LIN0LDQHG
DRG0XEOPF,US12144865B2 28e,Investigative,,Trastuzumab,Undisclosed,Undisclosed,ANI0FIZAK,,
DRG0XFYQA,SMCC-calicheamicin-ADC,Investigative,,Trastuzumab,Calicheamicin,Succinimidyl-4-(N-maleimidomethyl)cyclohexane-1-carboxylate (SMCC),ANI0FIZAK,PAY0QLDLE,LIN0EBJON
DRG0XHDBP,Trastuzumab-ZY-894,Investigative,,Trastuzumab,Undisclosed,Undisclosed,ANI0FIZAK,,
DRG0XHFAL,KR102754055B1 ADCProductionexampleNo.14,Investigative,,Trastuzumab,Undisclosed,ADCProductionexampleNo.15Linker,ANI0FIZAK,,LIN0OZGTI
DRG0XHLTP,Trop2-Saci- (mc-MMAF)- (McAsnAsn-A6),Investigative,,Trastuzumab,Monomethyl auristatin F,Undisclosed,ANI0FIZAK,PAY0QLDVX,
DRG0XHNFW,KR102754055B1 ADCProductionexampleNo.22,Investigative,,Trastuzumab,ADCProductionexampleNo.20Payload,ADCProductionexampleNo.20Linker,ANI0FIZAK,PAY0LOFDO,LIN0SAYQO
DRG0XHTJX,TWI857167B IC-13,Investigative,,Trastuzumab,TWI857167B-IC-13-PAYLOAD,Aminobenzazepine-linker Formula II-3,ANI0FIZAK,PAY0UZMYU,LIN0MDQYJ
DRG0XIJHN,36924655 ADC 6,Investigative,,Trastuzumab,Monomethyl auristatin E,Undisclosed,ANI0FIZAK,PAY0FSXOW,
DRG0XJNVN,CN115594732A II-LD-012,Investigative,,Trastuzumab,Undisclosed,Undisclosed,ANI0FIZAK,,
DRG0XKMOT,AU2020291014A1 IC-25,Investigative,,Trastuzumab,Undisclosed,Undisclosed,ANI0FIZAK,,
DRG0XKQCF,US12144865B2 25e,Investigative,,Trastuzumab,Undisclosed,Undisclosed,ANI0FIZAK,,
DRG0XKRXX,37492000 ADC 6a (4h),Investigative,,Trastuzumab,Monomethyl auristatin E,TetraDVP based linker 1a,ANI0FIZAK,PAY0FSXOW,LIN0EAJJL
DRG0XKYVW,CN113943310A ADC-10,Investigative,,Trastuzumab,D-D1 payload,"CN113943310A, ADC-1, Linker",ANI0FIZAK,PAY0UFPNG,LIN0VCYSS
DRG0XLACD,Trastuzumab-LplA-MMAE,Investigative,,Trastuzumab,Monomethyl auristatin E,DBCO-Val-Cit-PABC,ANI0FIZAK,PAY0FSXOW,LIN0FZQTM
DRG0XNECH,Trastuzumab-GDP-D-P2/P4-P4-GGFG-Dxd,Investigative,,Trastuzumab,DX-8951 derivative (DXd),CN119343152A Trastuzumab-GDP-D-P2/P4-P4-GGFG-Dxd Linker,ANI0FIZAK,PAY0UXDSB,LIN0ISLBJ
DRG0XOTCI,TWI857167B IC-70,Investigative,,Trastuzumab,TWI857167B-IC-69-PAYLOAD,Aminobenzazepine-linker Formula II-3,ANI0FIZAK,PAY0WQZAE,LIN0MDQYJ
DRG0XPVAY,LT4212552T ADC17,Investigative,,Trastuzumab,LT4212552T ADC37 payload,LT4212552T-ADC-17-LINKER,ANI0FIZAK,PAY0THLVA,LIN0NIQNH
DRG0XPXWO,AU2020291014A1 IC-71,Investigative,,Trastuzumab,Undisclosed,Undisclosed,ANI0FIZAK,,
DRG0XQCVL,IN202417100055A Reference Example A21,Investigative,,Trastuzumab,Undisclosed,Undisclosed,ANI0FIZAK,,
DRG0XQJYS,CN116888123A ADC-4,Investigative,,Trastuzumab,D3 payload,Mc-Gly-Gly-Phe-Gly,ANI0FIZAK,PAY0UUGSZ,LIN0ECMCR
DRG0XQMWH,CN114569739A ADC-4 (trastuzumab),Investigative,,Trastuzumab,Undisclosed,Undisclosed,ANI0FIZAK,,
DRG0XQWYL,CN115429893A ADC1,Investigative,,Trastuzumab,CN115429893A ADC1 Payload,CB07 linker,ANI0FIZAK,PAY0HBJLF,LIN0TUWCX
DRG0XRGYS,HC-E258C-3,Investigative,,Trastuzumab,Monomethyl auristatin E,Undisclosed,ANI0FIZAK,PAY0FSXOW,
DRG0XRUHI,LC-K149C-4,Investigative,,Trastuzumab,Monomethyl auristatin E,Undisclosed,ANI0FIZAK,PAY0FSXOW,
DRG0XSNVX,36924655 ADC 14,Investigative,,Trastuzumab,Monomethyl auristatin E,Undisclosed,ANI0FIZAK,PAY0FSXOW,
DRG0XSPJD,IN202417100055A Reference Example A26,Investigative,,Trastuzumab,Undisclosed,Undisclosed,ANI0FIZAK,,
DRG0XTDAI,EP4227309A4 ADC-2,Investigative,,Trastuzumab,Undisclosed,Undisclosed,ANI0FIZAK,,
DRG0XTGCC,AB185-ADL6-D1,Investigative,,Trastuzumab,D1 payload,Mc-Val-Cit-PABC,ANI0FIZAK,PAY0GUTRW,LIN0SQEDQ
DRG0XTGIG,AU2020291014A1 IC-38,Investigative,,Trastuzumab,AU2020291014A1-Payload-49,Undisclosed,ANI0FIZAK,PAY0GLUVL,
DRG0XTMEM,37492000 ADC 6a (24h),Investigative,,Trastuzumab,Monomethyl auristatin E,TetraDVP based linker 1a,ANI0FIZAK,PAY0FSXOW,LIN0EAJJL
DRG0XTPSS,Trastuzumab-C-15,Investigative,,Trastuzumab,Undisclosed,KR1020250002133A Trastuzumab-C-15 Linker,ANI0FIZAK,,LIN0EFVTP
DRG0XUDLI,HK40112172A Antibody-drug conjugate (46),Investigative,,Trastuzumab,LT4212552T ADC49 payload,Mc-Gly-Gly-Phe-Gly,ANI0FIZAK,PAY0YMULZ,LIN0ECMCR
DRG0XUHLT,TWI857167B IC-65,Investigative,,Trastuzumab,TWI857167B-IC-65-PAYLOAD,Aminobenzazepine-linker Formula II-3,ANI0FIZAK,PAY0MNSFQ,LIN0MDQYJ
DRG0XUKDO,WO2024222841A1 ADC45,Investigative,,Trastuzumab,B63,OXDc-VA-PAB (PEG),ANI0FIZAK,PAY0LFXNZ,LIN0XOHOG
DRG0XVKTC,TWI857167B IC-92,Investigative,,Trastuzumab,TWI857167B-IC-91-PAYLOAD,TWI857167B-IC-90-LINKER,ANI0FIZAK,PAY0RPLLV,LIN0ZETHN
DRG0XVOPH,TWI857167B IC-18,Investigative,,Trastuzumab,TWI857167B-IC-18-PAYLOAD,Aminobenzazepine-linker Formula II-3,ANI0FIZAK,PAY0KJJUF,LIN0MDQYJ
DRG0XVPUT,US12144865B2 5e,Investigative,,Trastuzumab,Undisclosed,Undisclosed,ANI0FIZAK,,
DRG0XWVIR,KR102754055B1 ADCProductionexampleNo.1,Investigative,,Trastuzumab,ADCProductionexampleNo.1Payload,Mc-Val-Cit-PABC,ANI0FIZAK,PAY0LBWAB,LIN0SQEDQ
DRG0XXJNP,TWI870307BAntibody-drug conjugate (8),Investigative,,Trastuzumab,LT4212552T ADC10 payload,TWI870307BAntibody-drug conjugate (6)Linker,ANI0FIZAK,PAY0MPNDV,LIN0UMUVI
DRG0XXTCB,LT4212552T ADC-2,Investigative,,Trastuzumab,LT4212552T-ADC-2-PAYLOAD,Mc-Gly-Gly-Phe-Gly,ANI0FIZAK,PAY0LZUON,LIN0ECMCR
DRG0XZJFR,WO2024169913A1 ADC07-09-8,Investigative,,Pertuzumab,SMol006,Mc-Val-Cit-PABC,ANI0XJJLY,PAY0ERORN,LIN0SQEDQ
DRG0XZPCZ,WO2019126691A1 Conjugate No.137,Investigative,,Trastuzumab,Conjugate No.137 Payload,Conjugate No.105 Linker,ANI0FIZAK,PAY0UUINZ,LIN0FTSYT
DRG0XZVGC,TWI870307BAntibody-drug conjugate (4),Investigative,,Trastuzumab,LT4212552T ADC10 payload,TWI870307BAntibody-drug conjugate (4)Linker,ANI0FIZAK,PAY0MPNDV,LIN0THULX
DRG0YATAB,EP4494656A1 DM-V,Investigative,,Trastuzumab,Undisclosed,Undisclosed,ANI0FIZAK,,
DRG0YAZUX,WO2024169913A1 ADC07-08-4,Investigative,,Pertuzumab,B19,(Linker-03)SMCC-TAZ-PEG-VC-PAB,ANI0XJJLY,PAY0WQPKG,LIN0JJWVU
DRG0YBFLG,WO2024169913A1 ADC07-01-8,Investigative,,Pertuzumab,B19,Mc-Val-Cit-PABC,ANI0XJJLY,PAY0WQPKG,LIN0SQEDQ
DRG0YDJWB,LC-V205C-1a,Investigative,,Trastuzumab,Monomethyl auristatin E,Undisclosed,ANI0FIZAK,PAY0FSXOW,
DRG0YDKRN,AU2020291014A1 IC-79,Investigative,,Trastuzumab,AU2020291014A1-Payload-70,Aminobenzazepine-linker Formula II-75,ANI0FIZAK,PAY0PQSSO,LIN0ZMSIA
DRG0YEKTU,US20220226492A1 Immunoconjugate N,Investigative,,Trastuzumab,Undisclosed,Undisclosed,ANI0FIZAK,,
DRG0YEXGL,CN117750982A ADC62,Investigative,,Trastuzumab,CN117750982A ADC62 Payload,CN117750982A ADC58 Linker,ANI0FIZAK,PAY0CNYYV,LIN0FBRSM
DRG0YGIOR,US20220226492A1 Immunoconjugate U,Investigative,,Trastuzumab,Undisclosed,Undisclosed,ANI0FIZAK,,
DRG0YGMUJ,AU2020291014A1 IC-60,Investigative,,Trastuzumab,Undisclosed,Undisclosed,ANI0FIZAK,,
DRG0YGUVI,LC-V205C-1b,Investigative,,Trastuzumab,Monomethyl auristatin E,Undisclosed,ANI0FIZAK,PAY0FSXOW,
DRG0YHDAH,Tras-DXd-MTL1,Investigative,,Trastuzumab,DX-8951 derivative (DXd); MTT5,Gly-Mal-Gly-Gly-Phe-Gly,ANI0FIZAK,PAY0DCSXT,LIN0AQXSY
DRG0YHKFU,HC-A140C-1a,Investigative,,Trastuzumab,Monomethyl auristatin E,Undisclosed,ANI0FIZAK,PAY0FSXOW,
DRG0YHUDO,Trastu-AzaNIRII-MMAE,Investigative,,Trastuzumab,Monomethyl auristatin E,azaNIRII-BCN-PEG4-VAC-PAB,ANI0FIZAK,PAY0FSXOW,LIN0ETPPP
DRG0YJOFK,CN113453724B ADC-A,Investigative,,Trastuzumab,CN113453724B-ADCA-PAYLOAD,CN113453724B-ADCA-LINKER,ANI0FIZAK,PAY0ASIHP,LIN0TTSBO
DRG0YKJGA,AB185-ADL1-D16,Investigative,,Trastuzumab,D16 payload,Mc-Val-Cit-PABC,ANI0FIZAK,PAY0KDPJE,LIN0SQEDQ
DRG0YKRXJ,IN202417100055A Reference Example A10,Investigative,,Trastuzumab,Undisclosed,Undisclosed,ANI0FIZAK,,
DRG0YLLFF,AB185-ADL1-D4 2.8,Investigative,,Trastuzumab,Undisclosed,Mc-Val-Cit-PABC,ANI0FIZAK,,LIN0SQEDQ
DRG0YLTDB,AU2020291014A1 IC-62,Investigative,,Trastuzumab,AU2020291014A1-Payload-69,Aminobenzazepine-linker Formula II-69,ANI0FIZAK,PAY0CLMTG,LIN0MIYKG
DRG0YMHBU,IGAC-105,Investigative,,Trastuzumab,IG-L-82 Payload,IG-L-82 linker,ANI0FIZAK,PAY0VDWMC,LIN0BEKDM
DRG0YMXNF,LT4212552T ADC36,Investigative,,Trastuzumab,LT4212552T ADC37 payload,LT4212552T-ADC-36-LINKER,ANI0FIZAK,PAY0THLVA,LIN0LRWNK
DRG0YNNWY,HC-S400C-2,Investigative,,Trastuzumab,Monomethyl auristatin E,Undisclosed,ANI0FIZAK,PAY0FSXOW,
DRG0YNWSV,EP4227309A4 ADC-5,Investigative,,Trastuzumab,Undisclosed,Undisclosed,ANI0FIZAK,,
DRG0YOLXT,HER2-ADC-013,Investigative,,Trastuzumab,DL012-payload; DL003-payload,DL012-Linker; DL003-Linker,ANI0FIZAK,PAY0SXTGB,LIN0DFGHC
DRG0YOTWK,CN113943310A ADC-15,Investigative,,Trastuzumab,Compound 5,"CN113943310A, ADC-12, Linker",ANI0FIZAK,PAY0UMYYX,LIN0REOIZ
DRG0YQSIM,CN115515644A ADC-1-b,Investigative,,Trastuzumab,CN115515644A ADC-1-a Payload,CN115515644A ADC-1-a Linker,ANI0FIZAK,PAY0OUOKN,LIN0OEHLF
DRG0YQYGU,EP4494656A1 DM-IV,Investigative,,Trastuzumab,Undisclosed,Undisclosed,ANI0FIZAK,,
DRG0YREBC,Trastuzumab-LD8,Investigative,,Trastuzumab,Undisclosed,Trastuzumab-LD8-LINKER,ANI0FIZAK,,LIN0ZJNZD
DRG0YRLZC,AZO-ADC-6,Investigative,,Trastuzumab,Monomethyl auristatin E,Solubilizing group-PEG6-Hypoxia sensitive linker-Azobenzene,ANI0FIZAK,PAY0FSXOW,LIN0BDVRA
DRG0YRTZK,HK40112172A Antibody-drug conjugate (36),Investigative,,Trastuzumab,LT4212552T ADC49 payload,HK40112172A+Antibody-drug conjugate (36)+Linker,ANI0FIZAK,PAY0YMULZ,LIN0XDJXF
DRG0YRYHG,Trastuzumab-GDP-K-P2/P4-P4-GGFG-Dxd,Investigative,,Trastuzumab,DX-8951 derivative (DXd),CN119326907A Trastuzumab-GDP-D-P2/P4-P4-GGFG-Dxd Linker,ANI0FIZAK,PAY0UXDSB,LIN0OKDVB
DRG0YSGNH,IGAC-71,Investigative,,Trastuzumab,IG-L-70 Payload,IG-L-70 linker,ANI0FIZAK,PAY0VMDIF,LIN0FVYMD
DRG0YSTYU,IGAC-61,Investigative,,Trastuzumab,CC-885,IG-L-58 linker,ANI0FIZAK,PAY0OWPRN,LIN0HEJUX
DRG0YSYRZ,WO2019126691A1 Conjugate No.5,Investigative,,Trastuzumab,Conjugate No.5 Payload,Conjugate No.5 Linker,ANI0FIZAK,PAY0FOUOJ,LIN0UJVWG
DRG0YTHLL,TWI857167B IC-101,Investigative,,Trastuzumab,TWI857167B-IC-99-PAYLOAD,Undisclosed,ANI0FIZAK,PAY0HQTDG,
DRG0YTQDF,Trastuzumab-Example 3,Investigative,,Trastuzumab,CN119343152A 1C1-Example3 Payload1; CN119343152A 1C1-Example3 Payload2,CN119343152A 1C1-Example3 Linker,ANI0FIZAK,PAY0FGHJK,LIN0VIOFU
DRG0YUQMS,LT4212552T ADC44,Investigative,,Trastuzumab,LT4212552T ADC49 payload,HK40112172A+Antibody-drug conjugate (44)+Linker,ANI0FIZAK,PAY0YMULZ,LIN0DZXRU
DRG0YVBCB,US20240245795A1 Antibody Conjugate 12,Investigative,,Trastuzumab,Undisclosed,Undisclosed,ANI0FIZAK,,
DRG0YVFNZ,AU2023279443A1 Example A20,Investigative,,Trastuzumab,Topo1 inhibitor A,"AU2023279443A1, Example A12, Linker",ANI0FIZAK,PAY0AXTTO,LIN0LEIDY
DRG0YWDWV,Trastuzumab-TCO-Pot-Tz,Investigative,,Trastuzumab,Porphyrin (Por)-tetrazine (Tz),Undisclosed,ANI0FIZAK,PAY0ZYBPL,
DRG0YWLIM,WO2024169913A1 ADC01-01-8,Investigative,,Trastuzumab,SMol006,Mc-Val-Cit-PABC,ANI0FIZAK,PAY0ERORN,LIN0SQEDQ
DRG0YXBGQ,KR102754055B1 ADCProductionexampleNo.7,Investigative,,Trastuzumab,ADCProductionexampleNo.7Payload,ADCProductionexampleNo.7Linker,ANI0FIZAK,PAY0YMULY,LIN0URCJX
DRG0YXYEJ,IGAC-73,Investigative,,Trastuzumab,IG-L-48 Payload,IG-L-36 linker,ANI0FIZAK,PAY0WBGAF,LIN0BYODD
DRG0YZHDR,LC-V205C-3,Investigative,,Trastuzumab,Monomethyl auristatin E,Undisclosed,ANI0FIZAK,PAY0FSXOW,
DRG0ZADYM,IGAC-13,Investigative,,Trastuzumab,IG-L-7 Payload,MP-Ala-Ala-PAB,ANI0FIZAK,PAY0APTJV,LIN0SIBWN
DRG0ZAUBT,WO2024222841A1 ADC39-4,Investigative,,Trastuzumab,(S)B19,OXD-VA-PAB (PEG),ANI0FIZAK,PAY0ZHKZT,LIN0FNBQA
DRG0ZBLIQ,US20250018051A1 IaⅰⅥ,Investigative,,Trastuzumab,US20250018038A1+IaIV+payload,Mc-Val-Cit-PABC,ANI0FIZAK,PAY0PYEJT,LIN0SQEDQ
DRG0ZCDOP,CN116888123A ADC-2,Investigative,,Trastuzumab,D2 payload,LA2 linker,ANI0FIZAK,PAY0CIJOH,LIN0DWRAJ
DRG0ZCENG,AU2017363246B2 Conjugate34B,Investigative,,Trastuzumab,AU2017363246B2+Conjugate34+Payload,AU2017363246B2+Conjugate34+Linker,ANI0FIZAK,PAY0RKELH,LIN0ZXNIE
DRG0ZDERZ,US12144865B2 8e,Investigative,,Trastuzumab,Undisclosed,Undisclosed,ANI0FIZAK,,
DRG0ZDRFB,EP4487874A1-13,Investigative,,Trastuzumab,EP4487874A1-13payload,EP4487874A1-13linker,ANI0FIZAK,PAY0VVLAF,LIN0JDXVO
DRG0ZEYVN,CN115594732A I-LD015,Investigative,,Trastuzumab,Undisclosed,Undisclosed,ANI0FIZAK,,
DRG0ZFNJS,IGAC-55,Investigative,,Trastuzumab,IG-L-39 Payload,IG-L-38 linker,ANI0FIZAK,PAY0YPVKC,LIN0WRJNC
DRG0ZGAMR,US12144865B2 21e,Investigative,,Trastuzumab,Undisclosed,Undisclosed,ANI0FIZAK,,
DRG0ZGHPV,US20220226492A1 Immunoconjugate G,Investigative,,Trastuzumab,Undisclosed,Undisclosed,ANI0FIZAK,,
DRG0ZGSBO,WO2024222841A1 ADC44,Investigative,,Trastuzumab,B61,OXDc-VA-PAB (PEG),ANI0FIZAK,PAY0AJCVM,LIN0XOHOG
DRG0ZGYMK,Trastuzumab-GDP-D-P2/P2-P2-GGFG-Dxd,Investigative,,Trastuzumab,DX-8951 derivative (DXd),Trastuzumab-GDP-D-P2/P2-P2-GGFG-Dxd Linker,ANI0FIZAK,PAY0UXDSB,LIN0QQEMC
DRG0ZHXZN,HC-A140C-3,Investigative,,Trastuzumab,Monomethyl auristatin E,Undisclosed,ANI0FIZAK,PAY0FSXOW,
DRG0ZIENC,AU2020291014A1 IC-27,Investigative,,Trastuzumab,AU2020291014A1-Payload-34,Aminobenzazepine-linker Formula II-34,ANI0FIZAK,PAY0JQGFJ,LIN0NCJFT
DRG0ZIFNW,LT4212552T ADC9,Investigative,,Trastuzumab,LT4212552T ADC10 payload,LT4212552T-ADC-9-LINKER,ANI0FIZAK,PAY0MPNDV,LIN0LBXYF
DRG0ZIIQF,WO2023232144A1ADC25,Investigative,,Trastuzumab,"WO2025015586A1, ADC25, Payload",Mc-Val-Cit-PABC,ANI0FIZAK,PAY0SLCNJ,LIN0SQEDQ
DRG0ZIJKH,IGAC-60,Investigative,,Trastuzumab,CC-885,IG-L-54 linker,ANI0FIZAK,PAY0OWPRN,LIN0VLKBW
DRG0ZIJQX,IN202417100055A Reference Example A6,Investigative,,Trastuzumab,Undisclosed,Undisclosed,ANI0FIZAK,,
DRG0ZIWXT,KR102754055B1 ADCProductionexampleNo.3a,Investigative,,Trastuzumab,ADCProductionexampleNo.3aPayload,ADCProductionexampleNo.3aLinker,ANI0FIZAK,PAY0SSSAN,LIN0VYJWF
DRG0ZJDRW,AU2020291014A1 IC-45,Investigative,,Trastuzumab,Undisclosed,Undisclosed,ANI0FIZAK,,
DRG0ZKDHQ,CN118924912A anti-HER2 ADC4,Investigative,,Trastuzumab,CN118924912A anti-HER2 ADC4 Payload,CN118924912A anti-HER2 ADC1 Linker,ANI0FIZAK,PAY0TMHKI,LIN0COVYL
DRG0ZKNLN,TWI870307BAntibody-drug conjugate (25),Investigative,,Trastuzumab,LT4212552T ADC25 payload,Mc-Gly-Gly-Phe-Gly,ANI0FIZAK,PAY0BCEPO,LIN0ECMCR
DRG0ZLBZD,36924655 ADC 5,Investigative,,Trastuzumab,Monomethyl auristatin E,Undisclosed,ANI0FIZAK,PAY0FSXOW,
DRG0ZLZLP,Trastuzumab 20,Investigative,,Trastuzumab,PBD-butanamide derivative,Mc-Val-Ala,ANI0FIZAK,PAY0GQQXD,LIN0ENDIF
DRG0ZMQBO,EP4487874A1-10,Investigative,,Trastuzumab,EP4487874A1-10payload,EP4487874A1-10linker,ANI0FIZAK,PAY0KMIPJ,LIN0PZUGM
DRG0ZNEKH,HER2-ADC-006,Investigative,,Trastuzumab,DL012-payload; DL003-payload,DL012-Linker; DL003-Linker,ANI0FIZAK,PAY0SXTGB,LIN0DFGHC
DRG0ZOHPG,AB185-ADL15-D2,Investigative,,Trastuzumab,D2 payload,Mal-CH2CH2-O-CH2CH2- linker,ANI0FIZAK,PAY0CIJOH,LIN0VXLKE
DRG0ZPWLX,AU2023279443A1 Example A21,Investigative,,Trastuzumab,Eribulin,"AU2023279443A1, Example A21, Linker",ANI0FIZAK,PAY0JAEKD,LIN0HKUTH
DRG0ZPWUS,IN202417100055A Reference Example A4,Investigative,,Trastuzumab,Undisclosed,Undisclosed,ANI0FIZAK,,
DRG0ZQZGX,TWI857167B IC-39,Investigative,,Trastuzumab,TWI857167B-IC-39-PAYLOAD,Undisclosed,ANI0FIZAK,PAY0WHWAV,
DRG0ZRFUT,TWI857167B IC-17,Investigative,,Trastuzumab,TWI857167B-IC-17-PAYLOAD,Aminobenzazepine-linker Formula II-3,ANI0FIZAK,PAY0FEOQA,LIN0MDQYJ
DRG0ZSMYV,US20240245795A1 Antibody Conjugate 7,Investigative,,Trastuzumab,Antibody Conjugate 7 +Payload,Undisclosed,ANI0FIZAK,PAY0YYYJQ,
DRG0ZSNVR,IGAC-50,Investigative,,Trastuzumab,IG-L-36 Payload,IG-L-36 linker,ANI0FIZAK,PAY0AZZRB,LIN0BYODD
DRG0ZSPIE,US11903948B2 I-1,Investigative,,Trastuzumab,Dolicatatin 5,Undisclosed,ANI0FIZAK,PAY0CBOGD,
DRG0ZSTAA,37492000 ADC 6b (24h),Investigative,,Trastuzumab,Monomethyl auristatin E,TetraDVP based linker 1b,ANI0FIZAK,PAY0FSXOW,LIN0JUNSB
DRG0ZSXCV,IGAC-102,Investigative,,Trastuzumab,IG-L-79 Payload,IG-L-74 linker,ANI0FIZAK,PAY0XQXEX,LIN0XFNWY
DRG0ZTVGZ,AB185-ADL5-D26,Investigative,,Trastuzumab,D26 payload,Mc-Val-Cit-PAB (Qamine) linker,ANI0FIZAK,PAY0HBEQL,LIN0UJZNU
DRG0ZUMEQ,AU2023226367A1-1,Investigative,,Trastuzumab,RU20241285-1-payload,RU20241285-1-linker,ANI0FIZAK,PAY0MPBPB,LIN0CZQEF
DRG0ZVIOV,CN113943310A ADC-16,Investigative,,Trastuzumab,"WO2025015586A1, ADC24, Payload","CN113943310A, ADC-12, Linker",ANI0FIZAK,PAY0RGUGK,LIN0REOIZ
DRG0ZWFRD,TWI870307BAntibody-drug conjugate (41),Investigative,,Trastuzumab,Topo1 inhibitor B,Mc-Gly-Gly-Phe-Gly,ANI0FIZAK,PAY0LTEJZ,LIN0ECMCR
DRG0ZXDWW,Trastuzumab-Example 6,Investigative,,Trastuzumab,CN119343152A Trastuzumab-Example6 Payload,CN119343152A 1C1-Example1 Linker,ANI0FIZAK,PAY0JODQA,LIN0KTFSF
DRG0ZXMHD,Tras-LN-MMAF,Investigative,,Trastuzumab,Monomethyl auristatin F,Undisclosed,ANI0FIZAK,PAY0QLDVX,
DRG0ZXPKZ,ZA202500415A-ADC Example 7,Investigative,,Trastuzumab,NMT inhibitor 1,Mc-Gly-Gly-Phe-Gly,ANI0FIZAK,PAY0WTZYO,LIN0ECMCR
DRG0ZXQJO,CN118924912A anti-HER2 ADC18,Investigative,,Trastuzumab,CN118924912A anti-HER2 ADC18 Payload,CN118924912A anti-HER2 ADC1 Linker,ANI0FIZAK,PAY0PQRMM,LIN0COVYL
DRG0ZXTPZ,TWI857167B IC-74,Investigative,,Trastuzumab,TWI857167B IC-74 payload,Aminobenzazepine-linker Formula II-82,ANI0FIZAK,PAY0CFWKE,LIN0SWLZQ
DRG0ZZHUS,AU2023279443A1 Example A6,Investigative,,Trastuzumab,Monomethyl auristatin E,"AU2023279443A1, Example A6, Linker",ANI0FIZAK,PAY0FSXOW,LIN0POYBV
DRG0ZZVBG,EP4487874A1-25,Investigative,,Trastuzumab,RU20241285-23-payload,EP4487874A1-23linker,ANI0FIZAK,PAY0PHHQL,LIN0DUVAR
DRG0ZZWTS,CH-2-518,Investigative,,Trastuzumab,Undisclosed,Undisclosed,ANI0FIZAK,,
DRG0ZZXSV,US20250018051A1 IaⅣ,Investigative,,Trastuzumab,US20250018038A1+IaIV+payload,Mc-Val-Ala-PABC,ANI0FIZAK,PAY0PYEJT,LIN0OXUQL
DRG0BWWGC,EP4487874A1-4,Investigative,,Margetuximab,EP4487874A1-4payload,EP4487874A1-3linker,ANI0GILCW,PAY0VTDTY,LIN0CKTYQ
DRG0XMBBH,EP4487874A1-1,Investigative,,Margetuximab,EP4487874A1-1payload,EP4487874A1-1linker,ANI0GILCW,PAY0PMPNL,LIN0HXXWI
DRG0EKNCR,Anti-Her2- (0295-mcA6)- (mcMMAF),Investigative,,Sacituzumab,Monomethyl auristatin F,Undisclosed,ANI0INHAA,PAY0QLDVX,
DRG0ENSPO,Anti-Her2- (0295-mcMMAF)- (mc-A6),Investigative,,Sacituzumab,Monomethyl auristatin F,Undisclosed,ANI0INHAA,PAY0QLDVX,
DRG0MDLHF,Her2-Saci- (mc-MMAF)- (McAsnAsn-A6),Investigative,,Sacituzumab,Monomethyl auristatin F,Undisclosed,ANI0INHAA,PAY0QLDVX,
DRG0QZFEO,Anti-Her2- (Q295-mcValCitPABC-A6)- (mcMMAF),Investigative,,Sacituzumab,Monomethyl auristatin F,Undisclosed,ANI0INHAA,PAY0QLDVX,
DRG0WMSEQ,Her2-Saci- (mc-MMAF)- (mc-A6),Investigative,,Sacituzumab,Monomethyl auristatin F,Undisclosed,ANI0INHAA,PAY0QLDVX,
DRG0ZEQVB,Anti-Her2- (0295-mcMMAF)- (mcValCitPABC-A6),Investigative,,Sacituzumab,Monomethyl auristatin F,Undisclosed,ANI0INHAA,PAY0QLDVX,
DRG0AEFGV,HS627- (C4)4 3.8,Investigative,,HS627,Undisclosed,Undisclosed,ANI0EGRHN,,
DRG0AUJJR,HS627 ADC1,Investigative,,HS627,Undisclosed,Undisclosed,ANI0EGRHN,,
DRG0AVRSE,CN116785448A ADC5,Investigative,,HS627,CN116785448A ADC5 payload,CN116785448A ADC5 linker,ANI0EGRHN,PAY0VHCFM,LIN0WWBVO
DRG0BGVKE,CN116785448A ADC1,Investigative,,HS627,CN116785448A ADC1 payload,CN116785448A ADC8 linker,ANI0EGRHN,PAY0FIKRW,LIN0DISOQ
DRG0BOCNH,EP3838893B1-ADC-B,Investigative,,Mil40,Monomethyl auristatin E,Mm-C6-PEG8-Val-Ala-PAB,ANI0DCOCP,PAY0FSXOW,LIN0IVSCI
DRG0BRQKP,HS627- (C6)4,Investigative,,HS627,Undisclosed,Undisclosed,ANI0EGRHN,,
DRG0CCEPM,CN116785448A ADC4,Investigative,,HS627,CN116785448A ADC4 payload,CN116785448A ADC4 linker,ANI0EGRHN,PAY0WPINN,LIN0XBXXP
DRG0CQEZM,Su-C6-Val-Cit-PAB,Investigative,,Mil40,Monomethyl auristatin E,Mc-Val-Cit-PABC,ANI0DCOCP,PAY0FSXOW,LIN0SQEDQ
DRG0CRDZR,(C0)4-HS627- (C6)2,Investigative,,HS627,Undisclosed,Undisclosed,ANI0EGRHN,,
DRG0CWUGS,WO2024140447A1 ADC 1,Investigative,,HS627,WO2024140447A1 ADC 1 Payload,WO2024140447A1 ADC 1 Linker,ANI0EGRHN,PAY0WXLZN,LIN0UFBFB
DRG0DZBIP,CN116785448A ADC2,Investigative,,HS627,CN116785448A ADC2 payload,CN116785448A ADC2 linker,ANI0EGRHN,PAY0ZFLHR,LIN0RUMEN
DRG0ECBWC,"WO2024140450A1 7-[N- (HS627-Ac-PEG2-Gly-Gly-Leu-Gly-ha-Ac), N-methoxyethyl]aminoethyl-10,11-methylenedi-6-mercaptopurine",Investigative,,HS627,Undisclosed,Undisclosed,ANI0EGRHN,,
DRG0EKDWQ,"WO2024140450A1 7-[N- (HS627-Ac-PEG2-Val-Ala-PABC), N-methoxyethyl]aminoethyl-10,11-methylenedioxycamptothecin",Investigative,,HS627,Undisclosed,Undisclosed,ANI0EGRHN,,
DRG0ETQRO,WO2024140447A1 ADC 5,Investigative,,HS627,WO2024140447A1 ADC 1 Payload,WO2024140447A1 ADC 4 Linker,ANI0EGRHN,PAY0WXLZN,LIN0OTZJB
DRG0FFTCO,(C0)4-HS627- (C2)2,Investigative,,HS627,Undisclosed,Undisclosed,ANI0EGRHN,,
DRG0FHIAI,HS627 ADC3,Investigative,,HS627,Undisclosed,Undisclosed,ANI0EGRHN,,
DRG0FKDKY,Su-C3-VA,Investigative,,Mil40,Monomethyl auristatin E,PEG2-Val-Cit-PABC,ANI0DCOCP,PAY0FSXOW,LIN0MVTCK
DRG0FSTOG,EP3838893B1-ADC-IV,Investigative,,Mil40,Undisclosed,Mm-C6-Val-Cit-PAB,ANI0DCOCP,,LIN0WVXFH
DRG0FXDEQ,(C0)4-HS627- (C8)2,Investigative,,HS627,Undisclosed,Undisclosed,ANI0EGRHN,,
DRG0GFMVD,Su-C6-VC,Investigative,,Mil40,Monomethyl auristatin E,Mc-Val-Cit-PABC,ANI0DCOCP,PAY0FSXOW,LIN0SQEDQ
DRG0GPRRL,EP3838893B1-ADC-C,Investigative,,Mil40,Monomethyl auristatin E,Mm-C6-PEG8'-Val-Ala-PAB,ANI0DCOCP,PAY0FSXOW,LIN0LVHFD
DRG0HCPCS,HS627- (C8)2,Investigative,,HS627,Undisclosed,Undisclosed,ANI0EGRHN,,
DRG0IQXDN,(C6)4-HS627- (C4)2,Investigative,,HS627,Undisclosed,Undisclosed,ANI0EGRHN,,
DRG0IWTWZ,"WO2024140450A1 7-[N- (HS627-Ac-PEG2-Gly-Gly-Lys-Gly-ha-Ac), N- (S)-methylisopropyl]aminoethyl-10,11-methylenedi-10,11-ethenylhyerocytosine",Investigative,,HS627,Undisclosed,Undisclosed,ANI0EGRHN,,
DRG0IZTGW,CN116785448A ADC8,Investigative,,HS627,CN116785448A ADC8 payload,CN116785448A ADC8 linker,ANI0EGRHN,PAY0VMDNW,LIN0DISOQ
DRG0JOJIN,XMT-1519 Conjugate 1,Investigative,,XMT-1519,Undisclosed,Undisclosed,ANI0YTLOU,,
DRG0JUYAC,EP3838893B1-ADC-A,Investigative,,Mil40,Monomethyl auristatin E,Mm-C6-PEG4-Val-Ala-PAB,ANI0DCOCP,PAY0FSXOW,LIN0VKJHT
DRG0KKHBF,"WO2024140450A1 7-[N- (HS627-Ac-PEG2-Gly-Gly-Leu-Gly-ha-Ac), N- (S)-methyl-2-oxoethyl]-10,11-methylenedi-10,11-dihydroxycamptothecin",Investigative,,HS627,Undisclosed,Undisclosed,ANI0EGRHN,,
DRG0KPFQC,WO2024140447A1 ADC 17,Investigative,,HS627,WO2024140447A1 ADC 13 Payload,WO2024140447A1 ADC 17 Linker,ANI0EGRHN,PAY0WNUJC,LIN0DGZCC
DRG0KUSQL,HS627 ADC2,Investigative,,HS627,Undisclosed,Undisclosed,ANI0EGRHN,,
DRG0LQBRN,WO2024140447A1 ADC 11,Investigative,,HS627,WO2024140447A1 ADC 1 Payload,WO2024140447A1 ADC 11 Linker,ANI0EGRHN,PAY0WXLZN,LIN0ZWWZI
DRG0LZDLS,EP3838893B1-ADC-III,Investigative,,Mil40,Monomethyl auristatin E,Mm-C6-Val-Cit-PAB,ANI0DCOCP,PAY0FSXOW,LIN0WVXFH
DRG0LZWST,HS627- (C5)4,Investigative,,HS627,Undisclosed,Undisclosed,ANI0EGRHN,,
DRG0MILQV,"WO2024140450A1 7-[N- (HS627-Ac-PEG2-Gly-Lys-PABC), N- (S)-methylisopropyl]aminoethyl-10,11-methylenedi-10,11-ethenylhydragranin 4.3",Investigative,,HS627,Undisclosed,Undisclosed,ANI0EGRHN,,
DRG0MIOHZ,HS627- (C4)2,Investigative,,HS627,Undisclosed,Undisclosed,ANI0EGRHN,,
DRG0MOQZV,WO2024140447A1 ADC 13,Investigative,,HS627,WO2024140447A1 ADC 13 Payload,WO2024140447A1 ADC 13 Linker,ANI0EGRHN,PAY0WNUJC,LIN0EJQJD
DRG0MRKZS,HS627- (C4)4 3.7,Investigative,,HS627,Undisclosed,Undisclosed,ANI0EGRHN,,
DRG0NDMJQ,CN116785448A ADC7,Investigative,,HS627,CN116785448A ADC7 payload,CN116785448A ADC7 linker,ANI0EGRHN,PAY0FYLFK,LIN0KAYTC
DRG0NHPTL,WO2024140447A1 ADC 3,Investigative,,HS627,WO2024140447A1 ADC 1 Payload,WO2024140447A1 ADC 3 Linker,ANI0EGRHN,PAY0WXLZN,LIN0YLSQQ
DRG0NRMEV,Mm-C6-PEG4-Val-Ala-PAB-MMAE,Investigative,,Mil40,Monomethyl auristatin E,Mm-C6-PEG4-Val-Ala-PAB,ANI0DCOCP,PAY0FSXOW,LIN0VKJHT
DRG0OLIWE,(C6)4-HS627- (C1)2,Investigative,,HS627,Undisclosed,Undisclosed,ANI0EGRHN,,
DRG0PFZYQ,HS627- (C3)2,Investigative,,HS627,Undisclosed,Undisclosed,ANI0EGRHN,,
DRG0RAASM,WO2024140447A1 ADC 25,Investigative,,HS627,WO2024140447A1 ADC 1 Payload,WO2024140447A1 ADC 25 Linker,ANI0EGRHN,PAY0WXLZN,LIN0JQDIV
DRG0RANPL,Mm-C6-PEG8-Val-Ala-PAB-MMAE,Investigative,,Mil40,Monomethyl auristatin E,Mm-C6-PEG8-Val-Ala-PAB,ANI0DCOCP,PAY0FSXOW,LIN0IVSCI
DRG0RHTXN,WO2024140447A1 ADC 7,Investigative,,HS627,WO2024140447A1 ADC 1 Payload,WO2024140447A1 ADC 7 Linker,ANI0EGRHN,PAY0WXLZN,LIN0BVQRE
DRG0ROPWJ,WO2024140447A1 ADC 15,Investigative,,HS627,WO2024140447A1 ADC 13 Payload,WO2024140447A1 ADC 15 Linker,ANI0EGRHN,PAY0WNUJC,LIN0GAPFO
DRG0RTNTY,EP3838893B1-ADC-I,Investigative,,Mil40,Monomethyl auristatin E,Mm-C3-Val-Ala-PAB,ANI0DCOCP,PAY0FSXOW,LIN0AQDDK
DRG0SEETH,WO2024140447A1 ADC 21,Investigative,,HS627,WO2024140447A1 ADC 13 Payload,WO2024140447A1 ADC 21 Linker,ANI0EGRHN,PAY0WNUJC,LIN0QVKCZ
DRG0STHLB,HS627- (C2)2,Investigative,,HS627,Undisclosed,Undisclosed,ANI0EGRHN,,
DRG0TDUWQ,WO2024140447A1 ADC 19,Investigative,,HS627,WO2024140447A1 ADC 13 Payload,WO2024140447A1 ADC 3 Linker,ANI0EGRHN,PAY0WNUJC,LIN0YLSQQ
DRG0TFAEV,HS627- (C1)2,Investigative,,HS627,Undisclosed,Undisclosed,ANI0EGRHN,,
DRG0TFEJS,CN116785448A ADC3,Investigative,,HS627,CN116785448A ADC5 payload,CN116785448A ADC8 linker,ANI0EGRHN,PAY0VHCFM,LIN0DISOQ
DRG0TSXOA,WO2024140447A1 ADC 9,Investigative,,HS627,WO2024140447A1 ADC 1 Payload,WO2024140447A1 ADC 9 Linker,ANI0EGRHN,PAY0WXLZN,LIN0FKVQC
DRG0TWZBV,HS627- (C3)4,Investigative,,HS627,Undisclosed,Undisclosed,ANI0EGRHN,,
DRG0UBLWR,Su-C6-VA,Investigative,,Mil40,Monomethyl auristatin E,Mc-Val-Ala-PABC,ANI0DCOCP,PAY0FSXOW,LIN0OXUQL
DRG0UCYRP,HS627- (C8)4,Investigative,,HS627,Undisclosed,Undisclosed,ANI0EGRHN,,
DRG0UFQBT,(C6)4-HS627- (C7)2,Investigative,,HS627,Undisclosed,Undisclosed,ANI0EGRHN,,
DRG0USHOP,(C0)4-HS627- (C3)2,Investigative,,HS627,Undisclosed,Undisclosed,ANI0EGRHN,,
DRG0VISCD,Mm-C6-PEG8'-Val-Ala-PAB-MMAE,Investigative,,Mil40,Monomethyl auristatin E,Mm-C6-PEG8'-Val-Ala-PAB,ANI0DCOCP,PAY0FSXOW,LIN0LVHFD
DRG0VJPZD,HS627- (C7)4,Investigative,,HS627,Undisclosed,Undisclosed,ANI0EGRHN,,
DRG0WCHTA,"WO2024140450A1 7-[N- (HS627-Ac-PEG2-Val-Ala-PABC), N- (S)-methoxyisopropyl]aminomethyl-10,11-methylenedioxycamptothecin",Investigative,,HS627,Undisclosed,Undisclosed,ANI0EGRHN,,
DRG0WKQHV,HS627- (C7)2,Investigative,,HS627,Undisclosed,Undisclosed,ANI0EGRHN,,
DRG0WWRYZ,WO2024140447A1 ADC 23,Investigative,,HS627,WO2024140447A1 ADC 13 Payload,WO2024140447A1 ADC 23 Linker,ANI0EGRHN,PAY0WNUJC,LIN0XEMRU
DRG0XDRYK,EP3838893B1-ADC-II,Investigative,,Mil40,Monomethyl auristatin E,Mm-C6-Val-Ala-PAB,ANI0DCOCP,PAY0FSXOW,LIN0CGPBT
DRG0XEMGG,HS627- (C6)2,Investigative,,HS627,Undisclosed,Undisclosed,ANI0EGRHN,,
DRG0XMDMO,(C0)4-HS627- (C5)2,Investigative,,HS627,Undisclosed,Undisclosed,ANI0EGRHN,,
DRG0YRNBZ,"WO2024140450A1 7-[N- (HS627-mc-Gly-Gly-Phe-Gly-ha-Ac), N- (S)-methoxyisopropyl]aminomethyl-10,11-methylenedioxycamptothecin",Investigative,,HS627,Undisclosed,Undisclosed,ANI0EGRHN,,
DRG0ZBSMC,HS627- (C5)2,Investigative,,HS627,Undisclosed,Undisclosed,ANI0EGRHN,,
DRG0ZJQXG,HS627- (C1)4,Investigative,,HS627,Undisclosed,Undisclosed,ANI0EGRHN,,
DRG0ZYXBQ,CN116785448A ADC6,Investigative,,HS627,CN116785448A ADC6 payload,CN116785448A ADC6 linker,ANI0EGRHN,PAY0COBFM,LIN0HDEBJ
DRG0AAYGS,US12195552B2 ADC19,Investigative,,Undisclosed,Undisclosed,Undisclosed,,,
DRG0ADWNF,WO2024118785A3 Lot29,Investigative,,Undisclosed,Undisclosed,Undisclosed,,,
DRG0AFWAY,CN110997010A ADC-24,Investigative,,Anti-HER2 mAb,Undisclosed,CN110997010A ADC-3 linker,ANI0YQQFV,,LIN0BJGSR
DRG0AFYAL,Ab[AL- LP3] 4,Investigative,,Undisclosed,Exatecan,Undisclosed,,PAY0LEIGJ,
DRG0AFZJM,HK40112818A Anti-Her2-BL2- LP41,Investigative,,Undisclosed,Undisclosed,Anti-Her2-AL1- LP41 linker,,,LIN0OZNTI
DRG0AHBBG,HK40112818A Anti-Her2-BL2- LP32,Investigative,,Undisclosed,Undisclosed,Anti-Her2-AL1- LP32 linker,,,LIN0HIEXH
DRG0AJSTS,HK40112818A Anti-Her2-BL2- LP1,Investigative,,Undisclosed,US12209180B2 P3,Anti-Her2-AL1- LP1 LINKER,,PAY0OZLGQ,LIN0NCHKU
DRG0AKAUT,HER2-L078-058,Investigative,,Undisclosed,Undisclosed,Undisclosed,,,
DRG0AKOSF,FGFR2b-1-BL12 LP2,Investigative,,Undisclosed,US12209180B2 P3,Anti-Her2-AL1- LP2 LINKER,,PAY0OZLGQ,LIN0OAPYM
DRG0AUFRM,aHer2- (BL3b-LP1)n,Investigative,,Undisclosed,DX-8951 derivative (DXd),US20240269308A1 aHer2- (AL6-LP1)n Linker,,PAY0UXDSB,LIN0HITPJ
DRG0AUWSR,US12195552B2 ADC14,Investigative,,Undisclosed,Undisclosed,Undisclosed,,,
DRG0AWEFX,WO2024118785A3 Lot8,Investigative,,Undisclosed,Undisclosed,Undisclosed,,,
DRG0AXPFL,CN114106088A ADC7,Investigative,,Undisclosed,Tubulin inhibitor B,CN114106088A+ADC2+Linker,,PAY0WUTUF,LIN0HDSMX
DRG0AYNNA,30kmPEG (SCAHer2 (1)xSCAHer2 (2))-2 (Val-Cit-PAB-DEA-SN38),Investigative,,Undisclosed,Active metabolite of irinotecan SN38,Undisclosed,,PAY0ZVBAI,
DRG0AZUEZ,ZV-0203,Phase 1,,Undisclosed,Undisclosed,Undisclosed,,,
DRG0BAEDW,aHer2- (BL3b-LP1),Investigative,,Undisclosed,aHer2- (AL4c-LP1B),aHer2- (BL3b-LP1),,PAY0HFBIY,LIN0MXBSX
DRG0BBDIO,CN110997010A ADC-17,Investigative,,Anti-HER2 mAb,Undisclosed,CN110997010A ADC-17 linker,ANI0YQQFV,,LIN0ZYIZJ
DRG0BDVLS,Her2-E380C-L443C,Investigative,,Undisclosed,Undisclosed,Undisclosed,,,
DRG0BLIKM,WO2024118785A3 Lot1,Investigative,,Undisclosed,Undisclosed,Undisclosed,,,
DRG0BQARX,WO2024118785A3 Lot31,Investigative,,Undisclosed,Undisclosed,Undisclosed,,,
DRG0BSRFO,HER2-L078-182,Investigative,,Undisclosed,Undisclosed,Undisclosed,,,
DRG0BWTQY,HK40112818A Anti-Her2-AL1- LP3,Investigative,,Undisclosed,US12209180B2 P3,Anti-Her2-AL1- LP3 LINKER,,PAY0OZLGQ,LIN0IKKVZ
DRG0BWXBV,Ab[AL2- LP17]n,Investigative,,Undisclosed,DX-8951 derivative (DXd),Undisclosed,,PAY0UXDSB,
DRG0BYJVT,HER2-L078-178,Investigative,,Undisclosed,Undisclosed,Undisclosed,,,
DRG0CAWLG,FGFR2b-1-AL1- LP1,Investigative,,Undisclosed,US12209180B2 P3,Anti-Her2-AL1- LP1 LINKER,,PAY0OZLGQ,LIN0NCHKU
DRG0CBYIR,Maa-C6-Val-Cit-PAB-MMAE,Investigative,,Undisclosed,Monomethyl auristatin E,Maa-C6-Val-Cit-PAB,,PAY0FSXOW,LIN0HGQLP
DRG0CDNUS,Her2-N421C 2,Investigative,,Undisclosed,Undisclosed,Undisclosed,,,
DRG0CDPHQ,CA2975383C example28,Investigative,,Undisclosed,Tubulin inhibitor C,Undisclosed,,PAY0PQZBT,
DRG0CEEQH,Control-AL1- LP20,Investigative,,Undisclosed,US12209180B2 P3,Anti-Her2-AL1- LP20 LINKER,,PAY0OZLGQ,LIN0RJDBJ
DRG0CHBIW,HER2-L079-018,Investigative,,Undisclosed,Undisclosed,Undisclosed,,,
DRG0CHLQX,LN401-31-1,Investigative,,Undisclosed,Tubulin inhibitor B,CN114106088A+ADC1+Linker,,PAY0WUTUF,LIN0JLLRE
DRG0CHWYV,WO2024118785A3 Lot9,Investigative,,Undisclosed,Undisclosed,Undisclosed,,,
DRG0CJPGG,Her2-kappa-K207C,Investigative,,Undisclosed,Undisclosed,Undisclosed,,,
DRG0CMFNV,HER2-L078-177,Investigative,,Undisclosed,Undisclosed,Undisclosed,,,
DRG0CMIZH,US12195552B2 ADC12,Investigative,,Undisclosed,Undisclosed,Undisclosed,,,
DRG0CQIAJ,WO2024118785A3 Lot73,Investigative,,Undisclosed,Undisclosed,Undisclosed,,,
DRG0CVLCP,US12195552B2 ADC33,Investigative,,Undisclosed,Undisclosed,Undisclosed,,,
DRG0CXQGW,HER2-L081-038,Investigative,,Undisclosed,Undisclosed,Undisclosed,,,
DRG0CYJYN,HK40112818A Anti-Her2-LP27,Investigative,,Undisclosed,Undisclosed,Anti-Her2-LP27 linker,,,LIN0BODZF
DRG0CZYIO,HK40112818A Anti-Her2-AL1- LP10,Investigative,,Undisclosed,US12209180B2 P3,Anti-Her2-AL1- LP10 linker,,PAY0OZLGQ,LIN0FBIEI
DRG0DCUGA,US12195552B2 ADC11,Investigative,,Undisclosed,Undisclosed,Undisclosed,,,
DRG0DDSTO,HER2-L079-019,Investigative,,Undisclosed,Undisclosed,Undisclosed,,,
DRG0DFHUW,aHer2- (AL7-LP13)n,Investigative,,Undisclosed,DX-8951 derivative (DXd),US20240269308A1 aHer2- (AL6-LP13)n Linker,,PAY0UXDSB,LIN0BPIKG
DRG0DFJYX,HER2-B,Investigative,,Undisclosed,TLR7/8 agonist B,Succinimidyl-4-(N-maleimidomethyl)cyclohexane-1-carboxylate (SMCC),,PAY0JHJHH,LIN0EBJON
DRG0DFWUA,HER2-L078-119,Investigative,,Undisclosed,Undisclosed,Undisclosed,,,
DRG0DGAGG,HK40112818A Anti-Her2-AL1- LP25,Investigative,,Undisclosed,Undisclosed,Anti-Her2-AL1- LP25 linker,,,LIN0STNKL
DRG0DGWUJ,aHer2- (AL7-LP13),Investigative,,Undisclosed,aHer2- (AL6-LP1),aHer2- (AL7-LP13),,PAY0BNXCL,LIN0IMHUQ
DRG0DMACI,CN110997010A ADC-18,Investigative,,Anti-HER2 mAb,Undisclosed,CN110997010A ADC-18 linker,ANI0YQQFV,,LIN0UCWVD
DRG0DOYNI,FGFR2b-1-BL12- LP1,Investigative,,Undisclosed,US12209180B2 P3,Anti-Her2-AL1- LP1 LINKER,,PAY0OZLGQ,LIN0NCHKU
DRG0DPASK,aHer2- (AL2a),Investigative,,Undisclosed,Undisclosed,Undisclosed,,,
DRG0DPQJO,WO2024118785A3 Lot16,Investigative,,Undisclosed,Undisclosed,Undisclosed,,,
DRG0DQAVC,Ab[AL- LP4] 4,Investigative,,Undisclosed,Exatecan,Undisclosed,,PAY0LEIGJ,
DRG0DQLEK,aHer2- (AL6),Investigative,,Undisclosed,Undisclosed,Undisclosed,,,
DRG0DRAIR,HK40112818A Anti-Her2-AL1- LP2,Investigative,,Undisclosed,US12209180B2 P3,Anti-Her2-AL1- LP2 LINKER,,PAY0OZLGQ,LIN0OAPYM
DRG0DSFLB,CA2975383C example17,Investigative,,Undisclosed,Tubulin inhibitor A,Undisclosed,,PAY0KTZFP,
DRG0DTMOS,aHer2 2- (Mc-GGFG-DXD),Investigative,,Undisclosed,DX-8951 derivative (DXd),Mc-Gly-Gly-Phe-Gly,,PAY0UXDSB,LIN0ECMCR
DRG0DTQAZ,US12195552B2 ADC40,Investigative,,Undisclosed,Undisclosed,Undisclosed,,,
DRG0DUXHV,H-3-MMAF,Investigative,,Undisclosed,Undisclosed,Undisclosed,,,
DRG0DYMII,aHer2- (AL4c-LP1B)n,Investigative,,Undisclosed,DX-8951 derivative (DXd),US20240269308A1 aHer2- (AL4c-LP1B)n Linker,,PAY0UXDSB,LIN0CHTMO
DRG0ECLMU,US12195552B2 ADC32,Investigative,,Undisclosed,Undisclosed,Undisclosed,,,
DRG0EFLIX,Control-AL1- LP32,Investigative,,Undisclosed,Undisclosed,Anti-Her2-AL1- LP32 linker,,,LIN0HIEXH
DRG0EHAXL,Her2-E380C 2,Investigative,,Undisclosed,Undisclosed,Undisclosed,,,
DRG0EHPSX,HER2-L078-164,Investigative,,Undisclosed,Undisclosed,Undisclosed,,,
DRG0EHSGG,US12195552B2 ADC35,Investigative,,Undisclosed,Undisclosed,Undisclosed,,,
DRG0EMDDV,US12195552B2 ADC27,Investigative,,Undisclosed,Undisclosed,Undisclosed,,,
DRG0ENJKJ,HK40112818A Anti-Her2-BL2- LP22,Investigative,,Undisclosed,US12209180B2 P3,Anti-Her2-AL1- LP22 linker,,PAY0OZLGQ,LIN0JXDIM
DRG0EPQQU,Ab[AL- LP3],Investigative,,Undisclosed,Exatecan,Undisclosed,,PAY0LEIGJ,
DRG0EPRIR,US12195552B2 ADC16,Investigative,,Undisclosed,Undisclosed,Undisclosed,,,
DRG0EQIKW,CN110997010A ADC-21,Investigative,,Anti-HER2 mAb,Undisclosed,CN110997010A ADC-21 linker,ANI0YQQFV,,LIN0COLKK
DRG0EUASA,CA2975383C example64,Investigative,,Undisclosed,CA2975383C example64 payload,Undisclosed,,PAY0KRSBP,
DRG0EUFNN,CN110997010A ADC-14,Investigative,,Anti-HER2 mAb,Undisclosed,CN110997010A ADC-14 linker,ANI0YQQFV,,LIN0BJSWP
DRG0EWLTM,aHer2- (BL3b),Investigative,,Undisclosed,Undisclosed,Undisclosed,,,
DRG0FAKLQ,Her2-E380C+L443C,Investigative,,Undisclosed,Undisclosed,Undisclosed,,,
DRG0FEZYM,aHer2- (AL7-LP5),Investigative,,Undisclosed,aHer2- (AL7-LP5),aHer2- (AL7-LP5),,PAY0KOCAO,LIN0VQWJS
DRG0FGFIG,aHer2- (AL7-LP9)n,Investigative,,Undisclosed,CP1422,US20240269308A1 aHer2- (AL7-LP5)n Linker,,PAY0KQMZL,LIN0VHZNZ
DRG0FKPUT,Ab[AL- LP9] 4,Investigative,,Undisclosed,Exatecan,Undisclosed,,PAY0LEIGJ,
DRG0FOASJ,aHer2- (AL7-LP4),Investigative,,Undisclosed,DX-8951 derivative (DXd),aHer2- (AL7-LP2),,PAY0UXDSB,LIN0RIOOO
DRG0FQOHI,WO2024118785A3 Lot63,Investigative,,Undisclosed,P9,Undisclosed,,PAY0BBLOJ,
DRG0FRAIB,US12195552B2 ADC44,Investigative,,Undisclosed,Undisclosed,Undisclosed,,,
DRG0FTLWF,STI1499-SET0218 6.2-6.4,Investigative,,Undisclosed,Undisclosed,Undisclosed,,,
DRG0FTQHL,US12195552B2 ADC39,Investigative,,Undisclosed,Undisclosed,Undisclosed,,,
DRG0FUMBD,Her2-Q347C 2,Investigative,,Undisclosed,Undisclosed,Undisclosed,,,
DRG0FWHDJ,HER2-L078-062,Investigative,,Undisclosed,Undisclosed,Undisclosed,,,
DRG0FXLOG,Her2-L443C 3,Investigative,,Undisclosed,Undisclosed,Undisclosed,,,
DRG0FZGUF,Anti-HER-N297Q-Ex18,Investigative,,Undisclosed,Undisclosed,Undisclosed,,,
DRG0GBVZU,FGFR2b-1-AL1- LP32,Investigative,,Undisclosed,Undisclosed,Anti-Her2-AL1- LP32 linker,,,LIN0HIEXH
DRG0GCFUL,Mm-C3-Val-Ala-PAB-MMAE,Investigative,,Undisclosed,Monomethyl auristatin E,Mm-C3-Val-Ala-PAB,,PAY0FSXOW,LIN0AQDDK
DRG0GCLDR,JP2025502147A ADC1,Investigative,,Undisclosed,Undisclosed,Undisclosed,,,
DRG0GFLDX,Her2-K392C+L443C,Investigative,,Undisclosed,Undisclosed,Undisclosed,,,
DRG0GGQKP,HER2-L081-034,Investigative,,Undisclosed,Undisclosed,Undisclosed,,,
DRG0GGWZC,CN110997010A ADC-13,Investigative,,Anti-HER2 mAb,Undisclosed,CN110997010A ADC-13 linker,ANI0YQQFV,,LIN0VJOGV
DRG0GJDYH,HK40112818A Anti-Her2-BL2- LP39,Investigative,,Undisclosed,Undisclosed,Undisclosed,,,
DRG0GJWCO,CA2975383C example19,Investigative,,Undisclosed,Tubulin inhibitor C,Undisclosed,,PAY0PQZBT,
DRG0GLSNH,US12195552B2 ADC26,Investigative,,Undisclosed,Undisclosed,Undisclosed,,,
DRG0GQCHO,HMBD-802,Phase 1/2,Unspecific solid tumor,Anti-HER2 mAb,Exatecan; ATR inhibitor,A cleavable linker,ANI0YQQFV,PAY0NMOUX,LIN0JKBHU
DRG0GQHKV,HER2-L078-056,Investigative,,Undisclosed,Undisclosed,Undisclosed,,,
DRG0GRJWM,US12195552B2 ADC10,Investigative,,Undisclosed,Undisclosed,Undisclosed,,,
DRG0GTKSV,CN110997010A ADC-27,Investigative,,Anti-HER2 mAb,Undisclosed,CN110997010A ADC-5 linker,ANI0YQQFV,,LIN0FGARK
DRG0GVAVD,HER2-A,Investigative,,Undisclosed,TLR7/8 agonist A,Succinimidyl-4-(N-maleimidomethyl)cyclohexane-1-carboxylate (SMCC),,PAY0PMQSD,LIN0EBJON
DRG0GXGJC,HER2-SET0218 (2),Investigative,,Undisclosed,Undisclosed,Undisclosed,,,
DRG0GXVVB,HK40112818A Anti-Her2-AL1- LP39,Investigative,,Undisclosed,Undisclosed,Anti-Her2-AL1- LP41 linker,,,LIN0OZNTI
DRG0GYGUI,FDA022-BB05,Phase 1,,Undisclosed,Undisclosed,Undisclosed,,,
DRG0GZJMU,aHer2- (AL11a-LP15),Investigative,,Undisclosed,DX-8951 derivative (DXd),aHer2- (AL11a-LP15),,PAY0UXDSB,LIN0EJTEA
DRG0GZVPC,Her2-Y373C 1.6,Investigative,,Undisclosed,Undisclosed,Undisclosed,,,
DRG0HABKG,Production of the antibody-drug conjugate (1),Investigative,,Undisclosed,Undisclosed,Undisclosed,,,
DRG0HCBIV,aHer2- (AL7-LP9),Investigative,,Undisclosed,Undisclosed,aHer2- (AL7-LP2),,,LIN0RIOOO
DRG0HEZZJ,Control-AL1- LP2,Investigative,,Undisclosed,US12209180B2 P3,Anti-Her2-AL1- LP2 LINKER,,PAY0OZLGQ,LIN0OAPYM
DRG0HGCWM,WO2024118785A3 Lot51,Investigative,,Undisclosed,Undisclosed,Undisclosed,,,
DRG0HIWPT,US12195552B2 ADC29,Investigative,,Undisclosed,Undisclosed,Undisclosed,,,
DRG0HJBEZ,CN114106088A ADC9,Investigative,,Undisclosed,Tubulin inhibitor B,CN114106088A+ADC4+Linker,,PAY0WUTUF,LIN0GGFLU
DRG0HJBQQ,JP2025502147A ADC7,Investigative,,Undisclosed,Exatecan,Undisclosed,,PAY0LEIGJ,
DRG0HKDDR,Her2-K392C 1.9,Investigative,,Undisclosed,Undisclosed,Undisclosed,,,
DRG0HMUKQ,US12195552B2 ADC3,Investigative,,Undisclosed,Undisclosed,Undisclosed,,,
DRG0HNHIE,US12195552B2 ADC8,Investigative,,Undisclosed,Undisclosed,Undisclosed,,,
DRG0HNHYB,US12195552B2 ADC21,Investigative,,Undisclosed,Undisclosed,Undisclosed,,,
DRG0HOMMK,HK40112818A Anti-Her2-AL1- LP11,Investigative,,Undisclosed,US12209180B2 P3,Anti-Her2-AL1- LP11 linker,,PAY0OZLGQ,LIN0YUYRU
DRG0HPBUG,US12195552B2 ADC22,Investigative,,Undisclosed,Undisclosed,Undisclosed,,,
DRG0HQUAF,HER2-L078-173,Investigative,,Undisclosed,Undisclosed,Undisclosed,,,
DRG0HUFMA,WO2024118785A3 Lot45,Investigative,,Undisclosed,Undisclosed,Undisclosed,,,
DRG0HVBJM,HER2-L078-121,Investigative,,Undisclosed,Undisclosed,Undisclosed,,,
DRG0HVIPD,aHer2- (AL6-LP1)n,Investigative,,Undisclosed,DX-8951 derivative (DXd),US20240269308A1 aHer2- (AL6-LP1)n Linker,,PAY0UXDSB,LIN0HITPJ
DRG0HWUPY,US12195552B2 ADC9,Investigative,,Undisclosed,Undisclosed,Undisclosed,,,
DRG0HZHRW,HK40112818A Anti-Her2-AL1- LP28,Investigative,,Undisclosed,Undisclosed,Anti-Her2-AL1- LP28 linker,,,LIN0FUEPN
DRG0HZOSJ,HER2-L079-034,Investigative,,Undisclosed,Undisclosed,Undisclosed,,,
DRG0IBDOF,CN110997010A ADC-25,Investigative,,Anti-HER2 mAb,Undisclosed,CN110997010A ADC-3 linker,ANI0YQQFV,,LIN0BJGSR
DRG0IDJTE,HER2-L078-055,Investigative,,Undisclosed,Undisclosed,Undisclosed,,,
DRG0IEALC,aHer2 (Handle)n,Investigative,,Undisclosed,Undisclosed,Undisclosed,,,
DRG0IERJK,US12195552B2 ADC34,Investigative,,Undisclosed,Undisclosed,Undisclosed,,,
DRG0IEVKV,Mf-C3-Val-Ala-PAB-MMAE,Investigative,,Undisclosed,Monomethyl auristatin E,Mm-C3-Val-Ala-PAB,,PAY0FSXOW,LIN0AQDDK
DRG0IICOW,HER2-L078-171,Investigative,,Undisclosed,Undisclosed,Undisclosed,,,
DRG0IJZEY,WO2024118785A3 Lot30,Investigative,,Undisclosed,Undisclosed,Undisclosed,,,
DRG0IKPSG,Her2-K392C 2,Investigative,,Undisclosed,Undisclosed,Undisclosed,,,
DRG0IKZUY,JY201,Investigative,,Undisclosed,Undisclosed,Mc-Val-Cit-PABC,,,LIN0SQEDQ
DRG0INKFF,HER2-L078-118,Investigative,,Undisclosed,Undisclosed,Undisclosed,,,
DRG0IOGXO,H01L02-Dxd,Investigative,,H01L02,DX-8951 derivative (DXd),Mc-Gly-Gly-Phe-Gly,ANI0STNTK,PAY0UXDSB,LIN0ECMCR
DRG0IOMET,Control-AL1- LP23,Investigative,,Undisclosed,Undisclosed,Anti-Her2-AL1- LP23 linker,,,LIN0RGNUP
DRG0IRRWB,WO2024118785A3 Lot47,Investigative,,Undisclosed,P9,Undisclosed,,PAY0BBLOJ,
DRG0ITRDM,US12195552B2 ADC20,Investigative,,Undisclosed,Undisclosed,Undisclosed,,,
DRG0IZJHK,aHer2- (AL7-LP2),Investigative,,Undisclosed,aHer2- (AL7-LP2),aHer2- (AL7-LP2),,PAY0OYKMJ,LIN0RIOOO
DRG0JDTVR,Her2-kappa-K207C+L443C,Investigative,,Undisclosed,Undisclosed,Undisclosed,,,
DRG0JGGII,HER2-L078-064,Investigative,,Undisclosed,Undisclosed,Undisclosed,,,
DRG0JIXOR,aHer2- (AL4c-LP13C),Investigative,,Undisclosed,Undisclosed,aHer2- (AL4c-LP13C),,,LIN0ZTLFZ
DRG0JJSGD,aHer2- (AL3a),Investigative,,Undisclosed,Undisclosed,Undisclosed,,,
DRG0JNVNA,Isotype Control- (Handle)n,Investigative,,Undisclosed,Undisclosed,Undisclosed,,,
DRG0JOLKT,CN110997010A ADC-31,Investigative,,Anti-HER2 mAb,Undisclosed,CN110997010A ADC-31 linker,ANI0YQQFV,,LIN0OCPSV
DRG0JQUIG,Control-ALl-LP1,Investigative,,Undisclosed,US12209180B2 P3,Anti-Her2-AL1- LP1 LINKER,,PAY0OZLGQ,LIN0NCHKU
DRG0JRLAS,HER2-L078-063,Investigative,,Undisclosed,Undisclosed,Undisclosed,,,
DRG0JTQDR,FS-1502,Phase 1,,Undisclosed,Monomethyl auristatin F,Undisclosed,,PAY0QLDVX,
DRG0JTRLL,WO2024118785A3 Lot88,Investigative,,Undisclosed,Undisclosed,Undisclosed,,,
DRG0JUAVM,aHer2 1- (Mc-GGFG-DXD),Investigative,,Undisclosed,DX-8951 derivative (DXd),Mc-Gly-Gly-Phe-Gly,,PAY0UXDSB,LIN0ECMCR
DRG0JVPRD,HER2-L079-035,Investigative,,Undisclosed,Undisclosed,Undisclosed,,,
DRG0JYAHM,aHer2- (BL1-LP1)n,Investigative,,Undisclosed,DX-8951 derivative (DXd),US20240269308A1 aHer2- (AL6-LP1)n Linker,,PAY0UXDSB,LIN0HITPJ
DRG0JYCBR,HER2-L078-057,Investigative,,Undisclosed,Undisclosed,Undisclosed,,,
DRG0JYPMR,Isotype Control ADC,Investigative,,Undisclosed,Undisclosed,Undisclosed,,,
DRG0KCGDM,CN110997010A ADC-29,Investigative,,Anti-HER2 mAb,Undisclosed,CN110997010A ADC-7 linker,ANI0YQQFV,,LIN0PLADS
DRG0KEEBW,Her2-kappa-A111C+Q347C,Investigative,,Undisclosed,Undisclosed,Undisclosed,,,
DRG0KGUBR,aHer2- (AL4c-LP13C)n,Investigative,,Undisclosed,DX-8951 derivative (DXd),US20240269308A1 aHer2- (AL4c-LP13C)n Linker,,PAY0UXDSB,LIN0JJLRV
DRG0KHAFD,WO2024118785A3 Lot26,Investigative,,Undisclosed,Undisclosed,Undisclosed,,,
DRG0KJZAA,FGFR2b-1-AL1- LP35,Investigative,,Undisclosed,Undisclosed,Anti-Her2-AL1- LP35 LINKER linker,,,LIN0HBIXZ
DRG0KMOJV,US12195552B2 ADC41,Investigative,,Undisclosed,Undisclosed,Undisclosed,,,
DRG0KPTOO,HK40112818A Anti-Her2-BL21- LP28,Investigative,,Undisclosed,Undisclosed,Anti-Her2-AL1- LP28 linker,,,LIN0FUEPN
DRG0KQHGX,aHer2- (AL6-LP1),Investigative,,Undisclosed,aHer2- (AL6-LP1),aHer2- (AL6-LP1),,PAY0BNXCL,LIN0DSPIB
DRG0KQOWQ,HER2-11,Investigative,,Undisclosed,WL-14,Undisclosed,,PAY0UYNEC,
DRG0KSZIB,aHer2 1- (Mc-GGFG-DXD),Investigative,,Undisclosed,DX-8951 derivative (DXd),Mc-Gly-Gly-Phe-Gly,,PAY0UXDSB,LIN0ECMCR
DRG0KYHJT,WO2024118785A3 Lot85,Investigative,,Undisclosed,Undisclosed,Undisclosed,,,
DRG0KYNKS,WO2024118785A3 Lot27,Investigative,,Undisclosed,Undisclosed,Undisclosed,,,
DRG0KZPKS,WO2024118785A3 Lot46,Investigative,,Undisclosed,Undisclosed,Undisclosed,,,
DRG0LAAGT,WO2024118785A3 Lot17,Investigative,,Undisclosed,Undisclosed,Undisclosed,,,
DRG0LBFPW,Her2-kappa-A111C,Investigative,,Undisclosed,Undisclosed,Undisclosed,,,
DRG0LCQOK,STI1499-SET0218 3.8-4.1,Investigative,,Undisclosed,Undisclosed,Undisclosed,,,
DRG0LDMIV,US12195552B2 ADC25,Investigative,,Undisclosed,Undisclosed,Undisclosed,,,
DRG0LFKOX,CN110997010A ADC-16,Investigative,,Anti-HER2 mAb,Undisclosed,CN110997010A ADC-16 linker,ANI0YQQFV,,LIN0YVMZA
DRG0LGZAN,HLX91-048 ADC (DAR 4),Investigative,,Undisclosed,HLX91-048,Undisclosed,,PAY0BGUOM,
DRG0LJABC,HER2-L078-045,Investigative,,Undisclosed,Undisclosed,Undisclosed,,,
DRG0LKPKI,HK40112818A Anti-Her2-AL1- LP38,Investigative,,Undisclosed,Undisclosed,Anti-Her2-AL1- LP38 linker,,,LIN0SPLLV
DRG0LRGEO,CN110997010A ADC-10,Investigative,,Anti-HER2 mAb,Undisclosed,CN110997010A ADC-10 linker,ANI0YQQFV,,LIN0OGYRU
DRG0LRYYB,HS630,Phase 1,,Undisclosed,Mertansine DM1,Undisclosed,,PAY0JCIBW,
DRG0LSDPH,HER2-L078-130,Investigative,,Undisclosed,Undisclosed,Undisclosed,,,
DRG0LUBFN,CN110997010A ADC-19,Investigative,,Anti-HER2 mAb,Undisclosed,CN110997010A ADC-19 linker,ANI0YQQFV,,LIN0TESUX
DRG0LURAB,CN118436801A PAC 1,Investigative,,Thio hu anti-Her2 7C2 LC K149C,Undisclosed,Mc-Val-Cit-PABC,ANI0GBHZC,,LIN0SQEDQ
DRG0LUSCE,CN110997010A ADC-12,Investigative,,Anti-HER2 mAb,Undisclosed,CN110997010A ADC-12 linker,ANI0YQQFV,,LIN0UHBKS
DRG0LWCAN,aHer2- (AL6-LP13D),Investigative,,Undisclosed,DX-8951 derivative (DXd),aHer2- (AL6-LP13D),,PAY0UXDSB,LIN0RJDTE
DRG0LZCZZ,H-1-VcMMAE,Investigative,,Undisclosed,Undisclosed,Undisclosed,,,
DRG0LZFAZ,US12195552B2 ADC45,Investigative,,Undisclosed,Undisclosed,Undisclosed,,,
DRG0MAYKK,WO2024118785A3 Lot13,Investigative,,Undisclosed,Undisclosed,Undisclosed,,,
DRG0MDKNT,Antl-Her2_ (0295)_ValAlaPABC_MMAE,Investigative,,Undisclosed,Monomethyl auristatin E,Mc-Val-Ala-PABC,,PAY0FSXOW,LIN0OXUQL
DRG0MDWVH,aHer2- (BL1-LP13)n,Investigative,,Undisclosed,DX-8951 derivative (DXd),US20240269308A1 aHer2- (AL6-LP13)n Linker,,PAY0UXDSB,LIN0BPIKG
DRG0MEKIN,WO2024118785A3 Lot60,Investigative,,Undisclosed,P9,Undisclosed,,PAY0BBLOJ,
DRG0MGFOU,CN110997010A ADC-23,Investigative,,Anti-HER2 mAb,Undisclosed,CN110997010A ADC-1 linker,ANI0YQQFV,,LIN0FQJWR
DRG0MKZAS,aHer2- (AL7-LP3),Investigative,,Undisclosed,DX-8951 derivative (DXd),aHer2- (AL7-LP2),,PAY0UXDSB,LIN0RIOOO
DRG0MMMJQ,JP2025502147A ADC6,Investigative,,Undisclosed,Exatecan,Undisclosed,,PAY0LEIGJ,
DRG0MOABE,aHer2- (AL4c-LP13C),Investigative,,Undisclosed,Undisclosed,aHer2- (AL4c-LP13C),,,LIN0ZTLFZ
DRG0MOPAN,Maa-C6-Val-Ala-PAB-MMAE,Investigative,,Undisclosed,Monomethyl auristatin E,Maa-C6-Val-Ala-PAB,,PAY0FSXOW,LIN0SWVBO
DRG0MSZOM,CN110997010A ADC-34,Investigative,,Anti-HER2 mAb,Undisclosed,CN110997010A ADC-34 linker,ANI0YQQFV,,LIN0RWCTZ
DRG0MTQLK,30kmPEG (SCAHer2 (1)xSCAHer2 (2))-3 (Val-Cit-PAB-DEA-SN38),Investigative,,Undisclosed,Active metabolite of irinotecan SN38,Undisclosed,,PAY0ZVBAI,
DRG0MWDWX,HK40112818A Anti-Her2-AL1- LP30,Investigative,,Undisclosed,Undisclosed,Anti-Her2-AL1- LP30 linker,,,LIN0SJEHD
DRG0MZDVR,HER2-L078-120,Investigative,,Undisclosed,Undisclosed,Undisclosed,,,
DRG0MZQJP,aHer2- (BL1),Investigative,,Undisclosed,Undisclosed,Undisclosed,,,
DRG0NFEDO,HLX91-048 ADC (DAR 8),Investigative,,Undisclosed,HLX91-048,Undisclosed,,PAY0BGUOM,
DRG0NFJGV,AU2017341000B2 ADC (1),Investigative,,Undisclosed,DX-8951 derivative (DXd),Mc-Gly-Gly-Phe-Gly,,PAY0UXDSB,LIN0ECMCR
DRG0NLUPM,HK40112818A Anti-Her2-AL1- LP37,Investigative,,Undisclosed,Undisclosed,Anti-Her2-AL1- LP37 linker,,,LIN0CLBJX
DRG0NMBDG,aHer2- (AL7-LP1),Investigative,,Undisclosed,aHer2- (AL6-LP1),aHer2- (AL7-LP1),,PAY0BNXCL,LIN0JCKJW
DRG0NMQOM,Control-AL1- LP35,Investigative,,Undisclosed,Undisclosed,Anti-Her2-AL1- LP35 LINKER linker,,,LIN0HBIXZ
DRG0NPALM,US12195552B2 ADC2,Investigative,,Undisclosed,Undisclosed,Undisclosed,,,
DRG0NPMAE,HK40112818A Anti-Her2-AL1- LP12,Investigative,,Undisclosed,US12209180B2 P3,Anti-Her2-AL1- LP12 linker,,PAY0OZLGQ,LIN0WRAFS
DRG0NTOJV,HER2-L078-066LT,Investigative,,Undisclosed,Undisclosed,Undisclosed,,,
DRG0NUANR,aHer2- (AL11a-LP1),Investigative,,Undisclosed,aHer2- (AL6-LP1),aHer2- (AL7-LP2),,PAY0BNXCL,LIN0RIOOO
DRG0NWGJD,WO2024118785A3 Lot84,Investigative,,Undisclosed,Undisclosed,Undisclosed,,,
DRG0NYICX,HER2-L078-044,Investigative,,Undisclosed,Undisclosed,Undisclosed,,,
DRG0NYXSG,LN401-90-5,Investigative,,Undisclosed,Tubulin inhibitor B,CN114106088A+ADC3+Linker,,PAY0WUTUF,LIN0WAMNP
DRG0NZQWB,LN401-31-2,Investigative,,Undisclosed,Tubulin inhibitor B,CN114106088A+ADC2+Linker,,PAY0WUTUF,LIN0HDSMX
DRG0OGTRY,US12195552B2 ADC42,Investigative,,Undisclosed,Undisclosed,Undisclosed,,,
DRG0OLHMR,aHer2- (AL7-LP2)n,Investigative,,Undisclosed,CP1412,US20240269308A1 aHer2- (AL6-LP1)n Linker,,PAY0KQIEQ,LIN0HITPJ
DRG0OLLSU,US12195552B2 ADC46,Investigative,,Undisclosed,Undisclosed,Undisclosed,,,
DRG0OLZDT,HER2-L078-030-LT,Investigative,,Undisclosed,Undisclosed,Undisclosed,,,
DRG0OSADE,HK40112818A Anti-Her2-AL1- LP22,Investigative,,Undisclosed,US12209180B2 P3,Anti-Her2-AL1- LP22 linker,,PAY0OZLGQ,LIN0JXDIM
DRG0OUUHF,Anti-Her2_AsnAsnPABC_MMAE,Investigative,,Undisclosed,Monomethyl auristatin E,AsnAsnPABC,,PAY0FSXOW,LIN0OTOEH
DRG0OVNLF,CN110997010A ADC-20,Investigative,,Anti-HER2 mAb,Undisclosed,CN110997010A ADC-20 linker,ANI0YQQFV,,LIN0FFKYA
DRG0OXKVR,LN401-90-4,Investigative,,Undisclosed,Tubulin inhibitor B,CN114106088A+ADC5+Linker,,PAY0WUTUF,LIN0SOUVM
DRG0PCXNO,aHer2- (AL7-LP3)n,Investigative,,Undisclosed,CP1408,US20240269308A1 aHer2- (AL6-LP1)n Linker,,PAY0WVQZS,LIN0HITPJ
DRG0PETYT,H-1-MMAF,Investigative,,Undisclosed,Undisclosed,Undisclosed,,,
DRG0PFSCH,CN114106088A ADC6,Investigative,,Undisclosed,Tubulin inhibitor B,CN114106088A+ADC1+Linker,,PAY0WUTUF,LIN0JLLRE
DRG0PGEKP,US12195552B2 ADC36,Investigative,,Undisclosed,Undisclosed,Undisclosed,,,
DRG0PHRYO,US12195552B2 ADC5,Investigative,,Undisclosed,Undisclosed,Undisclosed,,,
DRG0PIMMT,CN110997010A ADC-26,Investigative,,Anti-HER2 mAb,Undisclosed,CN110997010A ADC-26 linker,ANI0YQQFV,,LIN0SVDBQ
DRG0PJCUW,aHer2- (AL7-LP5D),Investigative,,Undisclosed,aHer2- (AL7-LP5D),aHer2- (AL7-LP12),,PAY0SIOMR,LIN0TBFTZ
DRG0PKVXH,HER2-L079-027,Investigative,,Undisclosed,Undisclosed,Undisclosed,,,
DRG0PLJHI,CN110997010A ADC-22,Investigative,,Anti-HER2 mAb,Undisclosed,CN110997010A ADC-22 linker,ANI0YQQFV,,LIN0HYCJL
DRG0PPEFH,HK40112818A Anti-Her2-AL1- LP23,Investigative,,Undisclosed,Undisclosed,Anti-Her2-AL1- LP23 linker,,,LIN0RGNUP
DRG0PQLUD,HK40112818A Anti-Her2-AL1- LP1,Investigative,,Undisclosed,US12209180B2 P3,Anti-Her2-AL1- LP1 LINKER,,PAY0OZLGQ,LIN0NCHKU
DRG0PRFOF,US12195552B2 ADC13,Investigative,,Undisclosed,Undisclosed,Undisclosed,,,
DRG0PTNBC,HK40112818A Anti-Her2-qLP18,Investigative,,Undisclosed,Undisclosed,Undisclosed,,,
DRG0PUGEX,US12195552B2 ADC37,Investigative,,Undisclosed,Undisclosed,Undisclosed,,,
DRG0PUUMC,WO2024043319A1 78,Investigative,,Undisclosed,Undisclosed,Undisclosed,,,
DRG0PVMUY,HK40112818A Anti-Her2-AL1- LP36,Investigative,,Undisclosed,Undisclosed,Anti-Her2-AL1- LP36 linker,,,LIN0EBHUO
DRG0QBMJI,WO2024118785A3 Lot15,Investigative,,Undisclosed,Undisclosed,Undisclosed,,,
DRG0QBSMF,Her2-L443C 1,Investigative,,Undisclosed,Undisclosed,Undisclosed,,,
DRG0QGCLT,HK40112818A Anti-Her2-AL1- LP24,Investigative,,Undisclosed,Undisclosed,Anti-Her2-AL1- LP24 linker,,,LIN0UIEDB
DRG0QJGDY,SG11202200215QA ADC3,Investigative,,Undisclosed,Active metabolite of irinotecan SN38,SG11202200215QA ADC3 linker,,PAY0ZVBAI,LIN0RKUVV
DRG0QKCSJ,WO2024118785A3 Lot86,Investigative,,Undisclosed,P9,Undisclosed,,PAY0BBLOJ,
DRG0QKNOH,LN401-90-6,Investigative,,Undisclosed,Tubulin inhibitor B,CN114106088A+ADC4+Linker,,PAY0WUTUF,LIN0GGFLU
DRG0QLPKC,Her2-N421C 2.1,Investigative,,Undisclosed,Undisclosed,Undisclosed,,,
DRG0QNQAQ,US20230233540A1+ADC,Investigative,,Undisclosed,Undisclosed,Mc-Gly-Gly-Phe-Gly,,,LIN0ECMCR
DRG0QOPYF,Her2-L398C+L443C,Investigative,,Undisclosed,Undisclosed,Undisclosed,,,
DRG0QTDJA,CN110997010A ADC-32,Investigative,,Anti-HER2 mAb,Undisclosed,CN110997010A ADC-32 linker,ANI0YQQFV,,LIN0CDETL
DRG0QUGSB,HER2-L078-170,Investigative,,Undisclosed,Undisclosed,Undisclosed,,,
DRG0QWRXH,Her2-kappa-K183C+L443C,Investigative,,Undisclosed,Undisclosed,Undisclosed,,,
DRG0QXGSG,JP2025502147A ADC4,Investigative,,Undisclosed,Undisclosed,Undisclosed,,,
DRG0QXZAJ,US12195552B2 ADC47,Investigative,,Undisclosed,Undisclosed,Undisclosed,,,
DRG0QXZUC,HER2-L078-059,Investigative,,Undisclosed,Undisclosed,Undisclosed,,,
DRG0QZSLF,HK40112818A Anti-Her2-LP31,Investigative,,Undisclosed,Undisclosed,Anti-Her2-LP31 linker,,,LIN0PSLXL
DRG0RAYFT,HK40112818A Anti-Her2-AL1- LP41,Investigative,,Undisclosed,Undisclosed,Anti-Her2-AL1- LP40 linker,,,LIN0MTQFT
DRG0RBSIO,HER2-A (Fc null),Investigative,,Undisclosed,TLR7/8 agonist A,Succinimidyl-4-(N-maleimidomethyl)cyclohexane-1-carboxylate (SMCC),,PAY0PMQSD,LIN0EBJON
DRG0RBZJY,WO2024118785A3 Lot87,Investigative,,Undisclosed,P9,Undisclosed,,PAY0BBLOJ,
DRG0RCIID,HER2-L078-065LT,Investigative,,Undisclosed,Undisclosed,Undisclosed,,,
DRG0RDCJJ,CN110997010A ADC-15,Investigative,,Anti-HER2 mAb,Undisclosed,CN110997010A ADC-15 linker,ANI0YQQFV,,LIN0CNONB
DRG0RJFTQ,JP2025502147A ADC5,Investigative,,Undisclosed,Exatecan,Undisclosed,,PAY0LEIGJ,
DRG0RJSRS,CN110997010A ADC-11,Investigative,,Anti-HER2 mAb,Undisclosed,CN110997010A ADC-11 linker,ANI0YQQFV,,LIN0XZBII
DRG0RMWLN,CN114106088A ADC10,Investigative,,Undisclosed,Tubulin inhibitor B,CN114106088A+ADC5+Linker,,PAY0WUTUF,LIN0SOUVM
DRG0RSNLM,aHer2- (AL11a-LP13),Investigative,,Undisclosed,aHer2- (AL6-LP1),aHer2- (AL11a-LP13),,PAY0BNXCL,LIN0RKMHA
DRG0RWEHT,aHer2- (AL6-LP13)n,Investigative,,Undisclosed,DX-8951 derivative (DXd),US20240269308A1 aHer2- (AL6-LP13)n Linker,,PAY0UXDSB,LIN0BPIKG
DRG0RWRCU,WO2024118785A3 Lot72,Investigative,,Undisclosed,Undisclosed,Undisclosed,,,
DRG0RXCJQ,Anti-Her2_AsnAlaPABC_MMAE,Investigative,,Undisclosed,Monomethyl auristatin E,AsnAlaPABC,,PAY0FSXOW,LIN0BYZOL
DRG0RXYIS,US12195552B2 ADC38,Investigative,,Undisclosed,Undisclosed,Undisclosed,,,
DRG0RYMHZ,aHer2- (AL6-LP13),Investigative,,Undisclosed,aHer2- (AL6-LP1),aHer2- (AL6-LP13),,PAY0BNXCL,LIN0MMBGN
DRG0RYTBR,SG11202200215QA ADC4,Investigative,,Undisclosed,Exatecan,SG11202200215QA ADC5 linker,,PAY0LEIGJ,LIN0RJUVP
DRG0RZPIK,US12195552B2 ADC18,Investigative,,Undisclosed,Undisclosed,Undisclosed,,,
DRG0SAJZS,Anti-Her2_ (Q295)_AsnAsnPABC_MMAE,Investigative,,Undisclosed,Monomethyl auristatin E,AsnAsnPABC,,PAY0FSXOW,LIN0OTOEH
DRG0SDLMS,aHer2- (AL7-LP5)n,Investigative,,Undisclosed,CP1436,US20240269308A1 aHer2- (AL7-LP5)n Linker,,PAY0MFEMN,LIN0VHZNZ
DRG0SEABS,US12195552B2 ADC31,Investigative,,Undisclosed,Undisclosed,Undisclosed,,,
DRG0SEJOY,WO2024118785A3 Lot37,Investigative,,Undisclosed,Undisclosed,Undisclosed,,,
DRG0SGNIV,CN110997010A ADC-33,Investigative,,Anti-HER2 mAb,Undisclosed,CN110997010A ADC-33 linker,ANI0YQQFV,,LIN0MQJYW
DRG0SGTNJ,H-3-VcMMAE,Investigative,,Undisclosed,Undisclosed,Undisclosed,,,
DRG0SHEZD,Her2-kappa-A111C+K392C,Investigative,,Undisclosed,Undisclosed,Undisclosed,,,
DRG0SHKUO,aHer2- (AL7-LP1)n,Investigative,,Undisclosed,DX-8951 derivative (DXd),US20240269308A1 aHer2- (AL6-LP1)n Linker,,PAY0UXDSB,LIN0HITPJ
DRG0SIQDO,HK40112818A Anti-Her2-AL1- LP9,Investigative,,Undisclosed,US12209180B2 P3,Anti-Her2-AL1- LP9 LINKER,,PAY0OZLGQ,LIN0YWLUJ
DRG0SOFBE,HK40112818A Anti-Her2-AL1- LP35,Investigative,,Undisclosed,Undisclosed,Anti-Her2-AL1- LP35 LINKER linker,,,LIN0HBIXZ
DRG0SPCPI,FGFR2b-1-AL1- LP38,Investigative,,Undisclosed,Undisclosed,Anti-Her2-AL1- LP38 linker,,,LIN0SPLLV
DRG0SPKLE,HK40112818A Anti-Her2-AL1- LP20,Investigative,,Undisclosed,US12209180B2 P3,Anti-Her2-AL1- LP20 LINKER,,PAY0OZLGQ,LIN0RJDBJ
DRG0SQLYY,WO2024118785A3 Lot82,Investigative,,Undisclosed,P9,Undisclosed,,PAY0BBLOJ,
DRG0SRCZH,CN110997010A ADC-28,Investigative,,Anti-HER2 mAb,Undisclosed,CN110997010A ADC-6 linker,ANI0YQQFV,,LIN0QDAWM
DRG0STOPJ,aHer2- (AL7-LP12)n,Investigative,,Undisclosed,CP1436,US20240269308A1 aHer2- (AL7-LP5)n Linker,,PAY0MFEMN,LIN0VHZNZ
DRG0SVJUU,Her2-Q347C,Investigative,,Undisclosed,Undisclosed,Undisclosed,,,
DRG0SWSMG,HER2-L078-163,Investigative,,Undisclosed,Undisclosed,Undisclosed,,,
DRG0SWVOU,Ab[AL- LP2] 4,Investigative,,Undisclosed,Exatecan,Undisclosed,,PAY0LEIGJ,
DRG0SXOVQ,US12195552B2 ADC6,Investigative,,Undisclosed,Undisclosed,Undisclosed,,,
DRG0SYJOM,Ab[AL- LP1] 4,Investigative,,Undisclosed,Exatecan,Undisclosed,,PAY0LEIGJ,
DRG0SYJZJ,Her2-E380C 1.9,Investigative,,Undisclosed,Undisclosed,Undisclosed,,,
DRG0SZZGI,US12195552B2 ADC30,Investigative,,Undisclosed,Undisclosed,Undisclosed,,,
DRG0TAMDX,CN110997010A ADC-9,Investigative,,Anti-HER2 mAb,Undisclosed,CN110997010A ADC-9 linker,ANI0YQQFV,,LIN0ORTQY
DRG0TEUJL,aHer2- (AL7-LP7)n,Investigative,,Undisclosed,CP1411,US20240269308A1 aHer2- (AL6-LP1)n Linker,,PAY0ZRQDC,LIN0HITPJ
DRG0THABB,US12195552B2 ADC4,Investigative,,Undisclosed,Undisclosed,Undisclosed,,,
DRG0TJGNW,WO2024118785A3 Lot90,Investigative,,Undisclosed,Undisclosed,Undisclosed,,,
DRG0TJIJQ,CN114106088A ADC8,Investigative,,Undisclosed,Tubulin inhibitor B,CN114106088A+ADC3+Linker,,PAY0WUTUF,LIN0WAMNP
DRG0TJRYP,Anti-HER-N297Q-Ex27,Investigative,,Undisclosed,Undisclosed,Undisclosed,,,
DRG0TNCQP,Control-AL1- LP28,Investigative,,Undisclosed,Undisclosed,Anti-Her2-AL1- LP28 linker,,,LIN0FUEPN
DRG0TQEMF,CA2975383C example23,Investigative,,Undisclosed,Tubulin inhibitor A,Undisclosed,,PAY0KTZFP,
DRG0TQXYY,SG11202200215QA ADC5,Investigative,,Undisclosed,DX-8951 derivative (DXd),SG11202200215QA ADC5 linker,,PAY0UXDSB,LIN0RJUVP
DRG0TXMRQ,HK40112818A Anti-Her2-LP16,Investigative,,Undisclosed,US12209180B2 P3,Anti-Her2-LP16 linker,,PAY0OZLGQ,LIN0ICFZO
DRG0UBEXF,Ab[AL2- LP17],Investigative,,Undisclosed,DX-8951 derivative (DXd),Undisclosed,,PAY0UXDSB,
DRG0UBOTO,WO2021260582A1 ADC-1,Investigative,,Undisclosed,Exatecan,Mc-Gly-Gly-Phe-Gly,,PAY0LEIGJ,LIN0ECMCR
DRG0UCOHX,SG11202200215QA ADC2,Investigative,,Undisclosed,MK4827,SG11202200215QA ADC5 linker,,PAY0CGHRL,LIN0RJUVP
DRG0UDDMD,aHer2- (AL7-LP12),Investigative,,Undisclosed,aHer2- (AL7-LP12),aHer2- (AL7-LP12),,PAY0OTRPA,LIN0TBFTZ
DRG0UDLRJ,HER2-L078-123,Investigative,,Undisclosed,Undisclosed,Undisclosed,,,
DRG0UFFAP,Isotype Control Ab,Investigative,,Undisclosed,Undisclosed,Undisclosed,,,
DRG0UGOXA,WO2024118785A3 Lot89,Investigative,,Undisclosed,Undisclosed,Undisclosed,,,
DRG0UIRNI,HER2-L079-040,Investigative,,Undisclosed,Undisclosed,Undisclosed,,,
DRG0UJDYD,JP2025502147A aHer2 Ab,Investigative,,Undisclosed,Undisclosed,Undisclosed,,,
DRG0ULATW,TW202500135A-1,Investigative,,Undisclosed,TW202500135A-1 payload,Mc-Gly-Gly-Phe-Gly,,PAY0RNTAQ,LIN0ECMCR
DRG0ULZKD,JP2025502147A ADC3,Investigative,,Undisclosed,Undisclosed,Undisclosed,,,
DRG0UMVXM,US12195552B2 ADC28,Investigative,,Undisclosed,Undisclosed,Undisclosed,,,
DRG0UNTLT,US12195552B2 ADC7,Investigative,,Undisclosed,Undisclosed,Undisclosed,,,
DRG0UPGVR,WO2024118785A3 Lot44,Investigative,,Undisclosed,Undisclosed,Undisclosed,,,
DRG0UQRTK,Mm-C6-Val-Cit-PAB-MMAE,Investigative,,Undisclosed,Monomethyl auristatin E,Mm-C6-Val-Cit-PAB,,PAY0FSXOW,LIN0WVXFH
DRG0UTNDX,CN110997010A ADC-30,Investigative,,Anti-HER2 mAb,Undisclosed,CN110997010A ADC-8 linker,ANI0YQQFV,,LIN0KMNRX
DRG0UYZHM,CA2975383C example22,Investigative,,Undisclosed,Tubulin inhibitor A,Undisclosed,,PAY0KTZFP,
DRG0VARHQ,WO2024138000A1 aHer2 Ab,Investigative,,Undisclosed,Undisclosed,Undisclosed,,,
DRG0VFAYM,Ab[AL2- LP1] 4,Investigative,,Undisclosed,Exatecan,Undisclosed,,PAY0LEIGJ,
DRG0VGFAE,Her2-kappa-K149C,Investigative,,Undisclosed,Undisclosed,Undisclosed,,,
DRG0VJTWA,US12195552B2 ADC17,Investigative,,Undisclosed,Undisclosed,Undisclosed,,,
DRG0VNZUH,WO2024118785A3 Lot25,Investigative,,Undisclosed,Undisclosed,Undisclosed,,,
DRG0VQNRL,aHer2- (AL7-LP5D)n,Investigative,,Undisclosed,CP1436,US20240269308A1 aHer2- (AL7-LP5D)n Linker,,PAY0MFEMN,LIN0XCJLG
DRG0VSIQK,aHer2- (AL7),Investigative,,Undisclosed,Undisclosed,Undisclosed,,,
DRG0VTUKH,Control-AL1- LP1,Investigative,,Undisclosed,US12209180B2 P3,Anti-Her2-AL1- LP1 LINKER,,PAY0OZLGQ,LIN0NCHKU
DRG0VVWIT,HK40112818A Anti-Her2-AL1- LP32,Investigative,,Undisclosed,Undisclosed,Anti-Her2-AL1- LP32 linker,,,LIN0HIEXH
DRG0VXQHD,Ab[AL- LP9],Investigative,,Undisclosed,DX-8951 derivative (DXd),Undisclosed,,PAY0UXDSB,
DRG0VZOKC,CA2975383C example65,Investigative,,Undisclosed,Tubulin inhibitor C,Undisclosed,,PAY0PQZBT,
DRG0WFIFO,H-4-VcMMAE,Investigative,,Undisclosed,Undisclosed,Undisclosed,,,
DRG0WGAUM,WO2024118785A3 Lot81,Investigative,,Undisclosed,Undisclosed,Undisclosed,,,
DRG0WHYXU,Control-AL1- LP38,Investigative,,Undisclosed,Undisclosed,Anti-Her2-AL1- LP38 linker,,,LIN0SPLLV
DRG0WJMYR,aHer2- (BL1-LP13),Investigative,,Undisclosed,aHer2- (AL6-LP1),aHer2- (BL1-LP13),,PAY0BNXCL,LIN0MUGER
DRG0WJZNC,Her2-kappa-A111C+L443C,Investigative,,Undisclosed,Undisclosed,Undisclosed,,,
DRG0WJZOD,Ab[AL- LP8],Investigative,,Undisclosed,Exatecan,Undisclosed,,PAY0LEIGJ,
DRG0WLLEQ,JY201b,Investigative,,Undisclosed,Undisclosed,Mc-Val-Cit-PABC,,,LIN0SQEDQ
DRG0WMABI,WO2024118785A3 Lot32,Investigative,,Undisclosed,Undisclosed,Undisclosed,,,
DRG0WPGDZ,aHer2 2- (Mc-GGFG-DXD),Investigative,,Undisclosed,DX-8951 derivative (DXd),Mc-Gly-Gly-Phe-Gly,,PAY0UXDSB,LIN0ECMCR
DRG0WQPMQ,Her2-Y373C 1.9,Investigative,,Undisclosed,Undisclosed,Undisclosed,,,
DRG0WRGXE,aHer2- (AL7-LP5D),Investigative,,Undisclosed,aHer2- (AL7-LP5D),aHer2- (AL7-LP12),,PAY0SIOMR,LIN0TBFTZ
DRG0WUOSH,US12195552B2 ADC23,Investigative,,Undisclosed,Undisclosed,Undisclosed,,,
DRG0WZKYB,WO2024118785A3 Lot83,Investigative,,Undisclosed,P9,Undisclosed,,PAY0BBLOJ,
DRG0XAFUW,aHer2- (AL11a-LP1)n,Investigative,,Undisclosed,DX-8951 derivative (DXd),US20240269308A1 aHer2- (AL6-LP1)n Linker,,PAY0UXDSB,LIN0HITPJ
DRG0XBADS,CA2975383C example24,Investigative,,Undisclosed,CA2975383C example24 payload,Undisclosed,,PAY0IZFJO,
DRG0XDCGW,aHer2- (BL1-LP1),Investigative,,Undisclosed,aHer2- (AL6-LP1),aHer2- (BL1-LP1),,PAY0BNXCL,LIN0PJPWF
DRG0XFHCN,Her2-L443C 2,Investigative,,Undisclosed,Undisclosed,Undisclosed,,,
DRG0XGIMW,Anti-Her2_ValCitPABC_MMAE,Investigative,,Undisclosed,Monomethyl auristatin E,Mc-Val-Cit-PABC,,PAY0FSXOW,LIN0SQEDQ
DRG0XHBLM,US12195552B2 ADC15,Investigative,,Undisclosed,Undisclosed,Undisclosed,,,
DRG0XHFXJ,Control-AL1- LP22,Investigative,,Undisclosed,US12209180B2 P3,Anti-Her2-AL1- LP22 linker,,PAY0OZLGQ,LIN0JXDIM
DRG0XHJZV,SG11202200215QA ADC1,Investigative,,Undisclosed,Ceritinib,SG11202200215QA ADC5 linker,,PAY0MMXXU,LIN0RJUVP
DRG0XIXQA,aHer2- (AL7-LP4)n,Investigative,,Undisclosed,CP1409,US20240269308A1 aHer2- (AL6-LP1)n Linker,,PAY0WCQQJ,LIN0HITPJ
DRG0XJZSK,aHer2 3- (Mc-GGFG-DXD),Investigative,,Undisclosed,DX-8951 derivative (DXd),Mc-Gly-Gly-Phe-Gly,,PAY0UXDSB,LIN0ECMCR
DRG0XLDXR,Mm-C6-Val-Ala-PAB-MMAE,Investigative,,Undisclosed,Monomethyl auristatin E,Mm-C6-Val-Ala-PAB,,PAY0FSXOW,LIN0CGPBT
DRG0XMAIA,aHer2 3- (Mc-GGFG-DXD),Investigative,,Undisclosed,DX-8951 derivative (DXd),Mc-Gly-Gly-Phe-Gly,,PAY0UXDSB,LIN0ECMCR
DRG0XOESP,CA2975383C example21,Investigative,,Undisclosed,Tubulin inhibitor A,Undisclosed,,PAY0KTZFP,
DRG0XQOME,Control-AL1- LP24,Investigative,,Undisclosed,Undisclosed,Anti-Her2-AL1- LP24 linker,,,LIN0UIEDB
DRG0XRJIJ,JP2025502147A ADC8,Investigative,,Undisclosed,Exatecan,Undisclosed,,PAY0LEIGJ,
DRG0XSVOF,US12195552B2 ADC43,Investigative,,Undisclosed,Undisclosed,Undisclosed,,,
DRG0XUGPF,JP2025502147A ADC2,Investigative,,Undisclosed,Undisclosed,Undisclosed,,,
DRG0XWFYU,Anti-Her2_ (Q295)_AsnAlaPABC_MMAE,Investigative,,Undisclosed,Monomethyl auristatin E,AsnAlaPABC,,PAY0FSXOW,LIN0BYZOL
DRG0XYKWZ,HK40112818A Anti-Her2-AL1- LP34,Investigative,,Undisclosed,Undisclosed,Anti-Her2-AL1- LP32 linker,,,LIN0HIEXH
DRG0XYQDV,aHer2- (AL11a-LP15)n,Investigative,,Undisclosed,DX-8951 derivative (DXd),US20240269308A1 aHer2- (AL6-LP15)n Linker,,PAY0UXDSB,LIN0XUXHP
DRG0YBHWH,WO2024118785A3 Lot28,Investigative,,Undisclosed,P9,Undisclosed,,PAY0BBLOJ,
DRG0YBTPJ,HER2-L081-036,Investigative,,Undisclosed,Undisclosed,Undisclosed,,,
DRG0YFHTG,HK40112818A Anti-Her2-AL1- LP26,Investigative,,Undisclosed,Undisclosed,Anti-Her2-AL1- LP26 linker,,,LIN0CZEKQ
DRG0YLUPG,HK40112818A Anti-Her2-BL2- LP38,Investigative,,Undisclosed,Undisclosed,Anti-Her2-AL1- LP38 linker,,,LIN0SPLLV
DRG0YNERC,H-4-MMAF,Investigative,,Undisclosed,Undisclosed,Undisclosed,,,
DRG0YNTBE,US12195552B2 ADC1,Investigative,,Undisclosed,Undisclosed,Undisclosed,,,
DRG0YPJCI,HK40112818A Anti-Her2-AL1- LP4,Investigative,,Undisclosed,US12209180B2 P3,Anti-Her2-AL1- LP4 LINKER,,PAY0OZLGQ,LIN0PIFFL
DRG0YPPWA,HER2-SET0218 (1),Investigative,,Undisclosed,Undisclosed,Undisclosed,,,
DRG0YRMFZ,Her2-kappa-K183C,Investigative,,Undisclosed,Undisclosed,Undisclosed,,,
DRG0YSZMZ,Ab[AL- LP8] 4,Investigative,,Undisclosed,Exatecan,Undisclosed,,PAY0LEIGJ,
DRG0YTHPZ,HER2-Dxd,Investigative,,Undisclosed,DX-8951 derivative (DXd),Undisclosed,,PAY0UXDSB,
DRG0YYSNS,aHer2- (AL11a),Investigative,,Undisclosed,Undisclosed,Undisclosed,,,
DRG0ZADAR,Mf-C6-Val-Ala-PAB-MMAE,Investigative,,Undisclosed,Monomethyl auristatin E,Mm-C6-Val-Ala-PAB,,PAY0FSXOW,LIN0CGPBT
DRG0ZBRHZ,aHer2- (AL4c-LP1B),Investigative,,Undisclosed,aHer2- (AL4c-LP1B),aHer2- (AL4c-LP1B),,PAY0HFBIY,LIN0RBQFR
DRG0ZCEDO,HER2-STINGa,Investigative,,Undisclosed,STINGa,Undisclosed,,PAY0EIBYC,
DRG0ZFIAY,CA2975383C example16,Investigative,,Undisclosed,Tubulin inhibitor A,Undisclosed,,PAY0KTZFP,
DRG0ZIJXZ,US12195552B2 ADC24,Investigative,,Undisclosed,Undisclosed,Undisclosed,,,
DRG0ZOMYV,aHer2- (AL6-LP15)n,Investigative,,Undisclosed,DX-8951 derivative (DXd),US20240269308A1 aHer2- (AL6-LP15)n Linker,,PAY0UXDSB,LIN0XUXHP
DRG0ZPNEU,aHer2- (AL11a-LP13)n,Investigative,,Undisclosed,DX-8951 derivative (DXd),US20240269308A1 aHer2- (AL6-LP13)n Linker,,PAY0UXDSB,LIN0BPIKG
DRG0ZQDIT,aHer2- (AL7-LP7),Investigative,,Undisclosed,aHer2- (AL7-LP7),aHer2- (AL7-LP2),,PAY0EIKEW,LIN0RIOOO
DRG0ZTRXY,HK40112818A Anti-Her2-LP21,Investigative,,Undisclosed,Undisclosed,Anti-Her2-LP21 linker,,,LIN0EIZDA
DRG0ZVTPQ,US12195552B2 ADC48,Investigative,,Undisclosed,Undisclosed,Undisclosed,,,
DRG0ZVWBT,BR122024023391 antibody-drug conjugate (1),Investigative,,Undisclosed,Undisclosed,Undisclosed,,,
DRG0ZYUDD,Mf-C6-Val-Cit-PAB-MMAE,Investigative,,Undisclosed,Monomethyl auristatin E,Mf-C6-Val-Cit-PAB,,PAY0FSXOW,LIN0CGZWV
